1311867170.494139 0.00349518 0.00175971 0.00297841 0.00107785 -0.00046669 0.0017335 0.999998
1311867170.526429  0.0108117 0.00381493 0.00543882 0.00241437 0.00107174 0.00249488 0.999993
1311867170.562349  0.0103063 0.00471521 0.00982432 0.0045358 0.0049407 0.00208663 0.999975
1311867170.594217  0.0159008 0.00686014 0.00891029 0.0068602 0.00631711 0.00100115 0.999956
1311867170.626087 0.00609887 0.00820816  0.0110794 0.00839213 0.0124031 0.00262818 0.999884
1311867170.662140 0.00772749 0.00957685  0.0118274 0.00940378 0.0125483 0.00352865 0.999871
1311867170.694205 0.00700781  0.0100429  0.0133359 0.0102774 0.0132293 0.00613043 0.999841
1311867170.726388 0.00896718  0.0107682  0.0150887 0.0117999 0.0124596 0.00750769 0.999825
1311867170.762019 0.00909165  0.0117386  0.0153612 0.0112076 0.0153794 0.00665311 0.999797
1311867170.794192 0.00593442  0.0132189  0.0175397 0.010151 0.0197088 0.0044026 0.999745
1311867170.826282 0.00242713  0.0169684  0.0155863 0.00822949 0.0235396 0.0030828 0.999684
1311867170.862221 0.00234284  0.0185076  0.0179097 0.00519078 0.024602 0.00328602 0.999678
1311867170.894378 0.00419216  0.0199017  0.0208144 0.00257504 0.0239938 0.00374435 0.999702
1311867170.926352 0.00514753  0.0207132  0.0219512 -0.000271217 0.022398 0.00607263 0.999731
1311867170.962147 0.00691077  0.0244049  0.0251642 -0.00160431 0.0218018 0.00821023 0.999727
1311867170.994263  0.008118 0.0266989 0.0290746 -0.00264624 0.0224665 0.00967741 0.999697
1311867171.026274 0.00907362  0.0299386  0.0295104 -0.00313254 0.0215387 0.0114685 0.999697
1311867171.062352 0.00254866  0.0322704  0.0324928 -0.00570109 0.0250342 0.0123279 0.999594
1311867171.094235 0.00307875  0.0327203   0.038421 -0.00771695 0.0252132 0.0116114 0.999585
1311867171.126251 0.00857394  0.0360845  0.0381292 -0.00820347 0.023449 0.0102115 0.999639
1311867171.162247 0.00398212  0.0347609  0.0416151 -0.011325 0.0275141 0.00791174 0.999526
1311867171.194269 0.00624793  0.0323243   0.045567 -0.0130583 0.0271982 0.00654009 0.999523
1311867171.226253 -0.000720787    0.0313397    0.0463104 -0.0138644 0.0274422 0.0059202 0.99951
1311867171.262244 -0.00900127   0.0286272   0.0516034 -0.0148262 0.0269179 0.00771127 0.999498
1311867171.294341 -0.00654833   0.0247213   0.0555474 -0.0140341 0.0202915 0.011342 0.999631
1311867171.326387 -0.0108588  0.0227213  0.0562429 -0.0130153 0.0160258 0.0149325 0.999675
1311867171.362246 -0.00282187   0.0223141   0.0567618 -0.0112953 0.00953119 0.018162 0.999726
1311867171.394143 0.00161214  0.0226344  0.0587046 -0.00777937 0.00600937 0.0177683 0.999794
1311867171.426288 0.0046489 0.0268541  0.051524 -0.00561457 0.00528079 0.019499 0.99978
1311867171.462244 -0.00327852   0.0253558   0.0531401 -0.00713448 0.00912732 0.0211993 0.999708
1311867171.494404 0.00236991  0.0267088  0.0555197 -0.00654395 0.00679181 0.022067 0.999712
1311867171.526178 0.00408235  0.0276669  0.0573947 -0.00673716 0.00716895 0.0215529 0.999719
1311867171.562297 0.00659513  0.0266512  0.0603154 -0.00771166 0.0082822 0.0223201 0.999687
1311867171.594293 0.00917673  0.0258701  0.0609015 -0.00713031 0.00646755 0.0240312 0.999665
1311867171.626340 0.0116838 0.0273577 0.0599436 -0.00679365 0.00547674 0.026063 0.999622
1311867171.662256 0.0146937 0.0283769 0.0590768 -0.00733922 0.00577599 0.0286077 0.999547
1311867171.694344 0.0172926 0.0266839 0.0623614 -0.00804222 0.00734262 0.028124 0.999545
1311867171.726244  0.015631 0.0265464 0.0642476 -0.00852524 0.0116553 0.0260463 0.999556
1311867171.762119 0.0138448 0.0274283 0.0642973 -0.00921677 0.0155808 0.0251206 0.999521
1311867171.794171 0.0142087 0.0282151 0.0643385 -0.0105011 0.0177147 0.0260428 0.999449
1311867171.826255 0.0194844 0.0313986 0.0638064 -0.0100583 0.0162095 0.0279695 0.999427
1311867171.862359 0.0188569 0.0358191 0.0646728 -0.0094216 0.0178652 0.0284197 0.999392
1311867171.894443 0.0181014  0.033369 0.0689054 -0.011065 0.0218187 0.0292813 0.999272
1311867171.926222 0.0193479 0.0339701 0.0714063 -0.0105021 0.0243142 0.0292862 0.99922
1311867171.962467 0.0229087 0.0337479 0.0709054 -0.0100754 0.0260507 0.0299325 0.999162
1311867171.994671 0.0259646 0.0332037 0.0712981 -0.0086573 0.0273038 0.0317528 0.999085
1311867172.026268 0.0315105 0.0332781 0.0709265 -0.00691865 0.0278916 0.0326035 0.999055
1311867172.062288 0.0361211   0.03259 0.0712095 -0.00469128 0.0289692 0.0321857 0.999051
1311867172.094196 0.0370375 0.0325154 0.0694251 -0.00304174 0.0313827 0.0318138 0.998996
1311867172.126369  0.038514 0.0327467 0.0692999 -0.00150973 0.0341707 0.0299314 0.998967
1311867172.162335 0.0405269 0.0319061 0.0670664 -0.000926582 0.0369586 0.0281384 0.99892
1311867172.194427 0.0434826 0.0315087 0.0662241 0.000294394 0.0388888 0.0269071 0.998881
1311867172.226441 0.0458648 0.0330368 0.0630267 0.00227708 0.0401467 0.0264931 0.99884
1311867172.262228  0.045825 0.0331762 0.0627229 0.00419719 0.0411977 0.0263583 0.998794
1311867172.294483 0.0497338    0.0334 0.0593239 0.00552016 0.0396184 0.0273792 0.998824
1311867172.326338 0.0486957 0.0345066 0.0590755 0.00723165 0.0412709 0.0272247 0.998751
1311867172.362401 0.0481784 0.0359123 0.0598201 0.00870618 0.0433935 0.0264218 0.998671
1311867172.394289 0.0534693 0.0364628 0.0585592 0.00951501 0.0442206 0.0251707 0.998659
1311867172.426522 0.0533938 0.0407562 0.0565031 0.0111324 0.047255 0.0242261 0.998527
1311867172.462350 0.0493047  0.036983 0.0585414 0.0100984 0.0502823 0.0247326 0.998378
1311867172.495267 0.0512393 0.0354329  0.060137 0.0105958 0.0486388 0.0245205 0.998459
1311867172.526306 0.0500562  0.039783 0.0589511 0.011375 0.0506631 0.0250926 0.998336
1311867172.562493 0.0522368 0.0373798 0.0606412 0.0101521 0.0515281 0.0264448 0.99827
1311867172.594544 0.0574148 0.0363883 0.0594208 0.0103808 0.0498321 0.0270574 0.998337
1311867172.626370  0.057909 0.0360756  0.061088 0.0107631 0.0508306 0.0268682 0.998288
1311867172.662442 0.0580337 0.0349016 0.0603719 0.0112574 0.0520406 0.0273241 0.998208
1311867172.694545 0.0556311 0.0341632 0.0597174 0.0118106 0.0526633 0.0284584 0.998137
1311867172.726393 0.0616398 0.0348365 0.0607748 0.0134395 0.0500989 0.0303877 0.998191
1311867172.762374 0.0625381 0.0373677 0.0613262 0.0160894 0.0502458 0.0317141 0.998104
1311867172.794451 0.0616859 0.0352519 0.0632311 0.0161036 0.052801 0.03339 0.997917
1311867172.826309 0.0642679 0.0362403 0.0628578 0.0171457 0.0537788 0.0351908 0.997785
1311867172.863231 0.0660829 0.0361211 0.0622406 0.0170764 0.0547828 0.0364897 0.997685
1311867172.894465 0.0704222 0.0392536 0.0606043 0.0182836 0.0549281 0.0369855 0.997638
1311867172.926322 0.0711478 0.0370852 0.0614944 0.0167919 0.0570309 0.0370482 0.997543
1311867172.962331  0.071229   0.03756 0.0615674 0.016432 0.0580537 0.0368792 0.997497
1311867172.994527   0.07426 0.0391024 0.0608953 0.0167228 0.0574697 0.0361979 0.997551
1311867173.026263  0.075862 0.0402208 0.0618537 0.0169933 0.0579379 0.0343722 0.997584
1311867173.062463 0.0764402 0.0405474 0.0613539 0.0169782 0.0579838 0.032886 0.997631
1311867173.094518 0.0778708 0.0403821 0.0611202 0.0167339 0.057934 0.0312814 0.99769
1311867173.126782 0.0763618 0.0402271 0.0637625 0.0168556 0.0604253 0.0302369 0.997572
1311867173.162231 0.0811401 0.0400365 0.0654131 0.0178663 0.0594864 0.0292683 0.99764
1311867173.194301 0.0841496 0.0404094 0.0637395 0.0190115 0.0594079 0.0288414 0.997636
1311867173.226445 0.0832217  0.040048 0.0644029 0.0195122 0.0616007 0.0288725 0.997492
1311867173.262202 0.0853829 0.0396846 0.0650592 0.0206569 0.0620679 0.0286889 0.997446
1311867173.294268 0.0872808 0.0401568 0.0637263 0.0219418 0.0627683 0.0288058 0.997371
1311867173.326288 0.0860853 0.0401776 0.0624096 0.0223155 0.0639633 0.0300242 0.997251
1311867173.362328 0.0880961 0.0415734  0.060698 0.0231987 0.064143 0.0315732 0.997171
1311867173.394287  0.090558 0.0430169 0.0610853 0.024025 0.0648951 0.0323745 0.997077
1311867173.426279 0.0938021 0.0456213 0.0587642 0.0243037 0.0656101 0.032291 0.997027
1311867173.462290 0.0969257 0.0467243 0.0582656 0.0244118 0.0666631 0.0316293 0.996975
1311867173.494339 0.0956172 0.0484424 0.0562712 0.0244524 0.0680334 0.0314346 0.996888
1311867173.526390 0.0963773 0.0486287 0.0561671 0.0242216 0.0682389 0.032071 0.996859
1311867173.562437   0.10234 0.0497336 0.0553209 0.02532 0.0660339 0.0328107 0.996956
1311867173.594311  0.105983 0.0533753 0.0522218 0.0269431 0.0650842 0.0341786 0.99693
1311867173.626396  0.109671 0.0536082 0.0499796 0.0262682 0.0654287 0.0354573 0.996881
1311867173.662330  0.112978 0.0532979  0.051105 0.0259022 0.0648307 0.0352842 0.996936
1311867173.694354  0.113314 0.0546994 0.0501859 0.0258064 0.0647498 0.0345812 0.996968
1311867173.726797   0.11307 0.0528485 0.0517556 0.0239646 0.0662903 0.0358762 0.996867
1311867173.762397  0.111904 0.0478151 0.0573904 0.0224913 0.0670106 0.0362634 0.996839
1311867173.794356  0.110607 0.0481034 0.0591399 0.0230301 0.0671902 0.0363251 0.996813
1311867173.826567  0.106886 0.0462318   0.06076 0.0212391 0.0699271 0.0367555 0.996648
1311867173.863580  0.114519 0.0473851 0.0613422 0.0222616 0.0676493 0.0359693 0.996812
1311867173.894608  0.114764 0.0502776 0.0600622 0.0229414 0.0689584 0.0343106 0.996765
1311867173.926697  0.113987 0.0483311 0.0614204 0.0204583 0.073064 0.0331195 0.996567
1311867173.962546  0.119081 0.0473674 0.0665635 0.0209425 0.074042 0.0304926 0.996569
1311867173.994431  0.122455 0.0483538 0.0636749 0.0220699 0.074404 0.028564 0.996575
1311867174.026426  0.117377 0.0477032 0.0645306 0.0213984 0.0785099 0.0289382 0.996263
1311867174.062463  0.119874 0.0453885  0.069791 0.0224541 0.0778954 0.0291615 0.996282
1311867174.094519  0.119378 0.0430114 0.0721418 0.0239622 0.0769104 0.0290771 0.996326
1311867174.126454   0.12453 0.0447303 0.0677682 0.0249518 0.0755656 0.0305216 0.996361
1311867174.162433  0.127749 0.0438687 0.0700617 0.0264852 0.0753398 0.0308119 0.99633
1311867174.194398  0.125832 0.0452564 0.0732813 0.0299671 0.075873 0.0299376 0.996217
1311867174.226758  0.122286 0.0496211 0.0698032 0.032101 0.0785344 0.0305001 0.995928
1311867174.262677 0.119397 0.046886 0.074097 0.0323767 0.0805412 0.03178 0.995718
1311867174.294528  0.117817 0.0468722 0.0762898 0.0341023 0.0795379 0.0328267 0.995707
1311867174.326574  0.121858  0.048289 0.0718434 0.0338186 0.0783936 0.0342148 0.995761
1311867174.362433  0.124331 0.0457346 0.0732511 0.0337037 0.0782495 0.0339999 0.995784
1311867174.394636  0.131247 0.0488392 0.0724837 0.0357649 0.0765868 0.0327184 0.995884
1311867174.426679  0.132872 0.0508322 0.0702047 0.0363635 0.0784033 0.0317161 0.995753
1311867174.463016  0.131065 0.0484451 0.0719441 0.0351711 0.0821329 0.0318793 0.99549
1311867174.494567  0.134582 0.0450422 0.0705254 0.0346264 0.0810742 0.031312 0.995614
1311867174.526752  0.130739 0.0469126 0.0697401 0.0344781 0.0836476 0.0319861 0.995385
1311867174.562350  0.130592  0.041855 0.0716957 0.032991 0.0847021 0.0334193 0.995299
1311867174.594488  0.135277 0.0433243 0.0695478 0.0340321 0.082719 0.0328663 0.995449
1311867174.626546  0.138628 0.0451457 0.0684028 0.0352071 0.0830618 0.0327542 0.995384
1311867174.662491  0.139644 0.0458882 0.0670608 0.035009 0.0851881 0.0332775 0.995193
1311867174.694591  0.146841 0.0450532 0.0656473 0.035943 0.0835585 0.0321405 0.995336
1311867174.726563  0.145155 0.0473949 0.0634867 0.0372577 0.0857738 0.0317027 0.995113
1311867174.762376  0.143958 0.0462028 0.0627947 0.0357615 0.0884101 0.0328734 0.994899
1311867174.794474  0.149814 0.0457963 0.0606738 0.0354097 0.0867552 0.0331197 0.995049
1311867174.827330   0.14916 0.0456544 0.0610901 0.0345146 0.0879054 0.0329501 0.994985
1311867174.862423  0.149151  0.044369 0.0640619 0.0334456 0.0900301 0.0326152 0.994843
1311867174.894420  0.153123 0.0460649 0.0634838 0.034177 0.089548 0.0334803 0.994833
1311867174.926975  0.152949 0.0456998 0.0637178 0.0339988 0.0889686 0.034968 0.99484
1311867174.962643  0.154084 0.0466489  0.063045 0.0331884 0.0880604 0.0365829 0.99489
1311867174.994335    0.1617 0.0439608 0.0636049 0.0315395 0.0866261 0.038593 0.994993
1311867175.026551  0.163069 0.0438516 0.0665538 0.0331482 0.0878114 0.0378679 0.994865
1311867175.063312  0.161131 0.0436976 0.0665623 0.0335973 0.0914946 0.0373122 0.994539
1311867175.094719  0.164752 0.0419405  0.068803 0.034275 0.092595 0.0368991 0.994429
1311867175.126531  0.166438 0.0439961  0.066573 0.0362703 0.0922423 0.0362424 0.994416
1311867175.162518  0.167469 0.0445748 0.0646513 0.0373966 0.0921014 0.0358514 0.994401
1311867175.194640  0.165124 0.0430426 0.0631116 0.0374095 0.0933858 0.0366461 0.994252
1311867175.227005  0.169891 0.0398114 0.0643432 0.0378491 0.0915192 0.0359097 0.994436
1311867175.262467  0.170277 0.0389443 0.0648392 0.039257 0.0922631 0.03351 0.994396
1311867175.294451  0.169943 0.0372238 0.0643357 0.0395619 0.0948017 0.0326505 0.994174
1311867175.326706  0.173232 0.0348632 0.0645439 0.0415016 0.0943904 0.0313292 0.994176
1311867175.362565  0.173822 0.0375858 0.0601751 0.0437693 0.0942599 0.0308495 0.994106
1311867175.394599  0.173367 0.0402794 0.0575156 0.0449178 0.0947462 0.0320793 0.99397
1311867175.426606  0.177881 0.0384699 0.0565221 0.0452423 0.0931635 0.0332039 0.994068
1311867175.462600  0.178972 0.0400747 0.0550522 0.046148 0.0937907 0.0334357 0.99396
1311867175.494573  0.180477 0.0384172  0.055525 0.0458993 0.0961214 0.0341715 0.993723
1311867175.526427  0.179804 0.0374174 0.0538553 0.0457468 0.0970926 0.035585 0.993586
1311867175.562570  0.182531 0.0371419 0.0524177 0.0467083 0.0950122 0.0373441 0.993678
1311867175.594664  0.186279 0.0393807 0.0505643 0.0482844 0.0935207 0.0393684 0.993666
1311867175.626480  0.191225 0.0387236 0.0511146 0.0483432 0.0935481 0.0397854 0.993644
1311867175.662493  0.195468 0.0374385 0.0534799 0.0497166 0.0943647 0.0382548 0.993559
1311867175.694700  0.192976 0.0385587 0.0539452 0.0507161 0.0985923 0.03687 0.993151
1311867175.727312  0.196524 0.0384506 0.0504929 0.0505252 0.0990116 0.0370847 0.993111
1311867175.762497  0.198253 0.0377436 0.0502066 0.0514517 0.0984237 0.0372248 0.993116
1311867175.794862   0.20076 0.0377354 0.0499581 0.0515057 0.0981445 0.0379345 0.993114
1311867175.828797  0.202842 0.0377322 0.0498198 0.0511287 0.0988898 0.0391567 0.993012
1311867175.862552  0.210856  0.039773 0.0490006 0.0523447 0.0980361 0.0375815 0.993094
1311867175.894608  0.208656 0.0394738 0.0502205 0.0525783 0.101439 0.0369631 0.992764
1311867175.928243  0.205851 0.0364995 0.0503546 0.0506646 0.105322 0.0394596 0.992362
1311867175.962937  0.212332 0.0351604  0.049275 0.0498532 0.103975 0.0408645 0.992489
1311867175.998300  0.214655 0.0354124 0.0491148 0.0500704 0.102902 0.0402007 0.992617
1311867176.026851  0.214316 0.0382824 0.0467706 0.0487709 0.103693 0.0396217 0.992622
1311867176.062706   0.21663 0.0384761  0.048851 0.0465486 0.104623 0.038709 0.992668
1311867176.094660  0.220753 0.0372663 0.0473003 0.0444197 0.104039 0.0357827 0.992936
1311867176.126812  0.222022 0.0386991 0.0460983 0.0434806 0.105353 0.0340846 0.992899
1311867176.162590  0.215445 0.0384744 0.0487518 0.0419534 0.108989 0.0343445 0.992563
1311867176.194692  0.213712 0.0350444 0.0522086 0.0404549 0.107984 0.0362623 0.992667
1311867176.226536  0.213895 0.0330914 0.0539518 0.0391671 0.106266 0.038385 0.992824
1311867176.262502  0.217716 0.0366249 0.0502431 0.0382877 0.104429 0.0402088 0.992981
1311867176.294611  0.223522 0.0329226 0.0506419 0.0363839 0.103113 0.0409471 0.99316
1311867176.326602  0.223798  0.035744 0.0524626 0.0385262 0.104342 0.0403423 0.992976
1311867176.362456   0.22337 0.0366633  0.051184 0.0377948 0.106696 0.0403398 0.992754
1311867176.395244  0.223875  0.035285 0.0510625 0.0374733 0.107819 0.0397716 0.992668
1311867176.426836  0.224503 0.0348876 0.0510193 0.0379535 0.107743 0.0397539 0.992658
1311867176.462966  0.222378 0.0368589 0.0502604 0.0382703 0.107795 0.040725 0.992601
1311867176.494581  0.223929 0.0354509 0.0498171 0.0368012 0.107678 0.0419183 0.99262
1311867176.526621  0.227615 0.0314703 0.0525841 0.0361004 0.107859 0.0411721 0.992657
1311867176.563639  0.230914 0.0356215 0.0489586 0.0365876 0.108205 0.0400246 0.992649
1311867176.594609  0.229424 0.0334855 0.0513707 0.0346314 0.111478 0.0402218 0.992349
1311867176.628384  0.235258 0.0346142 0.0495184 0.0346328 0.11087 0.0416893 0.992356
1311867176.662578    0.2331 0.0332144 0.0508621 0.0339027 0.112095 0.0425846 0.992206
1311867176.694518  0.237477 0.0353187 0.0499677 0.0342003 0.111489 0.0429749 0.992247
1311867176.726589  0.239342 0.0363484 0.0497989 0.0344363 0.112246 0.043362 0.992136
1311867176.763233  0.241347 0.0366689 0.0503981 0.0341652 0.113792 0.0430672 0.991983
1311867176.794768  0.240156 0.0343747 0.0521897 0.0334041 0.116279 0.043857 0.991685
1311867176.826677  0.239149  0.034859 0.0502063 0.0327103 0.11747 0.04473 0.991529
1311867176.862731  0.240817 0.0324234 0.0510982 0.0320511 0.117122 0.0454633 0.991558
1311867176.894955  0.241583 0.0346545 0.0503805 0.0327754 0.117893 0.0461143 0.991413
1311867176.926818  0.243295 0.0339697 0.0513548 0.0318462 0.119522 0.0466023 0.991226
1311867176.965061  0.245611 0.0350807 0.0501195 0.0329716 0.120153 0.0467484 0.991106
1311867176.994748 0.243136  0.03482 0.051142 0.0331449 0.122534 0.0472024 0.990787
1311867177.026728  0.243002  0.033041 0.0498144 0.0314893 0.123912 0.0477226 0.990645
1311867177.062634  0.244363 0.0333061 0.0493568 0.0318348 0.124098 0.0476863 0.990612
1311867177.094685  0.241296 0.0333938 0.0505435 0.0320673 0.125378 0.0477517 0.99044
1311867177.126615  0.245056 0.0335632 0.0490238 0.0312536 0.12525 0.0477063 0.990485
1311867177.162730  0.245657 0.0329051 0.0513092 0.0310921 0.127126 0.0478191 0.990245
1311867177.194646  0.246837 0.0318449 0.0506976 0.0310745 0.127796 0.0483017 0.990136
1311867177.226473  0.246343 0.0329661 0.0487655 0.0312661 0.12902 0.0492622 0.989924
1311867177.263864  0.246729 0.0311315 0.0497896 0.0306728 0.129644 0.0502068 0.989814
1311867177.294618  0.246278 0.0319401 0.0505476 0.0304448 0.131242 0.0505874 0.989591
1311867177.327609  0.248354 0.0280176 0.0512973 0.028756 0.131772 0.0518343 0.989506
1311867177.362771   0.24908 0.0291907 0.0499974 0.0293485 0.132117 0.0513473 0.989468
1311867177.394609  0.248226 0.0273469 0.0519302 0.0285712 0.134319 0.0516848 0.989177
1311867177.426748   0.24923 0.0226577   0.05286 0.0273653 0.135792 0.0528377 0.988949
1311867177.462604  0.249969 0.0235408 0.0514035 0.0281998 0.136689 0.0533194 0.988776
1311867177.494643   0.25189  0.026206 0.0489123 0.0293415 0.136568 0.0535037 0.98875
1311867177.527617   0.25619 0.0273033 0.0464112 0.0300745 0.135698 0.0531562 0.988866
1311867177.562640  0.257239 0.0264859 0.0475856 0.0304389 0.13705 0.0525171 0.988703
1311867177.594731  0.257869 0.0265471 0.0467323 0.0299874 0.138169 0.0523422 0.98857
1311867177.631145  0.258067 0.0268635 0.0457486 0.0300862 0.138843 0.0523426 0.988472
1311867177.662483  0.261655 0.0273571 0.0446117 0.0303936 0.138338 0.0516104 0.988572
1311867177.694561  0.262487  0.027172 0.0446728 0.0301113 0.138958 0.0513746 0.988506
1311867177.730584  0.262483  0.026111 0.0460278 0.0306817 0.139815 0.0513238 0.988371
1311867177.762538  0.263189 0.0272838 0.0447882 0.0311935 0.139012 0.0508105 0.988494
1311867177.794559  0.264745 0.0257133  0.046586 0.0306593 0.139024 0.0508703 0.988506
1311867177.830915  0.263435 0.0239699   0.04853 0.0296617 0.140599 0.050478 0.988334
1311867177.862532  0.264189 0.0247565 0.0471238 0.0294947 0.140527 0.0498906 0.988379
1311867177.894692  0.265826 0.0236242 0.0473028 0.0292454 0.13989 0.0492913 0.988507
1311867177.931786  0.263977  0.021637 0.0496799 0.028842 0.140975 0.0497721 0.98834
1311867177.962791   0.26598 0.0217464 0.0483376 0.0282675 0.140202 0.0503869 0.988436
1311867177.994777  0.267796 0.0211428 0.0493916 0.0286447 0.14015 0.0499658 0.988454
1311867178.030610  0.266487 0.0190645 0.0518146 0.0274067 0.142763 0.0492082 0.988153
1311867178.063448  0.267827 0.0174502 0.0518307 0.0261718 0.143916 0.0490672 0.988026
1311867178.095114   0.26624 0.0154549 0.0517861 0.0259823 0.144891 0.0490199 0.987891
1311867178.130791  0.266994 0.0196651 0.0495405 0.0266908 0.145353 0.048956 0.987807
1311867178.162747  0.266995 0.0177844 0.0500824 0.0252026 0.14657 0.0505124 0.987588
1311867178.195046  0.270179 0.0168811 0.0501559 0.0254661 0.146535 0.0502934 0.987598
1311867178.230719  0.272889 0.0208613 0.0495028 0.025956 0.148021 0.0496932 0.987394
1311867178.262894  0.274314 0.0178562 0.0509037 0.0242317 0.149965 0.0506331 0.987096
1311867178.295490  0.278404 0.0201992 0.0488848 0.0253824 0.149872 0.0497063 0.987129
1311867178.330667  0.279498  0.020512 0.0476176 0.0246964 0.151433 0.0493718 0.986925
1311867178.362723  0.281419 0.0164038 0.0497185 0.0236177 0.153358 0.0508464 0.986579
1311867178.394944  0.281641  0.019063 0.0475078 0.0244138 0.154424 0.0510633 0.986382
1311867178.430658  0.281361 0.0170437 0.0464719 0.0238146 0.155422 0.0519437 0.986194
1311867178.462874  0.284558  0.019351 0.0457012 0.0253119 0.154844 0.0524339 0.986222
1311867178.494644  0.284567 0.0187601 0.0463653 0.0246988 0.156194 0.0522116 0.986036
1311867178.530627  0.289709 0.0175726 0.0466733 0.0248548 0.156488 0.0513268 0.986032
1311867178.562642  0.292846 0.0145931  0.046385 0.0246262 0.157647 0.0508237 0.985879
1311867178.594700  0.290515 0.0150511 0.0439709 0.0243067 0.159837 0.0508144 0.985535
1311867178.630690  0.291352 0.0167129 0.0422378 0.0249123 0.159246 0.051411 0.985585
1311867178.662641  0.292454 0.0141161 0.0430221 0.0246448 0.158185 0.053301 0.985662
1311867178.694612  0.296922 0.0175328  0.040298 0.0246628 0.155969 0.0543739 0.985956
1311867178.730745  0.298744 0.0136008 0.0427699 0.0238223 0.155223 0.0551681 0.98605
1311867178.763235  0.300645 0.0153948 0.0436707 0.0249424 0.155233 0.0540828 0.986081
1311867178.800680  0.299719  0.016676 0.0431016 0.0241737 0.156371 0.0533919 0.985958
1311867178.830950  0.300481 0.0119376 0.0457511 0.0236261 0.156038 0.0540527 0.985988
1311867178.862794  0.300219 0.0131074 0.0468601 0.0248029 0.155058 0.053111 0.986165
1311867178.895017  0.302048  0.013032 0.0452949 0.022642 0.153201 0.0539597 0.986461
1311867178.930621   0.298959 0.00845637  0.0501157 0.0208862 0.149863 0.0573876 0.986819
1311867178.962761   0.300724 0.00693306  0.0520339 0.0201612 0.144855 0.059899 0.987432
1311867178.994683  0.306013 0.0117089 0.0499435 0.0206542 0.141918 0.0589437 0.987906
1311867179.030916  0.311435 0.0144925 0.0497844 0.0217042 0.142743 0.055769 0.987949
1311867179.062812  0.315458 0.0151024 0.0479591 0.0217626 0.144585 0.0531062 0.987827
1311867179.096812   0.31349 0.0150747 0.0472103 0.019256 0.145029 0.0549647 0.987712
1311867179.131037  0.313774 0.0104769  0.051455 0.0168598 0.141744 0.0585753 0.988025
1311867179.162754  0.313862 0.0122764 0.0537246 0.0156678 0.139106 0.0596215 0.988357
1311867179.195685  0.315696 0.0137619 0.0532512 0.0136972 0.137928 0.0615194 0.988435
1311867179.230747  0.318341  0.015583 0.0546112 0.0147899 0.138857 0.0604345 0.988356
1311867179.263461  0.318337 0.0147878 0.0567619 0.0137442 0.143352 0.0580632 0.987871
1311867179.295920   0.320792 0.00980843  0.0586642 0.0112525 0.147739 0.0582921 0.987243
1311867179.330715  0.320933 0.0106225  0.057966 0.0121026 0.148943 0.0584579 0.987042
1311867179.362930  0.321982 0.0113511 0.0554643 0.0124483 0.148188 0.0590778 0.987114
1311867179.394849  0.327458 0.0125434 0.0559167 0.0120982 0.148947 0.0580441 0.987066
1311867179.430804   0.329026 0.00674353  0.0601679 0.0105641 0.152531 0.0570461 0.986594
1311867179.463746   0.330964 0.00824638  0.0607966 0.0124967 0.15521 0.0541981 0.986315
1311867179.494947   0.330702 0.00630803  0.0612217 0.0118118 0.157635 0.0551323 0.985886
1311867179.530780   0.333045 0.00515005  0.0603898 0.0128904 0.15747 0.0567865 0.985805
1311867179.562761   0.335564 0.00414766  0.0578299 0.0132447 0.15701 0.0581607 0.985794
1311867179.594674   0.337774 0.00222505  0.0596817 0.0131882 0.158116 0.0592082 0.985556
1311867179.630690     0.339238 -0.000170414    0.0604899 0.0139851 0.160341 0.058021 0.985256
1311867179.662575  0.339842 0.0023013 0.0574147 0.0146842 0.162231 0.0564946 0.985025
1311867179.694605   0.337487 0.00252113  0.0566232 0.015201 0.163638 0.058036 0.984694
1311867179.730947   0.338288 0.00344386  0.0548336 0.0160091 0.163234 0.0575137 0.984779
1311867179.762727   0.338272 0.00580824  0.0513039 0.0156053 0.163535 0.0571579 0.984757
1311867179.794891    0.339028 0.000937633   0.0537341 0.0145094 0.164472 0.0576792 0.984587
1311867179.830753    0.339758 0.000880768   0.0539082 0.0154956 0.165157 0.0552763 0.984595
1311867179.862798   0.338254 0.00226038  0.0536576 0.0153529 0.167561 0.0540213 0.984261
1311867179.894804    0.339011 0.000357447   0.0538871 0.0140904 0.168648 0.0552818 0.984024
1311867179.930905    0.338395 -0.00200062   0.0533129 0.0146082 0.167802 0.0571515 0.984054
1311867179.963493     0.339659 -0.000768721    0.0523132 0.0145391 0.166416 0.0570552 0.984296
1311867179.995888     0.339068 -0.000802001     0.051421 0.0140664 0.166924 0.0579632 0.984164
1311867180.030977    0.338511 -0.00248919   0.0532312 0.0152953 0.168263 0.0577785 0.983928
1311867180.062647    0.337069 -0.00147157   0.0530608 0.0162214 0.169747 0.05627 0.983746
1311867180.094773     0.337571 -0.000334586    0.0517176 0.0170523 0.170408 0.0559003 0.983639
1311867180.130773     0.336187 -0.000701488    0.0491886 0.0174248 0.169505 0.0563661 0.983762
1311867180.163680    0.337487 -0.00089557   0.0505113 0.0173222 0.166594 0.0576562 0.984186
1311867180.194909    0.337076 -0.00363015   0.0528185 0.0163737 0.163932 0.0592394 0.984555
1311867180.230814    0.336803 -0.00376812   0.0542065 0.0159423 0.161616 0.0598438 0.984909
1311867180.263762    0.335817 0.000678327   0.0543157 0.0172467 0.16104 0.0589934 0.985032
1311867180.294755     0.334093 -0.000216487    0.0542431 0.0169478 0.161967 0.0589619 0.984887
1311867180.330867     0.333965 -0.000439465    0.0557469 0.0173413 0.162154 0.0595172 0.984816
1311867180.365820    0.334596 -0.00130725   0.0569496 0.0175861 0.160482 0.0619593 0.984935
1311867180.396166   0.332345 -0.0028908  0.0599193 0.0178454 0.159159 0.0639685 0.985017
1311867180.430915    0.332807 -0.00286552   0.0582538 0.0176441 0.157699 0.0651696 0.985176
1311867180.467067    0.333319 -0.00130608   0.0582086 0.0187676 0.157193 0.0649847 0.985249
1311867180.494756      0.33224 -0.000296834    0.0569489 0.0193137 0.156902 0.0652593 0.985266
1311867180.530888    0.331987 0.000145914   0.0577334 0.0199279 0.156327 0.066263 0.985279
1311867180.562951   0.330808 0.00232089  0.0568227 0.0210845 0.155827 0.0662828 0.985332
1311867180.594691     0.332098 -0.000353225    0.0581307 0.0206419 0.154918 0.0667265 0.985455
1311867180.630813    0.330674 0.000424832   0.0579798 0.0208448 0.155205 0.0670472 0.985384
1311867180.664091     0.330212 -0.000570933    0.0594241 0.0208228 0.155241 0.0675962 0.985341
1311867180.695760    0.328908 3.57578e-05   0.0592579 0.0209041 0.155854 0.0672229 0.985268
1311867180.730974    0.327458 0.000839241    0.058991 0.0219097 0.156613 0.06716 0.98513
1311867180.765038   0.326992 0.00209481  0.0575825 0.0224298 0.157431 0.0670798 0.984994
1311867180.794928   0.326367 0.00244153  0.0573138 0.0227273 0.158079 0.0682833 0.9848
1311867180.830924   0.325964 0.00272314  0.0566602 0.0236203 0.158229 0.0686871 0.984727
1311867180.865254   0.326155 0.00462222  0.0540743 0.023786 0.157725 0.0685251 0.984815
1311867180.896647   0.325305 0.00402725  0.0553684 0.023841 0.157659 0.0693412 0.984768
1311867180.930605   0.325984 0.00320014  0.0550058 0.023445 0.157799 0.0695301 0.984741
1311867180.963183   0.321538 0.00179042  0.0559115 0.0232893 0.159456 0.0701665 0.984433
1311867180.994818   0.321091 0.00261455   0.055461 0.0245546 0.159752 0.06936 0.984411
1311867181.030831  0.319278 0.0032824  0.055084 0.024825 0.160607 0.0687625 0.984307
1311867181.062783   0.318013 0.00169921  0.0557875 0.024368 0.160939 0.0689397 0.984252
1311867181.094872    0.316169 -0.00206569   0.0586529 0.0236355 0.161365 0.068545 0.984228
1311867181.131191    0.313284 -0.00462335   0.0613843 0.0235571 0.161303 0.0681235 0.984269
1311867181.162904    0.312571 -0.00334287   0.0599532 0.023632 0.160307 0.067417 0.984479
1311867181.197251    0.313037 -0.00352426   0.0612495 0.0233346 0.159859 0.0665905 0.984615
1311867181.234246    0.311884 -0.00170797    0.059779 0.0233376 0.159958 0.0657795 0.984653
1311867181.262936    0.312146 -0.00288091   0.0605073 0.0228412 0.160185 0.0660563 0.984609
1311867181.294809    0.312104 -0.00273562   0.0605408 0.0233292 0.159679 0.0659314 0.984688
1311867181.331699    0.311256 -0.00387031   0.0619222 0.0229709 0.159542 0.0671919 0.984634
1311867181.362671    0.310462 -0.00501946   0.0617596 0.0240415 0.158848 0.0681368 0.984656
1311867181.394822    0.309177 -0.00384774   0.0609533 0.0245343 0.159077 0.0666555 0.984708
1311867181.430895    0.307639 -0.00369718   0.0598381 0.0244164 0.160035 0.0664237 0.984571
1311867181.462831    0.308796 -0.00422035   0.0602504 0.0244371 0.158844 0.0645414 0.984889
1311867181.496340    0.308078 -0.00495155   0.0631719 0.0246122 0.157587 0.0627327 0.985203
1311867181.535911   0.303772 -0.0030593  0.0617656 0.0251329 0.158161 0.0615046 0.985175
1311867181.563214    0.302639 -0.00496599   0.0629877 0.02396 0.157936 0.0621592 0.9852
1311867181.594861    0.300845 -0.00773748   0.0668756 0.0236828 0.157991 0.0620514 0.985204
1311867181.630984    0.301515 -0.00630014   0.0653999 0.0242777 0.157537 0.0599056 0.985395
1311867181.662857    0.298064 -0.00461316   0.0643565 0.0239138 0.158654 0.0600602 0.985216
1311867181.694923    0.299595 -0.00609731   0.0662381 0.0238401 0.15737 0.060554 0.985393
1311867181.731083    0.298058 -0.00683242   0.0677736 0.0232713 0.156559 0.060116 0.985563
1311867181.763477    0.294014 -0.00484451   0.0682968 0.022568 0.157388 0.0606723 0.985413
1311867181.794898    0.294752 -0.00503243   0.0686289 0.0226035 0.157005 0.0592814 0.985558
1311867181.830801    0.293064 -0.00440429   0.0695679 0.0222216 0.157643 0.057604 0.985564
1311867181.862798    0.292805 -0.00537744   0.0705137 0.0211366 0.158001 0.0583317 0.985488
1311867181.894929    0.292257 -0.00825668   0.0728766 0.0202519 0.156707 0.0589347 0.985677
1311867181.930799    0.290729 -0.00965752   0.0742626 0.0190191 0.155767 0.0588266 0.985857
1311867181.962919     0.29008 -0.00937527   0.0744605 0.0186559 0.155732 0.0578579 0.985927
1311867181.995551     0.28703 -0.00640816   0.0732375 0.0191784 0.156031 0.0561388 0.985969
1311867182.031939    0.283247 -0.00707288   0.0759649 0.0180386 0.15702 0.0550424 0.985895
1311867182.062900    0.279638 -0.00630349   0.0764723 0.0177608 0.158688 0.0535505 0.985715
1311867182.094884    0.275941 -0.00690789   0.0779495 0.0171724 0.160902 0.0525136 0.985423
1311867182.131453    0.275262 -0.00568772   0.0757452 0.0174209 0.160654 0.0522757 0.985472
1311867182.162992    0.273717 -0.00580746   0.0769694 0.0173968 0.160511 0.0525215 0.985482
1311867182.199442    0.272784 -0.00348139    0.076814 0.017854 0.160044 0.0520731 0.985574
1311867182.230774    0.272095 -0.00494269   0.0787541 0.0172003 0.159172 0.053725 0.985638
1311867182.262912    0.272213 -0.00415194   0.0773421 0.0174377 0.157421 0.0543369 0.985881
1311867182.297304    0.268815 -0.00397537   0.0788603 0.0170804 0.157605 0.0545088 0.985849
1311867182.330846    0.270269 -0.00354623    0.078321 0.0168615 0.156384 0.0552305 0.986007
1311867182.362967   0.268787 -0.0044889  0.0783071 0.016572 0.1559 0.05621 0.986033
1311867182.399028    0.272127 -0.00591394   0.0784953 0.0160257 0.153325 0.0566287 0.986422
1311867182.430812     0.270975 -0.000983271    0.0769742 0.0163288 0.152631 0.0563494 0.98654
1311867182.462944     0.271793 -3.63083e-05    0.0761336 0.0160057 0.15103 0.057544 0.986723
1311867182.496953    0.268046 -0.00340817   0.0778474 0.0137598 0.14949 0.0597685 0.986859
1311867182.530950    0.262653 -0.00425392   0.0819004 0.0116665 0.148295 0.0614507 0.986963
1311867182.562970    0.268688 -0.00423211   0.0798023 0.0108846 0.144673 0.0628751 0.98742
1311867182.603637  0.267357 -0.006025 0.0826616 0.00970353 0.143014 0.0632724 0.987648
1311867182.630845   0.267425 -0.0053794  0.0844923 0.0087954 0.141596 0.0630413 0.987876
1311867182.663572    0.270023 -0.00438372   0.0836024 0.0088806 0.140152 0.0622097 0.988134
1311867182.696991    0.263785 -0.00762159   0.0869943 0.00766081 0.140599 0.0625025 0.988062
1311867182.733050    0.261753 -0.00737651   0.0879202 0.00698089 0.139086 0.0631097 0.988243
1311867182.763107    0.260367 -0.00605824   0.0876906 0.00735927 0.137657 0.0637268 0.9884
1311867182.797044    0.258719 -0.00883297    0.090145 0.0063558 0.136328 0.0644849 0.988542
1311867182.830690    0.258494 -0.00774974   0.0902056 0.00623987 0.135121 0.0645344 0.988706
1311867182.864091    0.256228 -0.00601144   0.0901826 0.00710713 0.135695 0.0636811 0.988676
1311867182.896985    0.254921 -0.00648396   0.0901909 0.0071994 0.136241 0.0626277 0.988668
1311867182.931887    0.254311 -0.00726841    0.091713 0.00816904 0.136794 0.0619092 0.988629
1311867182.963056    0.252996 -0.00668273   0.0937236 0.009802 0.136824 0.0615216 0.988635
1311867182.998350    0.249818 -0.00848631   0.0955679 0.00968715 0.137082 0.0613013 0.988614
1311867183.030883    0.247683 -0.00928189   0.0960273 0.00942127 0.137079 0.0612399 0.98862
1311867183.062860    0.246489 -0.00974159   0.0969738 0.0101295 0.136777 0.0612978 0.988652
1311867183.100040    0.245524 -0.00872584   0.0958022 0.0103066 0.136065 0.0616807 0.988724
1311867183.134468   0.242752 -0.0110958  0.0994248 0.00972011 0.13678 0.0617375 0.988628
1311867183.167324   0.240527 -0.0110086   0.101745 0.0112083 0.137478 0.061914 0.988504
1311867183.200473    0.239587 -0.00743178   0.0980422 0.0123861 0.137373 0.061839 0.98851
1311867183.231128    0.239177 -0.00902633    0.100485 0.0117667 0.136875 0.0625623 0.988541
1311867183.263324     0.23815 -0.00515446   0.0992377 0.013973 0.136792 0.0625468 0.988524
1311867183.299097   0.236678 -0.0046953  0.0988414 0.0130306 0.136857 0.0636439 0.988458
1311867183.332092    0.236161 -0.00595924    0.100761 0.0124567 0.136236 0.0652546 0.988446
1311867183.369524     0.23454 -0.00626339    0.101254 0.0126681 0.136357 0.0661522 0.988367
1311867183.398546    0.235945 -0.00255106   0.0983379 0.0127432 0.134798 0.0668726 0.988532
1311867183.431155    0.234646 -0.00334257   0.0998176 0.0120155 0.134691 0.0674487 0.988516
1311867183.466738     0.23623 -0.00248164    0.100583 0.0135605 0.133267 0.0677133 0.988671
1311867183.498828     0.237667 -0.000851067    0.0976321 0.0140191 0.131126 0.068211 0.988917
1311867183.532172    0.235683 -0.00133772   0.0982814 0.013413 0.131241 0.0684708 0.988892
1311867183.566151    0.234114 -0.00105074    0.102063 0.014968 0.130423 0.0689509 0.988945
1311867183.598535    0.23436 0.00089122  0.0987658 0.0156778 0.128401 0.0696848 0.989147
1311867183.631088   0.234411 0.00158445  0.0973398 0.0156653 0.12813 0.0694782 0.989197
1311867183.664879   0.233855 0.00295467  0.0968711 0.0169755 0.127697 0.0692659 0.989246
1311867183.699353   0.231888 0.00149542  0.0979347 0.0164453 0.127093 0.0694797 0.989318
1311867183.730893     0.230196 -0.000507896    0.0988316 0.0156614 0.127122 0.0692103 0.989346
1311867183.767624  0.229391 0.0010568 0.0987705 0.0165732 0.125895 0.0689914 0.989503
1311867183.797176   0.231314 0.00184472  0.0993329 0.0168247 0.124056 0.0691478 0.98972
1311867183.830907   0.228479 0.00279888  0.0989799 0.0172923 0.124139 0.0690389 0.989709
1311867183.865499   0.227789 0.00478739   0.097783 0.0174788 0.123419 0.0691592 0.989787
1311867183.897086  0.227164 0.0050052 0.0990899 0.0170221 0.123144 0.0691959 0.989827
1311867183.931483   0.225238 0.00525217  0.0997337 0.0175236 0.123064 0.069378 0.989816
1311867183.965821   0.224518 0.00516874  0.0991305 0.0171319 0.122171 0.0699945 0.98989
1311867183.996668   0.224185 0.00559669  0.0988669 0.0169555 0.121675 0.0705064 0.989917
1311867184.030969   0.223628 0.00613285  0.0978058 0.0174356 0.121089 0.0707446 0.989964
1311867184.064723   0.223418 0.00774212   0.096641 0.0177771 0.120737 0.07047 0.990021
1311867184.096811   0.223026 0.00806185  0.0958814 0.0175514 0.120869 0.0702176 0.990026
1311867184.131226  0.220458 0.0060149 0.0980422 0.0174886 0.121264 0.0705137 0.989958
1311867184.165054   0.218161 0.00594001  0.0979051 0.0172666 0.121374 0.070633 0.98994
1311867184.196946   0.217131 0.00490396  0.0993092 0.0172173 0.121205 0.0706213 0.989962
1311867184.230936    0.21229 0.00317913   0.101874 0.0181244 0.121825 0.0709204 0.989849
1311867184.268102   0.211765 0.00702589   0.100298 0.018709 0.121033 0.0706531 0.989954
1311867184.298370   0.212855 0.00440424   0.101784 0.0180838 0.120227 0.0709505 0.990043
1311867184.331470  0.208683 0.0031297  0.104472 0.019122 0.120334 0.0706701 0.99003
1311867184.369763   0.210126 0.00612733   0.101078 0.0195016 0.118962 0.0698041 0.99025
1311867184.400006  0.209372 0.0057785  0.100988 0.0194255 0.11983 0.0685046 0.990238
1311867184.431061   0.206786 0.00345414   0.104024 0.0208689 0.119832 0.0679914 0.990243
1311867184.465574   0.202976 0.00644272   0.100801 0.0216495 0.120299 0.0672884 0.990218
1311867184.503767   0.200302 0.00596346   0.103166 0.0202988 0.12086 0.0683801 0.990104
1311867184.531088  0.194325 0.0019248  0.109613 0.0195242 0.120882 0.0693476 0.990049
1311867184.568280   0.194938 0.00378728   0.108333 0.0207658 0.118439 0.0698365 0.990285
1311867184.597993   0.189955 0.00645567   0.107576 0.0206837 0.119064 0.0702966 0.990179
1311867184.635545   0.190591 0.00581642   0.108858 0.0206544 0.118428 0.0705914 0.990235
1311867184.666244   0.188764 0.00576696   0.109645 0.0206819 0.11833 0.0704827 0.990254
1311867184.699477   0.181163 0.00257616   0.112029 0.018378 0.119744 0.07104 0.990089
1311867184.735909    0.179573 0.000596236    0.111555 0.0176312 0.118997 0.0713314 0.990172
1311867184.769022   0.176009 0.00159747   0.111148 0.0174821 0.119519 0.0711892 0.990122
1311867184.799534    0.175244 0.000688222    0.112967 0.0165789 0.118714 0.0714515 0.990215
1311867184.834825    0.172624 -0.00016663    0.113377 0.0171327 0.117992 0.0722832 0.990232
1311867184.868574   0.171464 0.00239847    0.11151 0.0181007 0.116879 0.072646 0.99032
1311867184.905521   0.168326 0.00184509   0.112013 0.0179118 0.116744 0.0728059 0.990328
1311867184.933218     0.166256 -0.000456486     0.113847 0.0182629 0.116437 0.0725522 0.990376
1311867184.965627     0.160574 -0.000765166     0.114709 0.0184505 0.117018 0.0722597 0.990326
1311867184.998315    0.160506 0.000889062    0.112527 0.0182887 0.11605 0.0715648 0.990493
1311867185.036045     0.15646 4.61546e-05    0.112358 0.0184566 0.116521 0.0711693 0.990463
1311867185.065223      0.15118 -0.000669244     0.112498 0.0174599 0.1163 0.0709563 0.990522
1311867185.099109    0.150544 -0.00102238    0.111825 0.0167471 0.115709 0.0702786 0.990652
1311867185.136065     0.149992 -0.000801532     0.109922 0.0174896 0.115495 0.0695908 0.990713
1311867185.164814    0.146563 -0.00103074    0.108775 0.0172462 0.115809 0.0690817 0.990716
1311867185.200008   0.144353 -0.0025021   0.109683 0.0168802 0.115367 0.068682 0.990802
1311867185.234264    0.144102 -0.00148445    0.107739 0.0186332 0.113631 0.0681316 0.991009
1311867185.266332     0.135893 -0.000953237     0.107492 0.0182648 0.115627 0.0670721 0.990857
1311867185.297013     0.133511 -0.000506274     0.106675 0.0181817 0.11563 0.0664435 0.990901
1311867185.335984    0.130645 -0.00191631    0.107345 0.0184199 0.115566 0.0654439 0.99097
1311867185.368164    0.129782 0.000595594    0.104502 0.0187515 0.114876 0.0644899 0.991107
1311867185.403637   0.130031 0.00150479    0.10284 0.018432 0.114024 0.0644953 0.991211
1311867185.437322     0.130162 -0.000111074     0.104562 0.0189484 0.113515 0.0643293 0.99127
1311867185.465497   0.126204 0.00219308   0.103566 0.0201648 0.113145 0.0643124 0.99129
1311867185.500623   0.123146 0.00150419   0.103351 0.0186501 0.112702 0.0645401 0.991355
1311867185.533624    0.122564 0.000459121      0.1044 0.0188973 0.111941 0.0645159 0.991438
1311867185.566669    0.115906 0.000238124    0.105999 0.0191461 0.112786 0.0640833 0.991366
1311867185.596975    0.111355 -0.00319448    0.108258 0.0167107 0.112919 0.064164 0.991389
1311867185.632940    0.112673 -0.00216008    0.107217 0.0174019 0.1104 0.0644068 0.991646
1311867185.666408   0.107842 -0.0020562   0.108521 0.0181354 0.10981 0.0645062 0.991691
1311867185.697332    0.109101 -0.00358747    0.105976 0.017128 0.106929 0.065441 0.991963
1311867185.735179    0.111674 -0.00153726    0.104661 0.0193705 0.104864 0.0652309 0.992156
1311867185.764971    0.108505 0.000625881    0.102332 0.0212782 0.104934 0.0654904 0.992092
1311867185.798952   0.108246 0.00148382    0.10101 0.0210864 0.103334 0.0662815 0.992212
1311867185.832792   0.107909 0.00366377  0.0997505 0.0228935 0.102615 0.0667548 0.992215
1311867185.864904   0.108243 0.00578879   0.098802 0.0242084 0.101716 0.0670781 0.992254
1311867185.895173   0.106645 0.00600383  0.0985603 0.0240678 0.10217 0.0670027 0.992216
1311867185.935978    0.10237 0.00642162  0.0975986 0.025541 0.105024 0.0671556 0.991871
1311867185.965051 0.0993517 0.0118436 0.0947312 0.0280892 0.105686 0.0682099 0.99166
1311867185.995231  0.096641 0.0110539 0.0950943 0.0276441 0.105581 0.0694696 0.991596
1311867186.035964 0.0969042 0.0101305  0.095456 0.0289049 0.105904 0.0704419 0.991457
1311867186.065305 0.0945752 0.0135226  0.094223 0.0312433 0.106855 0.0709084 0.991251
1311867186.095284 0.0926371 0.0175711 0.0927794 0.032267 0.107847 0.0710289 0.991102
1311867186.136102 0.0914886 0.0179035  0.091964 0.0331437 0.108715 0.0715489 0.990941
1311867186.164936  0.090482 0.0201348 0.0915687 0.0338986 0.108757 0.0713969 0.990921
1311867186.195188  0.087103  0.019509 0.0932315 0.0335008 0.110228 0.070942 0.990805
1311867186.235893 0.0864028 0.0186146 0.0937354 0.0339016 0.110047 0.0712082 0.990793
1311867186.267490 0.0816738 0.0189925 0.0957199 0.0346479 0.110944 0.071371 0.990655
1311867186.295199 0.0817725 0.0191687 0.0953064 0.034746 0.11008 0.0718676 0.990712
1311867186.334915 0.0759818  0.017667 0.0981161 0.0365283 0.111605 0.072679 0.990418
1311867186.366964 0.0737858  0.017626 0.0987012 0.036781 0.11069 0.0739823 0.990415
1311867186.395131 0.0736778 0.0176158 0.0983266 0.0365105 0.110405 0.0743659 0.990428
1311867186.436010 0.0692844 0.0141892  0.101406 0.0378561 0.112478 0.0747976 0.990112
1311867186.465948 0.0648067 0.0166041  0.100278 0.0397954 0.113272 0.0750481 0.989926
1311867186.495214 0.0615049  0.013841  0.101949 0.0385292 0.114441 0.0753443 0.989819
1311867186.536274  0.059484 0.0123127  0.103094 0.0402319 0.115362 0.0756631 0.98962
1311867186.565107 0.0585942 0.0168304  0.100411 0.042853 0.114028 0.0757673 0.989657
1311867186.595160 0.0556791 0.0188816 0.0999494 0.04334 0.114486 0.0755632 0.989598
1311867186.636236 0.0548844 0.0183914  0.100806 0.0430888 0.114364 0.0756767 0.989615
1311867186.665014 0.0553686 0.0175284  0.101581 0.0438585 0.113406 0.0751713 0.98973
1311867186.704365 0.0537841 0.0174089  0.101966 0.0439297 0.113619 0.0744728 0.989755
1311867186.733752 0.0540566 0.0143931  0.105354 0.0439279 0.112993 0.0738066 0.989877
1311867186.767288 0.0539859 0.0129788    0.1079 0.0458575 0.112323 0.0726223 0.989953
1311867186.804720 0.0524857  0.014356  0.107612 0.0458006 0.112069 0.0713063 0.99008
1311867186.834068  0.051844 0.0110041  0.109642 0.0449707 0.111574 0.0696576 0.990291
1311867186.869100  0.0490593 0.00898531   0.113581 0.0463828 0.111201 0.0680118 0.990382
1311867186.905187  0.0495699 0.00825797   0.113182 0.0470765 0.109366 0.0654357 0.990728
1311867186.933418  0.0480793 0.00828712   0.113282 0.0471029 0.10852 0.0626319 0.991001
1311867186.965693  0.0434503 0.00450271   0.117531 0.0477099 0.108581 0.0594265 0.991162
1311867187.001705  0.0397936 0.00497956   0.117735 0.0490409 0.106729 0.0572864 0.991424
1311867187.033640  0.0416974 0.00356196   0.115956 0.0478292 0.103339 0.0559873 0.991917
1311867187.063280   0.0392734 0.000727684    0.118862 0.0494916 0.102319 0.0542794 0.992036
1311867187.101595    0.0313519 -0.000691145     0.121759 0.0518848 0.102159 0.0529726 0.992001
1311867187.133979  0.0286596 0.00177705   0.121058 0.0521877 0.0999035 0.052691 0.99223
1311867187.163262   0.0295569 -0.00136769    0.121976 0.0514607 0.0977347 0.0523118 0.992503
1311867187.204123  0.0270939 -0.0033011   0.123199 0.0535214 0.0973329 0.0514052 0.992481
1311867187.233159   0.0240649 -0.00127507    0.123155 0.0546294 0.0969709 0.0510872 0.992473
1311867187.263350   0.0246663 -0.00375057    0.124656 0.0552808 0.0973253 0.0509293 0.99241
1311867187.301486   0.0233977 -0.00135112    0.123213 0.0581258 0.0981377 0.0518525 0.99212
1311867187.333649   0.0224901 -2.8363e-05    0.123314 0.0588252 0.0988187 0.0533403 0.991932
1311867187.363171    0.0210734 -0.000940791     0.124244 0.0594339 0.0997963 0.055278 0.991692
1311867187.403345    0.0181728 -0.000468768     0.125396 0.0606624 0.101686 0.0564518 0.991359
1311867187.433580 0.0127221 0.0005961   0.12536 0.0615199 0.104964 0.0579227 0.99088
1311867187.463190   0.0140015 8.22961e-05    0.126487 0.0630564 0.104297 0.0594156 0.990765
1311867187.505626   0.0111416 0.000866874    0.128477 0.0648452 0.103814 0.0604398 0.990639
1311867187.534189   0.0095356 0.000282692    0.130535 0.0649475 0.103472 0.0609401 0.990637
1311867187.563217   0.00684539 -0.000603579     0.132734 0.0653575 0.103409 0.0613094 0.990594
1311867187.604561  0.00348847 -0.00270942    0.135371 0.0650112 0.103678 0.061681 0.990565
1311867187.635392 0.000437377 -0.00377734    0.137747 0.0643981 0.10407 0.0627974 0.990494
1311867187.663270 -0.00216966 -0.00673419    0.141336 0.0639391 0.104448 0.0638165 0.990419
1311867187.703564  -0.0065405 -0.00903453    0.144915 0.0653029 0.106429 0.0647164 0.990061
1311867187.734539  -0.014192 -0.0117207   0.147743 0.0626538 0.109579 0.066263 0.989786
1311867187.763190 -0.0116793 -0.0137726   0.149282 0.0614144 0.109162 0.0665171 0.989893
1311867187.801705 -0.0174129  -0.014348   0.153381 0.0632739 0.111734 0.06768 0.98941
1311867187.833949 -0.0201036 -0.0146207   0.154419 0.0629225 0.112657 0.0686266 0.989262
1311867187.863411 -0.0214907 -0.0159313   0.156085 0.0633564 0.114178 0.0689942 0.989034
1311867187.903871 -0.0196843 -0.0151611    0.15514 0.0644978 0.113785 0.0693961 0.988978
1311867187.933221 -0.0238808   -0.01726    0.15837 0.0652276 0.115681 0.0692731 0.988719
1311867187.963534 -0.0270152 -0.0176202   0.159599 0.0643409 0.116507 0.0698874 0.988636
1311867188.004742 -0.0298871 -0.0219415   0.162818 0.0628084 0.116441 0.0708392 0.988675
1311867188.033304 -0.0301762 -0.0226294   0.163933 0.0633171 0.11535 0.0707598 0.988776
1311867188.063418 -0.0337759 -0.0220417   0.165307 0.0619434 0.115536 0.0708061 0.988838
1311867188.108880   -0.03588 -0.0236711   0.168046 0.0592384 0.115564 0.071263 0.988968
1311867188.135990 -0.0342897 -0.0210064   0.169596 0.0597444 0.113928 0.0718944 0.989081
1311867188.163360  -0.036794 -0.0211217   0.171773 0.0586132 0.113563 0.0728483 0.989121
1311867188.202654 -0.0387368 -0.0237703   0.175514 0.0548379 0.113964 0.0736978 0.989229
1311867188.235201 -0.0363483 -0.0242726   0.175469 0.0528656 0.112512 0.0739611 0.989483
1311867188.263272  -0.037391 -0.0222004   0.176275 0.0517681 0.112049 0.0737444 0.989609
1311867188.304719 -0.0417189 -0.0237879   0.179859 0.0491157 0.112803 0.0739904 0.989641
1311867188.331453 -0.0409365 -0.0244903   0.181444 0.0468299 0.111696 0.0733673 0.989923
1311867188.363382 -0.0410125 -0.0262098   0.181525 0.0457236 0.111562 0.072435 0.990059
1311867188.402043 -0.0432813 -0.0269791   0.182733 0.0451824 0.112304 0.0720561 0.990027
1311867188.431385 -0.0442619 -0.0303673   0.185128 0.0427652 0.111342 0.0720024 0.990247
1311867188.463247 -0.0437699 -0.0349359   0.187398 0.0410555 0.10973 0.0712559 0.990554
1311867188.504901 -0.0440722 -0.0349643   0.187503 0.0422331 0.109253 0.0698105 0.99066
1311867188.531435 -0.0439566 -0.0326996    0.18715 0.0416321 0.107832 0.0690914 0.990891
1311867188.563332 -0.0406799 -0.0380538   0.186577 0.0404286 0.104973 0.0683997 0.991296
1311867188.604580 -0.0432619 -0.0382537   0.188332 0.0424923 0.104164 0.0675406 0.991354
1311867188.631500  -0.045529 -0.0373199   0.188225 0.0415234 0.103184 0.0668748 0.991543
1311867188.663337 -0.0464733 -0.0395428    0.19039 0.0407596 0.101745 0.0661652 0.99177
1311867188.703814 -0.0516344 -0.0420465   0.192173 0.0392971 0.100419 0.0658462 0.991986
1311867188.731585 -0.0551526   -0.04216   0.194284 0.0369479 0.0978059 0.0653371 0.992371
1311867188.763294 -0.0533349 -0.0441603   0.193789 0.0336017 0.093025 0.0644821 0.993005
1311867188.804516 -0.0560942 -0.0480261   0.197164 0.0325578 0.0890191 0.0632726 0.993485
1311867188.831350 -0.0583216 -0.0466763   0.197959 0.0315947 0.0846062 0.0621863 0.99397
1311867188.863544 -0.0579744 -0.0475836   0.199215 0.0290938 0.0799932 0.0610477 0.994499
1311867188.901620 -0.0590672 -0.0494916   0.201827 0.0284176 0.0770079 0.0591538 0.994868
1311867188.931465 -0.0628429  -0.048479   0.204083 0.027557 0.0756046 0.0568864 0.995132
1311867188.963444 -0.0605887 -0.0479968    0.20304 0.0247611 0.0728267 0.0546326 0.995539
1311867189.005216 -0.0620484 -0.0491572   0.204742 0.0236261 0.071655 0.0528562 0.995748
1311867189.031438 -0.0634816  -0.050682   0.204824 0.0224669 0.0690324 0.0518829 0.996011
1311867189.063539 -0.0665234 -0.0542704   0.206028 0.0197988 0.0669247 0.0516359 0.996224
1311867189.102629 -0.0637827 -0.0545007   0.204687 0.0193087 0.0639648 0.0521852 0.9964
1311867189.131312 -0.0695659 -0.0583452   0.206242 0.0185506 0.0637485 0.0526596 0.996403
1311867189.163420 -0.0666434 -0.0568577   0.202806 0.01839 0.0610368 0.0533725 0.996538
1311867189.201890 -0.0683928 -0.0590246   0.203362 0.017653 0.0602979 0.0533455 0.996598
1311867189.231285 -0.0665234 -0.0587779    0.20083 0.0176493 0.0577401 0.0534325 0.996744
1311867189.263345 -0.0666051 -0.0560275   0.199031 0.0176859 0.0573825 0.0525772 0.99681
1311867189.304679 -0.0676586  -0.055629   0.197056 0.0171216 0.0575542 0.0522872 0.996825
1311867189.331405 -0.0672418 -0.0561459   0.195109 0.0157475 0.0571113 0.05278 0.996847
1311867189.363335 -0.0722692 -0.0566606   0.194358 0.0139748 0.0586724 0.0529258 0.996775
1311867189.405684 -0.0742321 -0.0573093   0.195063 0.0141964 0.0590817 0.0527582 0.996757
1311867189.431458 -0.0740106 -0.0554157     0.1924 0.0147043 0.0582495 0.0532605 0.996772
1311867189.463454 -0.0766722 -0.0565802   0.192258 0.0126954 0.0579675 0.0538119 0.996786
1311867189.505937 -0.0785001 -0.0552146   0.192829 0.013292 0.0569858 0.0540234 0.996824
1311867189.531417 -0.0829226  -0.054166    0.19272 0.0135957 0.0576949 0.0539547 0.996782
1311867189.563319 -0.0888946 -0.0521816   0.194317 0.0122108 0.0591336 0.0544784 0.996688
1311867189.599369 -0.0894687 -0.0539487   0.196322 0.0110167 0.0585073 0.055347 0.996691
1311867189.631378 -0.0935086 -0.0534672   0.197409 0.0122645 0.0581847 0.0564278 0.996634
1311867189.663469 -0.0919851 -0.0484148   0.195127 0.0147784 0.0553769 0.0579406 0.996673
1311867189.699784 -0.0951117 -0.0486494   0.196098 0.0153219 0.0543818 0.059042 0.996655
1311867189.731458 -0.0988804 -0.0475539   0.194977 0.0181164 0.0543508 0.0593441 0.996592
1311867189.763361  -0.108208 -0.0515351   0.197949 0.0199883 0.0557669 0.0589554 0.996501
1311867189.799486  -0.108955 -0.0501872   0.196241 0.0224314 0.0540146 0.0594934 0.996514
1311867189.831366  -0.109762 -0.0495386   0.196483 0.0242499 0.053 0.0603802 0.996472
1311867189.863410  -0.112419 -0.0491439   0.195861 0.0267105 0.0525288 0.0611127 0.99639
1311867189.899521  -0.113147 -0.0448858   0.193074 0.0282545 0.0514274 0.0616249 0.996373
1311867189.931364  -0.117075 -0.0477075   0.194376 0.0276917 0.0523768 0.0617137 0.996334
1311867189.963340  -0.123747 -0.0496124   0.195387 0.0282091 0.0538939 0.0615774 0.996247
1311867189.999434   -0.12835 -0.0497637    0.19575 0.0281958 0.0543243 0.0615303 0.996227
1311867190.031516  -0.131374 -0.0523975   0.197539 0.0271219 0.0535024 0.0619837 0.996273
1311867190.063454  -0.131183 -0.0504829   0.196092 0.0277795 0.0519842 0.0621669 0.996324
1311867190.099590  -0.133798 -0.0483237   0.194786 0.0264338 0.051809 0.0625533 0.996345
1311867190.131422  -0.13559 -0.049458  0.195951 0.0242686 0.0507302 0.0627527 0.996443
1311867190.163525  -0.136637 -0.0492958   0.196504 0.023375 0.0496898 0.063283 0.996484
1311867190.199492  -0.141304 -0.0484035   0.197201 0.020738 0.05022 0.0632642 0.996517
1311867190.231389  -0.139003 -0.0510205     0.1977 0.0179136 0.0487212 0.0633755 0.996639
1311867190.263381  -0.143209 -0.0497997   0.197595 0.0178275 0.0488192 0.0632518 0.996643
1311867190.299376  -0.148017 -0.0513905   0.198991 0.0159227 0.0494278 0.0622054 0.996712
1311867190.331359  -0.150631 -0.0526191   0.199256 0.0145661 0.0501776 0.0613758 0.996746
1311867190.363437 -0.153817  -0.05449  0.199883 0.0146741 0.0508926 0.0607967 0.996744
1311867190.399467  -0.158474 -0.0548713   0.200458 0.0148464 0.0511027 0.0604127 0.996754
1311867190.431374  -0.157452 -0.0552075   0.199873 0.0162732 0.0493376 0.0604503 0.996818
1311867190.463341  -0.157798 -0.0528369   0.197567 0.0189177 0.0484796 0.0601017 0.996835
1311867190.499357 -0.158578 -0.051919  0.197787 0.0189683 0.0482168 0.0595857 0.996878
1311867190.531809  -0.158814 -0.0532254   0.199332 0.0196836 0.0473684 0.0599589 0.996882
1311867190.563353   -0.16043 -0.0519738   0.198439 0.0216821 0.0466388 0.0601939 0.996861
1311867190.599451  -0.161143 -0.0511131   0.197433 0.0218599 0.0455968 0.0600117 0.996916
1311867190.631421  -0.163363 -0.0512324   0.196272 0.0224546 0.0460672 0.0594557 0.996915
1311867190.663424  -0.167788 -0.0499282   0.195942 0.0235159 0.0464693 0.059299 0.996881
1311867190.699639  -0.168861 -0.0509651   0.195754 0.0234796 0.0455975 0.0592776 0.996923
1311867190.731381  -0.170141 -0.0505248   0.195741 0.0243447 0.0458833 0.0591628 0.996896
1311867190.763475  -0.171475 -0.0497642   0.195655 0.0255119 0.0459845 0.0595196 0.996841
1311867190.799433  -0.175843 -0.0510253   0.195813 0.0263009 0.0472391 0.0597034 0.996751
1311867190.831710  -0.180971 -0.0492193   0.194972 0.0272043 0.0479201 0.060501 0.996646
1311867190.863426  -0.182422 -0.0497505   0.194939 0.0262054 0.0468191 0.061062 0.996691
1311867190.899432  -0.180296 -0.0486036   0.193703 0.0268316 0.0455797 0.0619215 0.996679
1311867190.931647  -0.185474 -0.0463803   0.191907 0.0273587 0.0465344 0.0625208 0.996583
1311867190.963532  -0.187155 -0.0467102   0.191528 0.0258862 0.0460489 0.0630829 0.996609
1311867190.999440 -0.189059 -0.049482  0.192747 0.0256533 0.0463621 0.0632377 0.996591
1311867191.031327  -0.187856 -0.0455257   0.193148 0.0293445 0.0451808 0.0636973 0.996514
1311867191.063627  -0.191057 -0.0434872   0.191207 0.0293123 0.0446324 0.0642713 0.996503
1311867191.099432  -0.194405 -0.0457171   0.193092 0.0286564 0.0452342 0.0644841 0.996481
1311867191.131303  -0.194387 -0.0435218   0.192483 0.0306531 0.0439803 0.0654848 0.996412
1311867191.163395  -0.19646 -0.041892   0.19082 0.0308931 0.0433501 0.0659741 0.9964
1311867191.199389  -0.197309 -0.0453261    0.19302 0.0298196 0.0425005 0.066467 0.996437
1311867191.231395  -0.201452 -0.0439638   0.191996 0.0314302 0.0425998 0.0667131 0.996367
1311867191.263468  -0.204699 -0.0433317   0.191355 0.0318971 0.0419035 0.0668175 0.996374
1311867191.299713  -0.204975 -0.0441756   0.190009 0.0325053 0.040496 0.0677215 0.996352
1311867191.331660 -0.211282 -0.045818   0.19123 0.033831 0.0414805 0.0673337 0.996294
1311867191.363436 -0.215304 -0.044763  0.188588 0.0341462 0.0429021 0.0667678 0.996261
1311867191.399571  -0.219834 -0.0482545   0.189905 0.0319169 0.0446414 0.0667339 0.996261
1311867191.431588  -0.223949 -0.0509645   0.190916 0.0321391 0.0448354 0.0671137 0.996219
1311867191.463414  -0.226233 -0.0499783    0.18922 0.0325788 0.0440856 0.067718 0.996197
1311867191.499653 -0.226843   -0.0503  0.188994 0.0326179 0.0444746 0.0677927 0.996174
1311867191.531446  -0.229443 -0.0481933   0.188043 0.0340363 0.0453269 0.0678896 0.996081
1311867191.563639  -0.230251 -0.0482918   0.187523 0.0339931 0.0445419 0.0681554 0.9961
1311867191.599847  -0.231497 -0.0511808   0.187516 0.0342111 0.0447501 0.06807 0.996089
1311867191.631469  -0.235967 -0.0508548   0.186702 0.0357658 0.0461411 0.0674291 0.996015
1311867191.663620  -0.237384 -0.0504486    0.18595 0.0359563 0.0464634 0.0672554 0.996005
1311867191.699573  -0.238744 -0.0522944   0.185866 0.0361266 0.0468109 0.0668465 0.99601
1311867191.731487  -0.241235 -0.0508092   0.184138 0.0374639 0.0462975 0.0672039 0.99596
1311867191.763579  -0.240931 -0.0500669   0.183479 0.0372209 0.0457618 0.0677668 0.995956
1311867191.799771  -0.243063 -0.0512873   0.184191 0.0379445 0.0469965 0.0676741 0.995877
1311867191.831511  -0.245414 -0.0504265   0.183746 0.0387199 0.0474852 0.0676606 0.995825
1311867191.863471  -0.245938 -0.0514016   0.183277 0.0386575 0.0478982 0.0674534 0.995822
1311867191.899623  -0.246959 -0.0495472    0.18223 0.040742 0.0486315 0.0677738 0.995682
1311867191.931630   -0.25008 -0.0489462   0.181687 0.041075 0.0491129 0.0678802 0.995637
1311867191.963470  -0.250961 -0.0508577   0.181801 0.0406075 0.0492704 0.0681152 0.995632
1311867191.999526 -0.251255 -0.049451  0.181211 0.0428931 0.049082 0.0683796 0.995528
1311867192.031527  -0.253386 -0.0474617   0.179788 0.043164 0.0485894 0.0685413 0.995529
1311867192.063495  -0.254775 -0.0495498   0.177076 0.040834 0.0491505 0.0683091 0.995616
1311867192.099806  -0.255311 -0.0500417   0.176632 0.0421882 0.0487699 0.0683242 0.995577
1311867192.131666  -0.258533 -0.0483613    0.17563 0.0427207 0.04864 0.0682292 0.995567
1311867192.163516 -0.259916 -0.051516   0.17626 0.0407032 0.048255 0.0684239 0.995657
1311867192.199653  -0.260132 -0.0504121   0.175124 0.0423928 0.0476999 0.0685837 0.995602
1311867192.231699  -0.262372 -0.0486848   0.173739 0.0421347 0.047701 0.0685781 0.995614
1311867192.263542  -0.263115 -0.0516302   0.174294 0.0407589 0.0475613 0.068528 0.995681
1311867192.299473  -0.266163 -0.0509003   0.173867 0.0420719 0.0473037 0.0684937 0.995641
1311867192.331519  -0.267983 -0.0488503   0.172884 0.0418601 0.0462858 0.0684102 0.995703
1311867192.363620  -0.268378 -0.0488209   0.172638 0.0412735 0.0454846 0.0682684 0.995775
1311867192.399491  -0.270095 -0.0488938   0.172463 0.0419204 0.0445625 0.0680513 0.995804
1311867192.431620  -0.272745 -0.0518811    0.17096 0.0396677 0.0440015 0.0670205 0.995991
1311867192.463542  -0.275496 -0.0560072     0.1739 0.0378577 0.0433249 0.0667054 0.996113
1311867192.499590  -0.278625 -0.0539217    0.17169 0.0388841 0.0425322 0.0669875 0.996088
1311867192.531620  -0.279934 -0.0531991    0.17168 0.0378461 0.0412842 0.0673809 0.996154
1311867192.563632  -0.281706 -0.0551511   0.172638 0.0364258 0.0406073 0.0671357 0.996251
1311867192.599632  -0.282179 -0.0567819   0.173852 0.0366074 0.0395571 0.0665855 0.996324
1311867192.631521  -0.284999 -0.0545355   0.173168 0.0366248 0.0393229 0.0666946 0.996325
1311867192.663625  -0.285091 -0.0567498   0.173653 0.0352618 0.0384807 0.0670377 0.996384
1311867192.699607  -0.287508 -0.0567106   0.174145 0.0361161 0.0383533 0.0667759 0.996376
1311867192.731618  -0.286516 -0.0553387    0.17508 0.0360824 0.0373468 0.0666178 0.996426
1311867192.763642  -0.288094 -0.0557042   0.175302 0.0360779 0.0374543 0.0669175 0.996402
1311867192.799500  -0.288543 -0.0549339   0.175844 0.0374436 0.036775 0.06722 0.996357
1311867192.831693   -0.28904 -0.0538619   0.175374 0.0373612 0.0365669 0.0675415 0.996346
1311867192.863604  -0.289808 -0.0551058   0.175171 0.0373653 0.0366612 0.0680447 0.996308
1311867192.899654  -0.289884 -0.0551637     0.1746 0.0389177 0.0363898 0.0680537 0.996258
1311867192.931656  -0.292308 -0.0530695   0.173778 0.0393538 0.0372847 0.0682879 0.996192
1311867192.963825  -0.293777 -0.0552097   0.174555 0.0389084 0.0373314 0.0687387 0.996176
1311867192.999714  -0.295064 -0.0563569   0.176525 0.0406436 0.0370576 0.0689691 0.996101
1311867193.031653  -0.295002 -0.0550284   0.173873 0.0402164 0.0370628 0.0694367 0.996086
1311867193.063616  -0.296449 -0.0578396   0.175474 0.0392531 0.0373545 0.0689319 0.996149
1311867193.099627  -0.295722 -0.0569572   0.175169 0.0416915 0.0365762 0.0692541 0.996056
1311867193.131636  -0.296865 -0.0550437   0.174333 0.0418808 0.0364364 0.0697467 0.996019
1311867193.163809  -0.296229 -0.0607101   0.176187 0.0407217 0.0358628 0.0694689 0.996107
1311867193.199592  -0.299149 -0.0598959     0.1756 0.0428669 0.0370565 0.0692448 0.995989
1311867193.231634  -0.302421 -0.0612405   0.176853 0.041752 0.0377542 0.0689995 0.996027
1311867193.263554  -0.302389 -0.0637681   0.178907 0.0420385 0.0371242 0.0689049 0.996046
1311867193.299517   -0.30091 -0.0587915   0.177866 0.0438041 0.0361475 0.0687209 0.996018
1311867193.331430  -0.300625 -0.0604012   0.178889 0.0424202 0.0357101 0.0683234 0.996121
1311867193.363678  -0.301127 -0.0624623   0.179806 0.0427678 0.0356956 0.0680044 0.996129
1311867193.399557  -0.302892 -0.0608547     0.1794 0.0432871 0.0351863 0.0684762 0.996092
1311867193.431817  -0.302175 -0.0639739   0.181011 0.041443 0.0343007 0.068086 0.996228
1311867193.463559  -0.305222 -0.0652666    0.18159 0.0420284 0.0350048 0.0680424 0.996182
1311867193.531619  -0.308722 -0.0641637   0.181479 0.0419055 0.034045 0.0685062 0.996189
1311867193.563584  -0.311286 -0.0656593   0.181619 0.0424229 0.0339468 0.0686639 0.996159
1311867193.599533  -0.312805 -0.0631937   0.181493 0.0432519 0.0339602 0.0686155 0.996126
1311867193.631742  -0.315578 -0.0656344   0.182808 0.0414959 0.0343226 0.0678313 0.996242
1311867193.663591  -0.316337 -0.0681669   0.184526 0.0418802 0.0334192 0.0680921 0.996239
1311867193.699539  -0.315854 -0.0643824   0.182768 0.0433236 0.0324928 0.0683155 0.996193
1311867193.731568  -0.316194 -0.0657387   0.182654 0.0422179 0.0322139 0.0681511 0.996261
1311867193.763567  -0.314937 -0.0680382   0.184091 0.0423992 0.0308446 0.0679302 0.996311
1311867193.799691  -0.314613 -0.0651395   0.182436 0.0434021 0.0296594 0.068238 0.996283
1311867193.831554  -0.316858 -0.0659775   0.182461 0.0425023 0.0296945 0.0682758 0.996318
1311867193.863523   -0.31623 -0.0661377   0.183739 0.043009 0.028595 0.0688556 0.996289
1311867193.899690  -0.316867 -0.0642854   0.182349 0.043368 0.0273351 0.0691676 0.996287
1311867193.931567  -0.316119 -0.0655523   0.182122 0.0426849 0.0262482 0.0692281 0.996342
1311867193.963704  -0.318412 -0.0676097   0.183045 0.042827 0.0264994 0.0687788 0.99636
1311867193.999703 -0.319336 -0.066427   0.18287 0.0429673 0.025273 0.0689351 0.996375
1311867194.031689  -0.322845 -0.0696973   0.185259 0.041691 0.0252676 0.0687378 0.996443
1311867194.063653   -0.32253 -0.0701663   0.185105 0.042546 0.0240136 0.0685889 0.996448
1311867194.099680  -0.319849 -0.0700189   0.183733 0.042491 0.022067 0.0686089 0.996494
1311867194.131720  -0.320075 -0.0709995   0.184249 0.0419149 0.0214877 0.0684402 0.996543
1311867194.163586  -0.319278 -0.0717236   0.182332 0.0429659 0.0208584 0.06861 0.9965
1311867194.199685  -0.319477 -0.0684969   0.179926 0.04359 0.0202671 0.068992 0.996458
1311867194.231549   -0.32074 -0.0698713   0.180379 0.0428819 0.0206125 0.0688648 0.996491
1311867194.263619  -0.323939 -0.0719614   0.181423 0.0434465 0.0216922 0.068766 0.99645
1311867194.299716  -0.322505 -0.0693051   0.180047 0.0438663 0.020928 0.0694013 0.996404
1311867194.331761  -0.322579 -0.0720861   0.181644 0.0429277 0.0212616 0.0696114 0.996423
1311867194.363706  -0.322114 -0.0707974   0.181086 0.044329 0.0211274 0.0700859 0.996332
1311867194.399611  -0.320981 -0.0681919   0.179399 0.0447537 0.0205024 0.070513 0.996295
1311867194.431803  -0.322533 -0.0711266   0.181325 0.0431866 0.0208134 0.0705585 0.996355
1311867194.463875  -0.322354 -0.0724051   0.181811 0.0431507 0.0205944 0.0707666 0.996346
1311867194.499629  -0.322803 -0.0708386   0.181349 0.0434666 0.020591 0.0709231 0.996322
1311867194.531606  -0.323459 -0.0709262   0.180703 0.0430041 0.020607 0.0710429 0.996333
1311867194.563736  -0.325787 -0.0725411    0.18156 0.0430551 0.0217705 0.0710246 0.996307
1311867194.599622  -0.325459 -0.0714922   0.180749 0.0432322 0.0214872 0.0712058 0.996293
1311867194.663614  -0.329508 -0.0710619   0.183804 0.0449507 0.023333 0.0713836 0.996162
1311867194.699671  -0.329126 -0.0702322   0.181757 0.0454326 0.0226427 0.0714824 0.996149
1311867194.731755  -0.327728 -0.0708367   0.183206 0.0457353 0.021901 0.0713642 0.996161
1311867194.763586  -0.326449 -0.0700887   0.181235 0.0463534 0.0211009 0.0718647 0.996113
1311867194.799726  -0.328159 -0.0714377   0.183078 0.0463305 0.0215044 0.0716507 0.996121
1311867194.831891  -0.325111 -0.0695235   0.181719 0.0473826 0.019997 0.0718455 0.996089
1311867194.863668  -0.324039 -0.0694978   0.181338 0.0474956 0.0196202 0.0719686 0.996082
1311867194.899588  -0.324725 -0.0703145   0.181734 0.0479977 0.0198331 0.0720717 0.996046
1311867194.931823  -0.324783 -0.0718899   0.182542 0.0474575 0.020433 0.0718514 0.996076
1311867194.963864  -0.323534 -0.0699976   0.181055 0.0473122 0.0205198 0.0721537 0.996059
1311867194.999857 -0.323897 -0.072526  0.181748 0.0464611 0.0211199 0.0714805 0.996135
1311867195.031823  -0.325799 -0.0712413   0.182795 0.0460707 0.0228742 0.0706618 0.996173
1311867195.063659  -0.320418 -0.0699976   0.181998 0.0449948 0.0220984 0.0719991 0.996144
1311867195.099839  -0.319204 -0.0715454   0.182486 0.0451047 0.021966 0.0722117 0.996127
1311867195.131755  -0.316716 -0.0698177   0.181601 0.0452413 0.0210147 0.0724599 0.996123
1311867195.163739  -0.315608 -0.0713218   0.183053 0.0449569 0.0213002 0.0721118 0.996155
1311867195.199682  -0.315405 -0.0723945   0.184145 0.0452772 0.0227082 0.0718041 0.996132
1311867195.231953  -0.314469 -0.0718365   0.183693 0.0451515 0.023069 0.0720327 0.996113
1311867195.263959  -0.310826 -0.0701366   0.182466 0.0455724 0.0217404 0.0727653 0.99607
1311867195.299843  -0.311212 -0.0709643    0.18421 0.0458497 0.0222243 0.0725577 0.996062
1311867195.331663  -0.314489 -0.0698108   0.184775 0.0451767 0.0237507 0.0725527 0.996058
1311867195.363660  -0.311938 -0.0710129   0.185208 0.0436583 0.0231813 0.0724663 0.996145
1311867195.399819  -0.308241 -0.0696426   0.184091 0.0444509 0.0222315 0.072462 0.996132
1311867195.431775  -0.309292 -0.0685316   0.185596 0.0440079 0.0229985 0.0721779 0.996155
1311867195.463774  -0.309189 -0.0707019   0.186326 0.0430326 0.0241502 0.0716795 0.996206
1311867195.499861   -0.30827 -0.0706764   0.186425 0.0439444 0.0244386 0.0720309 0.996134
1311867195.531827  -0.305488 -0.0669607   0.184334 0.0445032 0.0238665 0.0727543 0.996071
1311867195.563721 -0.305906 -0.068528   0.18559 0.0436246 0.0249511 0.0727941 0.99608
1311867195.599756 -0.307392 -0.068386  0.185783 0.0440982 0.0261144 0.0730368 0.996012
1311867195.631794  -0.305903 -0.0670883   0.185988 0.0438224 0.0258618 0.0731344 0.996023
1311867195.663755  -0.302999 -0.0667238   0.186017 0.0435454 0.025958 0.0730479 0.996039
1311867195.699923  -0.300774 -0.0662439   0.185351 0.043766 0.0260444 0.0732175 0.996015
1311867195.732032  -0.300278 -0.0629605   0.183653 0.0440811 0.0266828 0.0732019 0.995985
1311867195.767662 -0.301408 -0.065291  0.184447 0.0430211 0.0276562 0.0730365 0.996017
1311867195.799635  -0.300028 -0.0651311   0.184641 0.0433407 0.0277802 0.0729916 0.996003
1311867195.831755  -0.300833 -0.0660212   0.185763 0.0422756 0.0291639 0.0723572 0.996056
1311867195.867630  -0.301331 -0.0670288   0.184478 0.0419169 0.0302491 0.0720341 0.996062
1311867195.899840  -0.298538 -0.0630735   0.182483 0.0439385 0.0298582 0.0725159 0.995951
1311867195.931915  -0.297503 -0.0633669   0.182498 0.0434291 0.0297148 0.0725052 0.995979
1311867195.967737  -0.295308 -0.0648273    0.18248 0.0430773 0.029672 0.0720074 0.996032
1311867195.999658  -0.297632 -0.0654425   0.181922 0.0436359 0.0314301 0.0715318 0.995988
1311867196.031886  -0.294775 -0.0647464    0.18297 0.0432034 0.0305704 0.0710773 0.996066
1311867196.067754  -0.293391 -0.0665579   0.182652 0.042856 0.0305945 0.0704055 0.996128
1311867196.099654  -0.292761 -0.0655711   0.182975 0.0439874 0.0309165 0.070226 0.996081
1311867196.131796  -0.292303 -0.0652221   0.183492 0.0433253 0.0318104 0.0695394 0.99613
1311867196.167747  -0.290638 -0.0666091   0.183617 0.0432236 0.0318497 0.0695776 0.996131
1311867196.199711  -0.287476 -0.0631975   0.183229 0.0445645 0.0305877 0.0702473 0.996064
1311867196.231920  -0.285902 -0.0625786   0.183259 0.0440937 0.0303511 0.0703517 0.996085
1311867196.267924  -0.285271 -0.0630111   0.182642 0.0440963 0.0306372 0.0704323 0.99607
1311867196.299732  -0.284143 -0.0634152   0.184108 0.043911 0.0306723 0.0702112 0.996093
1311867196.331833  -0.281492 -0.0638597   0.183892 0.0430371 0.0303467 0.0703824 0.996129
1311867196.368729  -0.281056 -0.0634892   0.182564 0.0440151 0.0303305 0.0707082 0.996064
1311867196.399739  -0.277161 -0.0607884   0.181039 0.0450013 0.0293628 0.0709388 0.996032
1311867196.432020  -0.274291 -0.0616867   0.180714 0.0439938 0.0293284 0.0707173 0.996094
1311867196.467800  -0.275438 -0.0623031   0.180422 0.0446226 0.0301414 0.0701167 0.996084
1311867196.499768  -0.273502 -0.0608496    0.17947 0.0449975 0.0302264 0.0699672 0.996075
1311867196.531926  -0.272842 -0.0607694   0.178444 0.0446047 0.0308456 0.0695382 0.996104
1311867196.567767  -0.269819 -0.0617077   0.179378 0.0452589 0.0304147 0.069277 0.996106
1311867196.599713  -0.269353 -0.0621279   0.178692 0.045145 0.0307552 0.0689504 0.996123
1311867196.667737  -0.268711 -0.0638559   0.179386 0.0452099 0.0323932 0.0676902 0.996155
1311867196.699700  -0.265644 -0.0605908   0.177715 0.0465428 0.0318214 0.0679794 0.996092
1311867196.731760  -0.266038 -0.0607226   0.176331 0.046563 0.0324895 0.0677948 0.996082
1311867196.767707  -0.264541 -0.0622655   0.176894 0.0466678 0.0332728 0.067164 0.996094
1311867196.799736  -0.260799 -0.0607813   0.174732 0.0469067 0.0329947 0.0671472 0.996094
1311867196.831867  -0.261976 -0.0608805   0.175227 0.0466815 0.0337461 0.0672902 0.996069
1311867196.867749  -0.258553 -0.0622404    0.17568 0.0465472 0.0334107 0.0672027 0.996093
1311867196.899715  -0.260099 -0.0617584   0.177033 0.0465173 0.0351523 0.0667386 0.996065
1311867196.931975  -0.260621 -0.0630066   0.177547 0.0456094 0.0366316 0.0667379 0.996054
1311867196.967911  -0.25803 -0.062772  0.177034 0.0453888 0.0364916 0.067465 0.99602
1311867196.999866  -0.256661 -0.0604562   0.175776 0.0458471 0.0365671 0.0680929 0.995954
1311867197.031979  -0.256532 -0.0610005   0.175814 0.0451084 0.0376955 0.0678078 0.995965
1311867197.067817 -0.254077  -0.06032  0.176115 0.0454344 0.0376995 0.0677813 0.995952
1311867197.099836  -0.251252 -0.0591718   0.175913 0.0453485 0.0373277 0.0683287 0.995932
1311867197.131870  -0.249949 -0.0591041   0.176801 0.045583 0.0375986 0.0689329 0.99587
1311867197.167713  -0.248805 -0.0594548   0.177099 0.0456315 0.0379623 0.069395 0.995822
1311867197.199776  -0.247311 -0.0610659   0.178433 0.0448682 0.038097 0.0698804 0.995817
1311867197.231928  -0.243877 -0.0586396   0.176973 0.0460602 0.0375509 0.0705921 0.995733
1311867197.267919   -0.24495 -0.0585067   0.174792 0.0464179 0.0389553 0.0705101 0.995669
1311867197.299810  -0.244192 -0.0610971   0.176119 0.0454292 0.0395755 0.0706421 0.995681
1311867197.332018  -0.244022 -0.0602061   0.177866 0.0464957 0.0403504 0.0707678 0.995591
1311867197.367855  -0.244446 -0.0580534   0.178044 0.0471787 0.0412079 0.0706542 0.995532
1311867197.399882  -0.243322 -0.0582292   0.178373 0.0464356 0.0415839 0.0710521 0.995523
1311867197.431956  -0.240842 -0.0574642   0.178043 0.0466484 0.0412405 0.0711595 0.99552
1311867197.467991  -0.238285 -0.0551722   0.178056 0.0470358 0.0407677 0.0710121 0.995531
1311867197.499995  -0.239282 -0.0572128    0.17931 0.0456017 0.0420933 0.0705065 0.995579
1311867197.531882   -0.23771 -0.0557485   0.178146 0.0463198 0.0421441 0.0704959 0.995544
1311867197.567869   -0.23529 -0.0545649   0.178843 0.0468658 0.0414386 0.0705794 0.995543
1311867197.599910  -0.231986 -0.0547092   0.179106 0.0457243 0.0405613 0.071433 0.995571
1311867197.631963 -0.231352 -0.057769  0.182354 0.0462025 0.040533 0.0715137 0.995544
1311867197.667929 -0.229993 -0.055557  0.182269 0.0471729 0.040284 0.0718589 0.995484
1311867197.699744  -0.229047 -0.0591297   0.182759 0.0453925 0.0406881 0.072057 0.995536
1311867197.732004  -0.226751 -0.0600098   0.183529 0.0468071 0.0399819 0.0725158 0.995466
1311867197.767904  -0.225389 -0.0582324   0.182223 0.0466804 0.0398465 0.0729138 0.995448
1311867197.799835  -0.225298 -0.0632572   0.184878 0.0448889 0.0408174 0.0725435 0.995518
1311867197.831987  -0.224414 -0.0602285   0.184779 0.0466888 0.0410138 0.0733886 0.995365
1311867197.867941  -0.223293 -0.0606131   0.186174 0.0454407 0.0408503 0.0740678 0.99538
1311867197.899954  -0.220141 -0.0621187   0.186865 0.0452313 0.0406893 0.0741755 0.995388
1311867197.932046 -0.219458 -0.061756  0.188083 0.0460242 0.0413225 0.0747686 0.995281
1311867197.967946  -0.218185 -0.0603502   0.187784 0.0458464 0.0416866 0.0754247 0.995224
1311867197.999775  -0.218955 -0.0626367   0.189824 0.0458084 0.0431921 0.0755136 0.995155
1311867198.031819 -0.214384 -0.058625  0.188554 0.047651 0.0425264 0.0757145 0.995082
1311867198.067816  -0.213495 -0.0587822   0.189159 0.0472957 0.043308 0.0758771 0.995053
1311867198.099796  -0.211609 -0.0573255   0.188794 0.0485018 0.0436104 0.0761255 0.994963
1311867198.131829  -0.209017 -0.0565604   0.188629 0.0490806 0.0435847 0.0761432 0.994934
1311867198.167952   -0.20774 -0.0564212   0.189735 0.0490662 0.0442185 0.0762783 0.994896
1311867198.199814  -0.204825 -0.0557732   0.189869 0.0496329 0.0440353 0.0765123 0.994858
1311867198.232003  -0.203405 -0.0555903   0.190668 0.0492866 0.0442226 0.0767663 0.994848
1311867198.267962  -0.200854 -0.0565545   0.191819 0.0484472 0.0445977 0.076296 0.994908
1311867198.331863  -0.197101 -0.0570433   0.190242 0.0477258 0.0460633 0.0756292 0.994927
1311867198.367970  -0.195974 -0.0605607    0.19432 0.0459239 0.0471179 0.0755246 0.994971
1311867198.431988  -0.196145 -0.0617437   0.194032 0.0445952 0.0493793 0.0751398 0.994951
1311867198.467921   -0.19596 -0.0646906   0.192649 0.0414091 0.0502534 0.0748721 0.995065
1311867198.500075 -0.189042 -0.065477  0.196536 0.041079 0.0496709 0.0747752 0.995115
1311867198.532125   -0.18669 -0.0630751   0.193563 0.0399881 0.0505324 0.0744744 0.995139
1311867198.567990  -0.178569 -0.0655046   0.196401 0.0377896 0.0496196 0.0741884 0.995292
1311867198.599951  -0.176102 -0.0647205   0.196991 0.0381248 0.0502544 0.0743464 0.995235
1311867198.631966  -0.172693 -0.0638995    0.19759 0.0377394 0.0494501 0.0746249 0.99527
1311867198.668073  -0.170128 -0.0652162   0.198191 0.0370214 0.0492682 0.0745822 0.995309
1311867198.699844  -0.168406 -0.0658267   0.198775 0.0372862 0.049457 0.0743633 0.995306
1311867198.731874  -0.166578 -0.0651247   0.198957 0.0376508 0.0493401 0.0743325 0.9953
1311867198.767911   -0.16465 -0.0669314   0.199767 0.0376181 0.0486561 0.0741402 0.99535
1311867198.799839 -0.160098 -0.065475  0.200717 0.0386509 0.0467903 0.0735474 0.995443
1311867198.831953 -0.154743 -0.066505  0.202166 0.0380031 0.045443 0.0730588 0.995567
1311867198.867891  -0.154349 -0.0645658    0.20178 0.0390567 0.0453922 0.0726545 0.995558
1311867198.899855  -0.153134 -0.0654059   0.202283 0.0391603 0.0446001 0.0719407 0.995641
1311867198.931881  -0.151706 -0.0667454    0.20309 0.0387759 0.0441672 0.0708415 0.995755
1311867198.968077  -0.150027 -0.0665416   0.204125 0.0391906 0.0430712 0.0697826 0.995861
1311867199.000050   -0.14801 -0.0666577   0.204666 0.0391458 0.0418887 0.0684618 0.996005
1311867199.031843  -0.146232 -0.0673023   0.205756 0.039142 0.0409509 0.0672526 0.996127
1311867199.099860  -0.141541 -0.0684781   0.207346 0.0392072 0.0382996 0.0642247 0.996429
1311867199.132002  -0.140191 -0.0678726   0.207794 0.0388364 0.0373746 0.063043 0.996554
1311867199.167891  -0.138995 -0.0705112   0.209199 0.038193 0.0361165 0.0618109 0.996703
1311867199.200126   -0.13771 -0.0705213   0.210191 0.0383796 0.0351317 0.0603591 0.99682
1311867199.234099  -0.133713 -0.0730264   0.212113 0.0370226 0.0336551 0.0590283 0.997002
1311867199.267942  -0.131807 -0.0731521   0.212969 0.0372387 0.0327021 0.0582501 0.997071
1311867199.300030  -0.132056 -0.0732909   0.214444 0.0368773 0.0329733 0.0574781 0.99712
1311867199.331880  -0.128755 -0.0746603   0.214769 0.0354044 0.0320534 0.0568031 0.997242
1311867199.368141  -0.127437 -0.0754152   0.215732 0.0346516 0.0317789 0.0560319 0.997321
1311867199.399920  -0.129549 -0.0764998   0.218366 0.0335148 0.0330976 0.0556076 0.997341
1311867199.432048   -0.12603 -0.0767621   0.219436 0.032505 0.0326136 0.0553998 0.997402
1311867199.467972  -0.123899 -0.0771079   0.219949 0.0320603 0.0324524 0.0560012 0.997388
1311867199.500181  -0.121624 -0.0737931   0.218949 0.0324347 0.0320874 0.0569866 0.997332
1311867199.568266  -0.114053 -0.0702976    0.21849 0.0334572 0.030692 0.0576565 0.997304
1311867199.600399  -0.111352 -0.0734598   0.220961 0.0323336 0.031372 0.0577645 0.997313
1311867199.668054   -0.10664 -0.0720468   0.221135 0.0323701 0.0322209 0.058572 0.997238
1311867199.699941  -0.102971 -0.0712971   0.222424 0.0321546 0.0321113 0.0592744 0.997207
1311867199.732005 -0.0976911 -0.0698405   0.222142 0.0326074 0.0319458 0.0598558 0.997163
1311867199.768069 -0.0955513 -0.0670553   0.221318 0.0336518 0.032619 0.0604961 0.997068
1311867199.800056 -0.0934793 -0.0664555   0.222413 0.0329804 0.0333401 0.0611536 0.997026
1311867199.832480 -0.0914408 -0.0673292   0.222337 0.0324632 0.0339256 0.0617679 0.996985
1311867199.867939 -0.0888637 -0.0663647   0.222381 0.0328738 0.0339937 0.062464 0.996926
1311867199.899922 -0.0912132 -0.0673966   0.222968 0.0313428 0.036436 0.0625198 0.996886
1311867199.932206 -0.0905554 -0.0687693   0.223849 0.0306776 0.0379117 0.0626438 0.996844
1311867199.967970 -0.0879815 -0.0649658   0.222709 0.0317461 0.0380107 0.0633778 0.99676
1311867200.000052 -0.0855272  -0.066964   0.224325 0.030124 0.0384736 0.0638309 0.996764
1311867200.068006 -0.0824527 -0.0668858   0.225138 0.0309666 0.0399916 0.0644739 0.996637
1311867200.100058 -0.0836379 -0.0660206   0.222651 0.030438 0.0418766 0.064686 0.996562
1311867200.132173 -0.0804233  -0.066227   0.224396 0.0310443 0.0420338 0.0650099 0.996515
1311867200.168054 -0.0827312 -0.0669658   0.224273 0.0306541 0.0439827 0.0656127 0.996404
1311867200.200062 -0.0825691 -0.0688554   0.222805 0.0295475 0.0449682 0.0659774 0.996369
1311867200.232126 -0.0739649 -0.0672932   0.222392 0.0308459 0.0432256 0.0668192 0.996351
1311867200.268192 -0.0725191 -0.0635945   0.218864 0.0314944 0.0441816 0.0672307 0.996261
1311867200.300066 -0.0703395 -0.0647838   0.218457 0.0314011 0.0452057 0.0674564 0.996203
1311867200.332117 -0.0684572 -0.0630947   0.217062 0.0321062 0.0456757 0.0683737 0.996096
1311867200.368163 -0.0697611 -0.0656821   0.218045 0.0302777 0.0481333 0.0689013 0.996002
1311867200.432114 -0.0671148 -0.0630281   0.218282 0.0313105 0.0509698 0.0704439 0.995721
1311867200.468132 -0.0650402 -0.0625889    0.21826 0.0311117 0.0513408 0.071723 0.995616
1311867200.500090 -0.0645124 -0.0622785   0.219887 0.0311474 0.0528112 0.0725235 0.99548
1311867200.532161 -0.061417 -0.060863  0.218736 0.0308983 0.0538415 0.0729966 0.995398
1311867200.568212   -0.06229 -0.0606043   0.219171 0.0314726 0.055912 0.0733826 0.995238
1311867200.600091 -0.0597224 -0.0586764   0.217579 0.0323366 0.0562842 0.0742715 0.995123
1311867200.668204 -0.0597385 -0.0587598   0.217964 0.0321134 0.0600914 0.0748349 0.994866
1311867200.700120 -0.0602853 -0.0576541     0.2175 0.0325473 0.0620574 0.0750933 0.994711
1311867200.732170 -0.0590165  -0.058693    0.21691 0.0321084 0.0628597 0.0754535 0.994648
1311867200.768079 -0.0594544 -0.0580917   0.215909 0.0330996 0.0643097 0.0754998 0.994519
1311867200.832137 -0.0597553 -0.0577401   0.216239 0.0332282 0.0676893 0.0761984 0.994237
1311867200.868158 -0.0599025 -0.0569967   0.217072 0.034426 0.0689761 0.076547 0.994081
1311867200.899995 -0.0600011  -0.056106    0.21522 0.0347659 0.0697587 0.0764439 0.994023
1311867200.932029 -0.0581725 -0.0557668   0.213253 0.0343046 0.0694489 0.0763799 0.994065
1311867200.968154  -0.057067 -0.0558912   0.212541 0.0337642 0.0688361 0.0763097 0.994132
1311867201.000062 -0.0559504 -0.0535729   0.210484 0.0334185 0.0684673 0.076372 0.994164
1311867201.032193 -0.0567912  -0.055679   0.212759 0.0319176 0.0690589 0.076279 0.99418
1311867201.067956 -0.0528211 -0.0530774   0.210263 0.0318312 0.0675717 0.0760421 0.994303
1311867201.100217 -0.0539486  -0.055515   0.211508 0.0297158 0.0688592 0.0756137 0.994313
1311867201.132242 -0.0497557 -0.0550962    0.21164 0.0295017 0.0671771 0.075685 0.994429
1311867201.168191  -0.047302 -0.0546586   0.212516 0.0292419 0.0656355 0.0756662 0.994541
1311867201.232056 -0.0469734 -0.0556638   0.212609 0.0268609 0.0660263 0.0748193 0.994646
1311867201.269490 -0.0452403 -0.0570587    0.21313 0.0260888 0.0656572 0.074621 0.994706
1311867201.332276 -0.0459175 -0.0561982   0.213509 0.0242899 0.0663928 0.0748444 0.994686
1311867201.368233 -0.0382991  -0.057858   0.216815 0.0240524 0.0651778 0.0745284 0.994796
1311867201.400227 -0.0399563 -0.0565399   0.218155 0.0247043 0.0680037 0.0742016 0.994615
1311867201.432761 -0.0405051 -0.0571765   0.216823 0.0232491 0.0700007 0.0747781 0.994469
1311867201.468080 -0.0355089 -0.0590382   0.218504 0.0233531 0.069889 0.0755604 0.994415
1311867201.500087 -0.0319825 -0.0580811    0.21954 0.0247605 0.0712437 0.0761491 0.99424
1311867201.532195 -0.0308253 -0.0576211    0.21797 0.025095 0.0731413 0.0769739 0.99403
1311867201.568143 -0.0279267 -0.0578217   0.217439 0.0251815 0.0741429 0.0777598 0.993892
1311867201.600103  -0.028769 -0.0598542   0.219406 0.0249582 0.0763441 0.07859 0.993666
1311867201.632068 -0.0290622 -0.0600609   0.220181 0.0249875 0.078378 0.0792682 0.993453
1311867201.668050 -0.0257004 -0.0571241   0.218273 0.0254798 0.0787024 0.0799617 0.993359
1311867201.732200 -0.0227808 -0.0580699   0.218395 0.0261979 0.0802041 0.0810972 0.993129
1311867201.768201 -0.0254939 -0.0595584   0.218647 0.0253555 0.0822263 0.0814546 0.992956
1311867201.800210 -0.0216271 -0.0599323    0.21725 0.0252766 0.08228 0.0813302 0.992963
1311867201.832156  -0.024624 -0.0591015   0.219075 0.0270407 0.0849187 0.0808349 0.992735
1311867201.868219 -0.0218475 -0.0587746   0.213341 0.0262521 0.0840648 0.0814525 0.992779
1311867201.900077 -0.0180796 -0.0586964   0.214147 0.0261791 0.0840534 0.0814198 0.992784
1311867201.932262 -0.0193477 -0.0596646   0.214632 0.0260898 0.0856441 0.0813245 0.992658
1311867201.968172  -0.020915 -0.0586615    0.21282 0.0259443 0.0864319 0.0813812 0.992589
1311867202.000190 -0.0235565 -0.0609979   0.215533 0.0248098 0.0882957 0.0819069 0.992411
1311867202.032239 -0.0221576 -0.0611967   0.216157 0.024765 0.0881941 0.0825207 0.99237
1311867202.068152 -0.0201701 -0.0584989   0.214374 0.0257093 0.0869768 0.0827702 0.992433
1311867202.100315 -0.0187822 -0.0589606   0.215687 0.0253152 0.0874447 0.0829447 0.992387
1311867202.132409 -0.0159866 -0.0602653   0.216808 0.0251169 0.0877287 0.0827789 0.992381
1311867202.168279 -0.0153748 -0.0606712   0.216947 0.0257637 0.0879753 0.0821155 0.992398
1311867202.200125 -0.0162489 -0.0602136   0.216186 0.0259753 0.0891963 0.0820133 0.992292
1311867202.232375 -0.0173452 -0.0641501   0.217633 0.024371 0.0910259 0.0821287 0.992157
1311867202.268101 -0.0165101  -0.063613   0.216635 0.0255349 0.0910086 0.08149 0.992182
1311867202.300107 -0.0209122 -0.0637384   0.218947 0.0268871 0.0926404 0.0816856 0.991979
1311867202.332365 -0.0239699 -0.0657429   0.217478 0.0252851 0.0940096 0.0821011 0.991858
1311867202.368310 -0.0215056 -0.0648346   0.217986 0.0256176 0.0947116 0.0817215 0.991814
1311867202.400292 -0.0213257 -0.0660187   0.217767 0.0254099 0.095728 0.0820104 0.991698
1311867202.432186 -0.0219019 -0.0635683   0.215044 0.0253629 0.0951358 0.0826068 0.991707
1311867202.468118 -0.0180848 -0.0644807   0.214834 0.024156 0.0937242 0.0823515 0.991892
1311867202.500244 -0.0218295 -0.0667274   0.217418 0.0233901 0.0946651 0.0826674 0.991795
1311867202.532280 -0.0248854 -0.0681523   0.216964 0.0220868 0.0965285 0.08299 0.991618
1311867202.568183 -0.0247284 -0.0701104   0.216847 0.0205741 0.096542 0.0840485 0.99156
1311867202.600241 -0.0216293 -0.0705622   0.217968 0.0192035 0.0935241 0.0842555 0.99186
1311867202.632409 -0.0191551 -0.0700032   0.217974 0.0179049 0.0924368 0.0838 0.992024
1311867202.668254 -0.0146246 -0.0684444    0.21744 0.0162955 0.0935433 0.0839141 0.991939
1311867202.700291 -0.0133273 -0.0684458   0.219401 0.0152905 0.0948405 0.0842021 0.991807
1311867202.732284 -0.0181302 -0.0651859   0.215788 0.0135754 0.0967955 0.0847805 0.991594
1311867202.768106 -0.0154529 -0.0658679   0.217829 0.0112691 0.0954716 0.0853302 0.991704
1311867202.800215 -0.0127172 -0.0647955   0.218991 0.0101193 0.0943867 0.0854051 0.991814
1311867202.832371 -0.0163568 -0.0625135   0.218401 0.0086076 0.0969926 0.0847617 0.991632
1311867202.868186 -0.0137723 -0.0627387   0.220336 0.00682035 0.0983421 0.0852164 0.991474
1311867202.900343 -0.00947886  -0.0651189    0.223855 0.00614886 0.099298 0.0859175 0.991322
1311867202.932160 -0.0108888 -0.0643178   0.223421 0.00757557 0.10034 0.0875062 0.991069
1311867202.968198 -0.0118379 -0.0650037   0.223151 0.00804895 0.100645 0.0883131 0.990962
1311867203.000234 -0.00973944  -0.0663048    0.225428 0.00956573 0.100772 0.08804 0.99096
1311867203.032284 -0.00994504  -0.0651605    0.227441 0.012455 0.100898 0.0878008 0.990937
1311867203.068187 -0.0140208 -0.0647119   0.226919 0.0136384 0.100395 0.0868918 0.991052
1311867203.100350 -0.0127173 -0.0646133   0.227401 0.0151485 0.0981362 0.0856759 0.991362
1311867203.132443 -0.0192029 -0.0651319    0.22972 0.0162675 0.0985213 0.0846866 0.991391
1311867203.168210 -0.0202414 -0.0644579   0.227566 0.0157062 0.0963607 0.0850873 0.991579
1311867203.200286 -0.0164187 -0.0635599      0.229 0.0158238 0.0937729 0.0851128 0.991823
1311867203.232211 -0.0108816 -0.0606999   0.228262 0.0174738 0.0912678 0.0844531 0.992085
1311867203.268183 -0.0109561 -0.0572091   0.224068 0.0178865 0.090513 0.0837264 0.992208
1311867203.300206 -0.0147133 -0.0582916   0.227144 0.0167768 0.093136 0.0835287 0.992002
1311867203.332226 -0.0141031 -0.0615668   0.230517 0.0161141 0.094207 0.083259 0.991934
1311867203.368129 -0.0103575 -0.0584346   0.229487 0.0184979 0.0936973 0.0824428 0.992009
1311867203.400200 -0.0162256 -0.0525634   0.227186 0.0203868 0.0968339 0.0818419 0.99172
1311867203.432255 -0.0201848 -0.0506797   0.224631 0.0192494 0.0983957 0.0821552 0.991564
1311867203.468205 -0.0144028 -0.0489867   0.223632 0.0199475 0.0967703 0.0828646 0.991651
1311867203.500494 -0.0145014 -0.0470173   0.223234 0.0205507 0.0971499 0.0836815 0.991533
1311867203.532247 -0.0176374  -0.044169   0.222259 0.0202406 0.0979912 0.0850431 0.99134
1311867203.568287 -0.0150846 -0.0425763   0.223044 0.020355 0.0973715 0.0864565 0.991277
1311867203.600247 -0.0123288  -0.041462   0.226442 0.0215792 0.0968677 0.0870624 0.991247
1311867203.632381 -0.0115439 -0.0372181   0.222466 0.0222991 0.0963351 0.0872192 0.991269
1311867203.668366 -0.0130543 -0.0368208   0.223421 0.0217893 0.0970639 0.0877682 0.991161
1311867203.700467 -0.0124221 -0.0347258   0.223481 0.0220656 0.0967642 0.0885336 0.991116
1311867203.732263 -0.0101078 -0.0327302   0.223747 0.0225988 0.0951484 0.0888796 0.99123
1311867203.768142 -0.00822452  -0.0311927    0.224402 0.0231787 0.0943126 0.0890549 0.991281
1311867203.800188 -0.00794987  -0.0291815    0.223849 0.0235936 0.0940173 0.089661 0.991244
1311867203.832438 -0.00980886  -0.0295565    0.225477 0.0235354 0.0939821 0.090617 0.991162
1311867203.868154 -0.0139152 -0.0305357   0.228201 0.0231217 0.0944375 0.0920091 0.991
1311867203.900206 -0.0168691 -0.0286417   0.228081 0.0218422 0.0950819 0.092846 0.990889
1311867203.932460  -0.015954 -0.0313439   0.232242 0.0200824 0.095229 0.0932984 0.99087
1311867203.968287 -0.0144895 -0.0267825   0.231092 0.0206565 0.0944211 0.0941619 0.990854
1311867204.000337 -0.0136993 -0.0289065   0.233481 0.0185024 0.0938668 0.0944569 0.990921
1311867204.032369 -0.0108506 -0.0285597   0.235671 0.0175104 0.0929207 0.0946833 0.991007
1311867204.068206 -0.0131496 -0.0272122   0.236583 0.0166463 0.0937537 0.0950484 0.990908
1311867204.100343 -0.0115468  -0.023689   0.235266 0.0157952 0.0924859 0.0958752 0.990962
1311867204.132295 -0.0110535 -0.0242409   0.237749 0.0135166 0.0913253 0.0965122 0.991041
1311867204.168262 -0.0100497 -0.0213334   0.238196 0.0121289 0.0899825 0.0968193 0.991152
1311867204.200305 -0.00915541  -0.0198885     0.23837 0.00981593 0.0893513 0.0972081 0.991197
1311867204.232436 -0.00871279  -0.0188657    0.240371 0.00822673 0.0889213 0.0971617 0.991254
1311867204.268181 -0.00882551  -0.0153198    0.238508 0.0073117 0.0873139 0.0977799 0.991343
1311867204.300302 -0.00789581  -0.0118005     0.23879 0.00555863 0.0859816 0.0980406 0.991446
1311867204.332519 -0.00515995  -0.0105177    0.240618 0.00401807 0.084251 0.0984285 0.991563
1311867204.368375 -0.00766125 -0.00781148    0.241698 0.00309049 0.084117 0.0988125 0.99154
1311867204.400282 -0.00698558 -0.00516489    0.240551 0.00157366 0.0829486 0.099509 0.991572
1311867204.432434 -0.00562233 -0.00406301    0.241721 0.000351063 0.0816314 0.100362 0.991597
1311867204.468296  -0.00489737 -0.000915515      0.24151 8.66704e-05 0.0802258 0.100853 0.991661
1311867204.500277  -0.00642594 -0.000506539     0.242122 -0.00183495 0.0796324 0.101135 0.991679
1311867204.532479 -0.00631325 -0.00250616    0.246158 -0.00419821 0.0787043 0.101308 0.991728
1311867204.568211 -0.00399553 0.000708612    0.245787 -0.00466289 0.077296 0.101076 0.991861
1311867204.600264  -0.0052265 -0.00109732    0.247842 -0.00722608 0.0774078 0.100363 0.991909
1311867204.632418 -0.00792221 -0.00265013    0.251114 -0.00916447 0.0779051 0.0997739 0.991913
1311867204.668452 -0.00553776 0.000193102     0.24951 -0.0103454 0.0763671 0.0994928 0.99205
1311867204.700261 -0.00220717  0.00113166     0.24972 -0.0114123 0.0744767 0.0986842 0.992262
1311867204.732293 -0.000550804   0.00488339     0.248618 -0.0106856 0.0726027 0.0977104 0.992506
1311867204.768312 -0.00145981   0.0081009    0.245809 -0.0108238 0.0723828 0.0967596 0.992613
1311867204.800434 -0.000887161   0.00927155     0.246068 -0.0114786 0.0732268 0.0961897 0.992599
1311867204.832496 -0.00150359  0.00961653     0.24651 -0.0107386 0.0733717 0.0954653 0.992667
1311867204.868246 -0.00124553   0.0114412    0.245135 -0.0101663 0.072232 0.0950341 0.992798
1311867204.900224 0.000211178   0.0141029    0.242879 -0.010588 0.071544 0.0944848 0.992896
1311867204.936363 0.00113171  0.0155214    0.24308 -0.0106639 0.0714094 0.0939142 0.992959
1311867204.968219 0.00233532  0.0200839   0.239477 -0.00940691 0.0701714 0.0932949 0.993118
1311867205.000335 -0.00338932   0.0197112    0.240248 -0.0112132 0.0710562 0.0922106 0.993138
1311867205.036326 -0.000234529    0.0221701     0.239275 -0.011518 0.0695304 0.0910865 0.993346
1311867205.068637 -0.00100398   0.0232839    0.239408 -0.0119617 0.0697121 0.0893566 0.993485
1311867205.100765 -0.00597177    0.024354    0.240295 -0.0128664 0.0712262 0.0871634 0.993561
1311867205.136301 -0.00167372   0.0270675    0.238011 -0.0128172 0.0691329 0.0860436 0.993807
1311867205.168290 -0.00175625   0.0289826    0.237318 -0.0128331 0.0691371 0.0843457 0.993952
1311867205.200371 -0.00630948   0.0318013    0.236412 -0.0132163 0.070504 0.0822843 0.994024
1311867205.236444 -0.00880604    0.029095    0.238614 -0.0158705 0.0709808 0.0812606 0.994035
1311867205.268392 -0.00361242   0.0301053      0.2363 -0.0168481 0.0686252 0.081682 0.99415
1311867205.300458 -0.00507286   0.0317777    0.237284 -0.0176838 0.0683757 0.0815478 0.994164
1311867205.336288 -0.00245863   0.0347614    0.236001 -0.0179603 0.0668671 0.0818994 0.994233
1311867205.368439 -0.00282597   0.0368274    0.235413 -0.0181988 0.0661707 0.0820232 0.994265
1311867205.400476 -0.00162481   0.0406613    0.233786 -0.0179227 0.06534 0.081995 0.994327
1311867205.436290 0.0014786 0.0436148  0.230872 -0.0183524 0.0642015 0.0824849 0.994353
1311867205.468361 0.00167445  0.0437792   0.232061 -0.0184093 0.0638649 0.0829474 0.994335
1311867205.500259 -0.00257122   0.0455637    0.231193 -0.0183455 0.0645238 0.08301 0.994288
1311867205.536285 -0.00435416    0.048472    0.230723 -0.0186401 0.0654769 0.0828813 0.994231
1311867205.568369 -0.00388205   0.0498919    0.230512 -0.0183106 0.0665562 0.0822929 0.994215
1311867205.600318 -0.0068312  0.0500755   0.231146 -0.0187031 0.0690605 0.0812413 0.994123
1311867205.636378 -0.00882175   0.0540054     0.22782 -0.0186332 0.0706104 0.0810613 0.99403
1311867205.668640 -0.00856398   0.0542868    0.227594 -0.019784 0.0705208 0.080963 0.994022
1311867205.700293 -0.0103558  0.0572545     0.2263 -0.0197614 0.0703911 0.0810107 0.994028
1311867205.736482 -0.0103401    0.05885   0.225347 -0.0215971 0.0703146 0.0813064 0.993971
1311867205.768331 -0.00787038   0.0601492    0.226075 -0.0226907 0.0699866 0.0817375 0.993935
1311867205.800294 -0.00736715    0.063669    0.223077 -0.0222232 0.0694071 0.0824987 0.993923
1311867205.836370 -0.0106368  0.0657868   0.224262 -0.0231588 0.0696696 0.082604 0.993874
1311867205.868513 -0.00923024   0.0685007    0.223893 -0.022896 0.0693087 0.083206 0.993856
1311867205.900317 -0.00943354   0.0699771    0.223577 -0.0228459 0.0693192 0.0834164 0.993838
1311867205.936313 -0.00725453   0.0727929    0.221933 -0.022211 0.0677876 0.0837213 0.993933
1311867205.968515 -0.00732517   0.0753811    0.220946 -0.0221454 0.0672666 0.0836581 0.993975
1311867206.000654 -0.0073632  0.0751644   0.224407 -0.0217369 0.0682696 0.0826212 0.994002
1311867206.036736 -0.011531 0.0761414  0.225479 -0.0203197 0.0708013 0.081393 0.993956
1311867206.068413 -0.0176864   0.079271   0.220903 -0.0198829 0.0727644 0.0808203 0.99387
1311867206.100418 -0.0129764  0.0810042   0.221302 -0.0196638 0.0708904 0.0815096 0.993954
1311867206.136422 -0.0109283  0.0853735   0.218993 -0.0180758 0.0697586 0.0822199 0.994005
1311867206.168280 -0.0115107  0.0878041   0.218492 -0.0184336 0.0698128 0.0823042 0.993988
1311867206.200431 -0.0135356  0.0884616   0.221487 -0.0195745 0.0714804 0.081786 0.993891
1311867206.236354 -0.00895617   0.0904536    0.220286 -0.0185069 0.0703224 0.0820306 0.993973
1311867206.268562 -0.00838828   0.0928512    0.218323 -0.0177655 0.0704557 0.0819604 0.993983
1311867206.300429 -0.0093592  0.0938772    0.21819 -0.0176834 0.0712198 0.0816819 0.993953
1311867206.336618 -0.0111283  0.0950355   0.221288 -0.017314 0.0729485 0.0808241 0.993905
1311867206.368476 -0.0154312  0.0955627   0.221499 -0.0171423 0.0754218 0.0804023 0.993757
1311867206.400411 -0.0158762   0.097104   0.221124 -0.0166698 0.0752946 0.0807399 0.993747
1311867206.436540 -0.0158692  0.0986532    0.22121 -0.0158539 0.07525 0.0806355 0.993773
1311867206.468475 -0.0185394  0.0995898   0.221241 -0.0156716 0.0761297 0.0805632 0.993714
1311867206.500567 -0.0184519   0.102243   0.219524 -0.0156702 0.076373 0.0803574 0.993712
1311867206.536578 -0.020513   0.10384    0.2193 -0.0162832 0.0777159 0.0800756 0.993621
1311867206.568318 -0.0167853   0.107414   0.216824 -0.0158434 0.076197 0.0805265 0.993709
1311867206.600453 -0.017056  0.111064  0.215243 -0.015952 0.0765538 0.0800006 0.993723
1311867206.636480 -0.0208732   0.111568   0.214958 -0.0169633 0.0786243 0.0791824 0.99361
1311867206.668513 -0.0255091   0.110988   0.215149 -0.0184067 0.0805059 0.078411 0.993495
1311867206.700560 -0.0248204   0.116352   0.213762 -0.0169466 0.0802365 0.0781854 0.99356
1311867206.736376 -0.0235718   0.120279   0.209735 -0.0172076 0.0791482 0.0786133 0.993609
1311867206.768348 -0.017483  0.123789   0.20822 -0.0170683 0.0773848 0.0787213 0.993742
1311867206.800520 -0.0157434    0.12724   0.207328 -0.016929 0.0779362 0.0789743 0.993681
1311867206.836416 -0.0171464   0.127897   0.207595 -0.0182559 0.0792618 0.0790939 0.993543
1311867206.868563 -0.0141907   0.128696   0.206864 -0.0190313 0.0781605 0.0803483 0.993515
1311867206.900569 -0.0134427   0.130646   0.207941 -0.0187968 0.0776079 0.0808651 0.993521
1311867206.936441 -0.0169441    0.13309   0.207973 -0.0193402 0.0785031 0.0815836 0.993382
1311867206.968607 -0.0187852   0.134176   0.209099 -0.0213745 0.079085 0.0826987 0.993202
1311867207.000644 -0.0226223   0.134977   0.212316 -0.0230231 0.0805443 0.0824894 0.993065
1311867207.036586 -0.0218504   0.136825   0.213475 -0.0237838 0.080458 0.0821396 0.993083
1311867207.068407 -0.022361  0.139282  0.214302 -0.0250893 0.0819725 0.0810889 0.993013
1311867207.100546 -0.023802  0.137422  0.216193 -0.0271501 0.0832711 0.0804434 0.992904
1311867207.136473 -0.0196823   0.138536   0.214811 -0.0267564 0.0819071 0.0806981 0.993007
1311867207.168707 -0.0241004   0.140742   0.216421 -0.0264971 0.0834655 0.0797632 0.99296
1311867207.200654 -0.0253128   0.140432   0.217886 -0.0271478 0.0837885 0.0793173 0.992951
1311867207.236587 -0.0252085   0.141652   0.218166 -0.026832 0.0837323 0.0787935 0.993006
1311867207.268617 -0.0258175   0.143536   0.217013 -0.0262913 0.0842174 0.0787617 0.992982
1311867207.300500 -0.0257811   0.146578   0.214445 -0.0259344 0.0841167 0.0792702 0.992959
1311867207.336652 -0.0245202    0.14749   0.214805 -0.0257628 0.0837658 0.0795126 0.992974
1311867207.368579 -0.0253893   0.149314   0.214573 -0.0249013 0.0840188 0.0798424 0.992948
1311867207.400698 -0.0251086   0.151567   0.212792 -0.0246559 0.08424 0.0806635 0.992869
1311867207.436580 -0.0269144   0.151868   0.215474 -0.0252733 0.0850379 0.0810167 0.992757
1311867207.468647 -0.0251578   0.154111   0.213418 -0.0242626 0.0845127 0.0820673 0.992741
1311867207.500601 -0.0302712   0.155437   0.213048 -0.0247452 0.08632 0.0828798 0.992506
1311867207.536508 -0.0266619   0.157138   0.211424 -0.0251065 0.0849684 0.0846552 0.992463
1311867207.568706 -0.0291377   0.158521   0.212726 -0.0250787 0.084793 0.0856292 0.992396
1311867207.600587 -0.0295914   0.161739   0.211101 -0.0255907 0.0849528 0.086769 0.99227
1311867207.636491 -0.0352257   0.163319   0.212766 -0.0268764 0.0870195 0.0864268 0.992087
1311867207.668773 -0.031512  0.166314  0.210878 -0.0269053 0.0860681 0.0879151 0.992038
1311867207.700562 -0.0300006   0.168098   0.210471 -0.0274937 0.0862819 0.0887648 0.991928
1311867207.736501 -0.0349322   0.167797   0.211236 -0.0295655 0.087853 0.0885505 0.991749
1311867207.768609 -0.0371826    0.16982    0.21124 -0.0303233 0.0891186 0.0881329 0.991651
1311867207.800991 -0.040184  0.169795  0.213091 -0.0316357 0.0910177 0.0881991 0.991431
1311867207.836554 -0.0419905   0.171295    0.21174 -0.0326781 0.0918056 0.0884542 0.991302
1311867207.868773 -0.0381507   0.172275   0.210042 -0.0331091 0.0902708 0.0892927 0.991354
1311867207.900900 -0.0386124   0.173258   0.208806 -0.033422 0.0905232 0.0888836 0.991357
1311867207.936534 -0.0433475   0.175015   0.209182 -0.0340737 0.0921821 0.0879357 0.991266
1311867207.968490 -0.0420352   0.176263   0.209669 -0.0338895 0.0924147 0.0876816 0.991273
1311867208.000665 -0.0435264   0.176876   0.207387 -0.0339706 0.0931617 0.0876761 0.991201
1311867208.036765 -0.0478175   0.177556    0.20798 -0.0353019 0.0945944 0.0875392 0.991031
1311867208.069925 -0.0450058   0.178594   0.207186 -0.0354647 0.0934095 0.0882467 0.991075
1311867208.101134 -0.0454878   0.179386   0.206311 -0.0358187 0.0933286 0.0885292 0.991045
1311867208.136633 -0.0481808   0.179883   0.206627 -0.0369439 0.0945459 0.0882679 0.990911
1311867208.168683 -0.0483153   0.180182   0.207974 -0.0377663 0.0950707 0.0885995 0.9908
1311867208.200521 -0.0496985   0.181861   0.207251 -0.0384021 0.094825 0.0887945 0.990782
1311867208.236561 -0.0490535   0.183717   0.205924 -0.0391762 0.0946948 0.0889021 0.990755
1311867208.268440 -0.0506064   0.183866   0.207323 -0.0407925 0.0956745 0.0888753 0.990598
1311867208.300597 -0.052493   0.18438  0.206839 -0.0413914 0.0958199 0.0887629 0.990569
1311867208.336528 -0.0536698   0.181903    0.20735 -0.0431374 0.0956721 0.088908 0.990496
1311867208.368511 -0.0526191   0.183407   0.207555 -0.0429623 0.0953536 0.0890025 0.990525
1311867208.400592 -0.0539989   0.184234   0.207304 -0.0433161 0.0961989 0.0887924 0.990447
1311867208.436460 -0.0540724   0.185454   0.204823 -0.0440564 0.0965781 0.0893146 0.990331
1311867208.468664 -0.053785  0.186666  0.204807 -0.0439912 0.0959333 0.0897654 0.990355
1311867208.500564 -0.0547634   0.188033   0.203013 -0.0438357 0.09562 0.0898684 0.990383
1311867208.536522 -0.0547181   0.189465   0.200705 -0.0437872 0.0961178 0.0902176 0.990305
1311867208.568644 -0.0555268   0.189793   0.200479 -0.0437442 0.0972304 0.090189 0.990201
1311867208.600595 -0.0558312    0.19073   0.198426 -0.0430859 0.097629 0.0904084 0.990171
1311867208.636445 -0.0577149   0.191874   0.196982 -0.0426923 0.0986007 0.0906919 0.990066
1311867208.668488 -0.0588848    0.19233   0.196584 -0.0425016 0.0991218 0.0907647 0.990015
1311867208.700606 -0.0600466   0.191429   0.198144 -0.0426359 0.0997197 0.0909018 0.989937
1311867208.736710 -0.0621324   0.192234   0.194986 -0.0426945 0.100619 0.0909896 0.989835
1311867208.768807 -0.0597312   0.193233    0.19453 -0.0424978 0.100731 0.0910798 0.989824
1311867208.800641 -0.0652553   0.193631   0.192388 -0.0427375 0.102328 0.0909345 0.989663
1311867208.836883 -0.0611287   0.195358   0.191038 -0.0434633 0.100159 0.0920837 0.989747
1311867208.868491 -0.0617144   0.196053   0.193463 -0.043613 0.100273 0.091504 0.989783
1311867208.900811 -0.0616826    0.19601   0.191979 -0.0435664 0.100851 0.0911862 0.989756
1311867208.936516 -0.0646039   0.196892   0.192135 -0.0450119 0.102089 0.0914389 0.989541
1311867208.968732 -0.0662621   0.196601   0.195415 -0.0469248 0.102617 0.091584 0.989384
1311867209.000767 -0.0695609   0.197442   0.196323 -0.0472969 0.102623 0.0923775 0.989292
1311867209.036589 -0.0699642   0.199234   0.196159 -0.0484825 0.101832 0.0927213 0.989284
1311867209.068848 -0.0685415     0.1995   0.197637 -0.0499304 0.101357 0.0927635 0.989257
1311867209.100837 -0.0675145   0.201228   0.197044 -0.0498382 0.101356 0.092637 0.989273
1311867209.145248 -0.0695757    0.20223   0.197051 -0.0505097 0.101983 0.0928407 0.989156
1311867209.168676 -0.0674246   0.202898   0.195561 -0.0510668 0.101225 0.0932321 0.989168
1311867209.200608 -0.06663 0.203778 0.196994 -0.0513358 0.1008 0.0929566 0.989223
1311867209.236579 -0.0685315   0.204491    0.19481 -0.0520221 0.101266 0.0923835 0.989194
1311867209.268677 -0.0692465   0.205324    0.19764 -0.0528432 0.102518 0.0914716 0.989106
1311867209.300548 -0.0683072    0.20572   0.197205 -0.053007 0.103015 0.0907796 0.989109
1311867209.336608 -0.0726498    0.20771   0.195586 -0.0538591 0.104563 0.0905684 0.98892
1311867209.368685 -0.070003  0.208964  0.195159 -0.054573 0.103885 0.090967 0.988916
1311867209.400674 -0.0699925   0.210386   0.194784 -0.0541498 0.104007 0.0914382 0.988883
1311867209.436604 -0.0690123   0.214129   0.190777 -0.0541867 0.103673 0.0922662 0.988839
1311867209.468504 -0.0678446   0.214086   0.192588 -0.0550497 0.103383 0.09225 0.988823
1311867209.501113 -0.0648142   0.215833   0.190696 -0.054475 0.102979 0.0922839 0.988894
1311867209.536902 -0.0650151   0.217349   0.190788 -0.054299 0.103431 0.0914438 0.988935
1311867209.568689 -0.0662692   0.219886   0.190369 -0.0543579 0.10497 0.0904162 0.988864
1311867209.600759 -0.0664437   0.221694   0.192196 -0.055268 0.106879 0.0899341 0.988653
1311867209.636594 -0.064234  0.222428   0.19042 -0.0559965 0.107364 0.0899339 0.988559
1311867209.668570 -0.0639318    0.22466   0.188105 -0.0560757 0.107213 0.090645 0.988506
1311867209.701272 -0.0627865   0.226648   0.186267 -0.0565431 0.106153 0.0912074 0.988542
1311867209.736573 -0.0575477   0.228831   0.184525 -0.057122 0.104592 0.0921185 0.988591
1311867209.768624 -0.0567537   0.230249   0.182634 -0.0577936 0.104608 0.0926791 0.988498
1311867209.801498 -0.0600334   0.231468   0.185186 -0.0595282 0.10578 0.0929532 0.988244
1311867209.836574 -0.0589853   0.231799   0.186061 -0.0604401 0.104901 0.0936306 0.988219
1311867209.868553 -0.0608828   0.232712   0.187655 -0.0604986 0.104995 0.0936906 0.988199
1311867209.900669 -0.0633806   0.232932   0.190047 -0.0615466 0.104938 0.094568 0.988057
1311867209.936544 -0.0636105   0.232691   0.193241 -0.0622979 0.104516 0.0946829 0.988044
1311867209.968938 -0.0618754   0.234505   0.191928 -0.0619004 0.103439 0.0950882 0.988143
1311867210.000704 -0.0662745   0.235373    0.19329 -0.062669 0.103629 0.0951446 0.988069
1311867210.036683 -0.0626474   0.239092   0.192678 -0.0618488 0.101591 0.0959164 0.988258
1311867210.068816 -0.0608264   0.241613   0.190074 -0.060618 0.100452 0.0963007 0.988413
1311867210.100607 -0.0601408   0.241601   0.188408 -0.061388 0.099901 0.0971583 0.988338
1311867210.136711 -0.0641414    0.23963   0.194094 -0.0622412 0.0998044 0.0964542 0.988363
1311867210.168673 -0.0637547   0.239255    0.19677 -0.0615752 0.0995825 0.096024 0.988469
1311867210.200662 -0.0637927   0.240479    0.19284 -0.0612942 0.099373 0.0964468 0.988467
1311867210.236614 -0.064479  0.241305  0.195699 -0.0624564 0.0993736 0.0968828 0.988351
1311867210.268764 -0.0619217   0.241752   0.196367 -0.0623844 0.0981989 0.0977631 0.988386
1311867210.300692 -0.060124  0.242471  0.196291 -0.0624562 0.097253 0.0984889 0.988403
1311867210.336672 -0.0624357   0.242251   0.195763 -0.0626389 0.0980918 0.0983533 0.988322
1311867210.368993 -0.0616789   0.243488   0.194983 -0.0619529 0.0974093 0.0986094 0.988408
1311867210.400741 -0.0604027   0.244602   0.192353 -0.0615607 0.0969851 0.0990288 0.988432
1311867210.436672 -0.0604048   0.245561   0.191928 -0.0621425 0.0976998 0.09917 0.988311
1311867210.469063 -0.056558  0.243969  0.192593 -0.0619216 0.097008 0.0992718 0.988383
1311867210.500649 -0.0594991   0.245391   0.194788 -0.0597952 0.0985497 0.0980477 0.988483
1311867210.536682 -0.0565574   0.245617   0.191298 -0.0597795 0.0980227 0.0984016 0.988501
1311867210.569047 -0.0565249   0.245401   0.193448 -0.0590228 0.0989809 0.0975572 0.988535
1311867210.600859 -0.0604911   0.246034   0.196641 -0.0569956 0.100901 0.0970965 0.988505
1311867210.636787 -0.0616658   0.247793   0.192987 -0.0569314 0.100158 0.0985695 0.988439
1311867210.673847 -0.06127 0.245301 0.194237 -0.0588872 0.0988613 0.0989483 0.988417
1311867210.700721 -0.0587221   0.246621   0.193877 -0.0582788 0.0982939 0.0990813 0.988496
1311867210.736657 -0.0596795   0.247949   0.190736 -0.0581271 0.0990512 0.0992432 0.988413
1311867210.769036 -0.0562943     0.2469    0.19309 -0.0591299 0.0978175 0.099769 0.988424
1311867210.800700 -0.0534847   0.246912   0.195055 -0.0576033 0.0976748 0.0991729 0.988588
1311867210.836863 -0.0570717   0.248347   0.191858 -0.0567921 0.0990949 0.0989412 0.988517
1311867210.868831 -0.0550773   0.247331   0.192806 -0.0565376 0.098417 0.0989376 0.988599
1311867210.900724 -0.0541165   0.247599   0.193745 -0.0561597 0.0979764 0.0993995 0.988618
1311867210.936751 -0.0550786   0.245567   0.197736 -0.0560066 0.0983259 0.0989755 0.988635
1311867210.969224 -0.0559523   0.244286   0.201022 -0.0533006 0.0997851 0.0975294 0.988782
1311867211.001198 -0.0599989   0.245524   0.195004 -0.052789 0.100894 0.0979934 0.988651
1311867211.036754 -0.0590069   0.243645   0.198073 -0.0538708 0.100619 0.097707 0.988649
1311867211.069171 -0.0593691   0.243696   0.202532 -0.0518942 0.101876 0.0965382 0.988741
1311867211.101339 -0.0623101   0.247704   0.195779 -0.0510544 0.102504 0.0968546 0.988689
1311867211.136879 -0.0605068   0.247088   0.195685 -0.0527883 0.101755 0.0976895 0.988593
1311867211.169535 -0.0564432    0.24641   0.196454 -0.0528517 0.100558 0.0985229 0.988629
1311867211.200759 -0.0565864   0.247359   0.196191 -0.0520332 0.100364 0.0988358 0.988661
1311867211.236938 -0.0589957   0.247733   0.195371 -0.0532388 0.101061 0.0990833 0.988501
1311867211.268944 -0.0597766   0.246451   0.199862 -0.0542069 0.101681 0.0987199 0.988421
1311867211.301073 -0.0602759    0.24693   0.199246 -0.0531172 0.10176 0.0988022 0.988464
1311867211.336815 -0.0594935   0.247409   0.197597 -0.0531449 0.101125 0.099181 0.98849
1311867211.368899 -0.0595969   0.246051   0.197806 -0.0540482 0.101201 0.098999 0.988451
1311867211.401155 -0.0594337   0.244962   0.200508 -0.0534347 0.101456 0.0984877 0.98851
1311867211.436783 -0.0563036    0.24515   0.200588 -0.0524777 0.100639 0.0988094 0.988612
1311867211.468760 -0.0540946   0.246544   0.197258 -0.0520239 0.0996156 0.0994439 0.988676
1311867211.500750 -0.0528612   0.244274   0.199728 -0.0521943 0.0989961 0.0996764 0.988706
1311867211.536921 -0.0560617   0.243754   0.198584 -0.0516301 0.0992965 0.0995968 0.988714
1311867211.569353 -0.0554732   0.244049   0.199347 -0.0514226 0.0986824 0.100083 0.988737
1311867211.600936 -0.0562592   0.242909   0.198547 -0.0524292 0.0988594 0.100495 0.988625
1311867211.636776 -0.0559351    0.24251   0.199171 -0.0517014 0.0987746 0.100663 0.988654
1311867211.669417 -0.0577936   0.242536   0.197336 -0.0516648 0.0992848 0.100655 0.988606
1311867211.700795 -0.0584424   0.240879   0.199382 -0.0538996 0.0996993 0.0999534 0.988516
1311867211.736761 -0.0573266   0.240746   0.199342 -0.0546805 0.100262 0.0995232 0.98846
1311867211.769891 -0.0570521   0.240528    0.19765 -0.0559721 0.099903 0.0994502 0.988431
1311867211.801052 -0.0572395   0.240023   0.197954 -0.0568454 0.099703 0.0999392 0.988352
1311867211.838297 -0.0623162   0.238898   0.198462 -0.0579066 0.100331 0.100425 0.988178
1311867211.868798 -0.0612457   0.237839   0.202969 -0.0583703 0.0996807 0.100797 0.988178
1311867211.901152 -0.0606259   0.238282   0.200597 -0.0579062 0.0995728 0.101533 0.988141
1311867211.937348 -0.0619449   0.236931   0.202969 -0.0593808 0.0998169 0.101934 0.987988
1311867211.971087 -0.0637264   0.236165   0.207664 -0.0599454 0.0997433 0.101775 0.987978
1311867212.001054 -0.0619647   0.235269   0.210216 -0.0595541 0.098533 0.101862 0.988114
1311867212.037396 -0.0615668    0.23612   0.207185 -0.0592828 0.0982343 0.102025 0.988143
1311867212.068925 -0.0608115   0.234341   0.208222 -0.060333 0.0984705 0.102149 0.988043
1311867212.100836 -0.0596053   0.233007   0.211763 -0.0594328 0.098672 0.101798 0.988114
1311867212.137104 -0.0624427   0.231243   0.212511 -0.0583859 0.0990717 0.101455 0.988171
1311867212.168899 -0.0626772   0.229752   0.211249 -0.0590078 0.0989057 0.101084 0.988189
1311867212.201292 -0.0621495   0.227335   0.213325 -0.0594227 0.0988368 0.100583 0.988222
1311867212.236828 -0.0603737   0.226813   0.212412 -0.0586942 0.0981227 0.100793 0.988316
1311867212.269660 -0.0604536   0.227208   0.210734 -0.0591804 0.0978746 0.101242 0.988265
1311867212.300798 -0.0626286   0.224379   0.211347 -0.0611966 0.0987293 0.100774 0.988105
1311867212.336980 -0.0615239   0.222715   0.216737 -0.0617004 0.0987149 0.100167 0.988137
1311867212.369121 -0.0644074   0.222538   0.217963 -0.0611975 0.0995749 0.0995299 0.988147
1311867212.400874 -0.0662884   0.220961   0.220179 -0.061827 0.100407 0.0989367 0.988083
1311867212.437295 -0.0647211   0.220039   0.220673 -0.0615713 0.0997934 0.0983117 0.988223
1311867212.468814 -0.0638123   0.219461   0.219897 -0.0609198 0.0996375 0.0974363 0.988366
1311867212.500920 -0.06598 0.219163 0.219493 -0.0609749 0.100791 0.0964292 0.988344
1311867212.536991 -0.0661131   0.217232    0.21935 -0.0624592 0.100562 0.0956715 0.988349
1311867212.568780 -0.0615841   0.215849   0.220083 -0.0632395 0.0993258 0.0948533 0.988503
1311867212.600775 -0.0665123   0.215249   0.219671 -0.0636707 0.100424 0.0937054 0.988474
1311867212.636951 -0.0682154   0.214802   0.219827 -0.0652189 0.100857 0.0929166 0.988403
1311867212.668874 -0.0650531   0.213496   0.221394 -0.0660161 0.100109 0.0922872 0.988485
1311867212.701018 -0.0680467   0.213254    0.22226 -0.0659727 0.100574 0.0916626 0.988499
1311867212.736989 -0.0702295    0.21072   0.225473 -0.0674666 0.100916 0.0910202 0.988423
1311867212.768959 -0.0672214   0.211407   0.226618 -0.0675233 0.100065 0.0910455 0.988503
1311867212.800808 -0.0693823   0.209767   0.230539 -0.0677158 0.100836 0.0901289 0.988496
1311867212.837870 -0.0721567    0.21008   0.231966 -0.0678067 0.101561 0.0895821 0.988465
1311867212.869033 -0.0723953   0.208597   0.233618 -0.0696317 0.101203 0.0894351 0.988388
1311867212.900811 -0.0699015   0.206407   0.238625 -0.0711618 0.100486 0.0891593 0.988377
1311867212.936948 -0.068766  0.205631  0.237373 -0.0710972 0.100044 0.0886742 0.98847
1311867212.969087 -0.0684298   0.205126   0.239658 -0.071508 0.0999372 0.0880607 0.988506
1311867213.001064 -0.0672475   0.204319   0.238151 -0.0716274 0.0997044 0.087746 0.988549
1311867213.036927 -0.0692129    0.20415   0.239169 -0.0717388 0.100268 0.0867852 0.988569
1311867213.069051 -0.0685462   0.203365   0.237655 -0.0724157 0.100427 0.0857947 0.98859
1311867213.101068 -0.0648727   0.201866    0.23758 -0.0726593 0.0999946 0.0859278 0.988604
1311867213.137000 -0.0644435   0.201251   0.237019 -0.0729498 0.0990997 0.0861831 0.988651
1311867213.169165 -0.0653584   0.200931   0.239952 -0.073388 0.0985403 0.0856738 0.988718
1311867213.201431 -0.0652746   0.200636   0.241091 -0.075182 0.0980585 0.0859429 0.988608
1311867213.236857 -0.062359   0.19839  0.247004 -0.0765383 0.0965236 0.086229 0.98863
1311867213.269223 -0.0593607   0.198284   0.245574 -0.0762996 0.0953453 0.0868351 0.98871
1311867213.301416 -0.0578649   0.196425   0.247637 -0.0779312 0.0944177 0.0873021 0.988631
1311867213.336896 -0.0552373   0.196181   0.247135 -0.0772488 0.0936284 0.0876999 0.988724
1311867213.369001 -0.0548111   0.195694   0.247452 -0.0772102 0.0938306 0.0879256 0.988688
1311867213.401378 -0.0551151   0.194062   0.249404 -0.0780035 0.0937841 0.0876043 0.988658
1311867213.437193 -0.0556752   0.192063   0.253158 -0.0784083 0.0938644 0.0869786 0.988674
1311867213.469040 -0.0549242   0.191731   0.251536 -0.0780776 0.0939046 0.087216 0.988675
1311867213.500997 -0.0550108   0.188356   0.253074 -0.0779041 0.0945863 0.0871166 0.988633
1311867213.536881 -0.0532858   0.187894   0.250375 -0.0766293 0.0945476 0.0873456 0.988716
1311867213.569042 -0.0504335   0.185872   0.249804 -0.0757443 0.0937145 0.087522 0.988848
1311867213.601011 -0.0511978   0.183672   0.251734 -0.0751832 0.0938472 0.087881 0.988846
1311867213.636923 -0.055158  0.180696  0.254818 -0.0747317 0.0936296 0.0875859 0.988927
1311867213.668995 -0.0523038   0.179695   0.253292 -0.0733021 0.0922163 0.087736 0.989154
1311867213.701300 -0.0533731   0.177577   0.254986 -0.0719871 0.0924341 0.08724 0.989274
1311867213.737146 -0.0547891   0.174703   0.256313 -0.0709906 0.0924047 0.0872221 0.98935
1311867213.769090 -0.0525127   0.174406   0.256418 -0.0693093 0.0913688 0.08773 0.989521
1311867213.801664 -0.0500106   0.172207   0.254388 -0.0676268 0.0902123 0.0878793 0.98973
1311867213.837348 -0.0492939   0.171579   0.255681 -0.0656702 0.0892834 0.0878796 0.989946
1311867213.868914 -0.0490815   0.171222   0.250425 -0.0653098 0.087618 0.0887776 0.990039
1311867213.900969 -0.0501425   0.169506   0.254421 -0.0660962 0.0867136 0.088411 0.990099
1311867213.937067 -0.0480683   0.168817   0.254107 -0.0651391 0.0859612 0.088125 0.990253
1311867213.968920 -0.0511934   0.167885   0.251625 -0.0654626 0.0868593 0.0875143 0.990208
1311867214.005161 -0.0511457   0.167401   0.252009 -0.0658301 0.0866797 0.0877877 0.990175
1311867214.037101 -0.0534607   0.165382    0.25404 -0.065816 0.0864569 0.0882761 0.990152
1311867214.068910 -0.0496018   0.164597   0.255685 -0.065353 0.0841082 0.0891345 0.990308
1311867214.104861 -0.0476195   0.166219   0.253721 -0.0642814 0.08246 0.0897055 0.990465
1311867214.138206 -0.0462156   0.165096   0.256097 -0.0641338 0.0811057 0.0897547 0.990582
1311867214.169647 -0.0476307    0.16522   0.254516 -0.062756 0.081557 0.0897366 0.990635
1311867214.205217 -0.0456914   0.165801   0.254021 -0.0619208 0.0805006 0.0907182 0.990684
1311867214.239878 -0.0450902   0.164055   0.254074 -0.0621625 0.0798238 0.0908573 0.990711
1311867214.270552 -0.0397099   0.163915   0.256274 -0.0621543 0.0782478 0.0912181 0.990804
1311867214.305762 -0.0402768   0.164096   0.255909 -0.0611686 0.0785049 0.0911441 0.990852
1311867214.337669 -0.0403006   0.164222    0.25474 -0.0609331 0.0785855 0.0912115 0.990854
1311867214.369049 -0.0444329   0.163896   0.257569 -0.0605115 0.0798806 0.0906637 0.990827
1311867214.405033 -0.041169  0.164973  0.254266 -0.0599819 0.0783155 0.0914365 0.990913
1311867214.437364 -0.0418096   0.164438   0.254243 -0.0606179 0.0784895 0.0915913 0.990846
1311867214.469778 -0.0413531   0.162588   0.256349 -0.0617519 0.0782835 0.0924662 0.990711
1311867214.505939 -0.0372446    0.16169   0.259443 -0.0613992 0.0762039 0.0934632 0.990802
1311867214.537369 -0.0321156   0.161945   0.257559 -0.0603786 0.0742238 0.0938128 0.990982
1311867214.569142 -0.0273732   0.162603   0.255515 -0.0587794 0.0730362 0.0936595 0.99118
1311867214.604864 -0.0279996    0.16274   0.257531 -0.0576722 0.0739406 0.0933082 0.991212
1311867214.636989 -0.0308496   0.159995   0.258813 -0.0579003 0.0744736 0.0929814 0.991189
1311867214.669101 -0.033567  0.156845  0.262181 -0.0582684 0.0747862 0.0921685 0.99122
1311867214.704890 -0.0352145   0.158507   0.260293 -0.0574738 0.0747791 0.0918577 0.991296
1311867214.736964 -0.0341317   0.158122   0.262512 -0.057482 0.0742878 0.09125 0.991388
1311867214.769506 -0.0371707   0.155918   0.265503 -0.057481 0.0754005 0.0904126 0.991381
1311867214.804993 -0.03817  0.15525 0.263878 -0.0576041 0.075713 0.0901875 0.991371
1311867214.836918 -0.0394786     0.1511   0.267344 -0.0599364 0.076277 0.0897199 0.991231
1311867214.869998 -0.0386164   0.149533   0.272187 -0.0599278 0.0761654 0.089742 0.991239
1311867214.904984 -0.0400541   0.149376    0.27151 -0.058656 0.0765106 0.09032 0.991236
1311867214.937253 -0.039234  0.148433  0.270152 -0.0591854 0.0759424 0.091364 0.991152
1311867214.969304 -0.0363829   0.146175   0.273684 -0.059201 0.0746581 0.0917159 0.991216
1311867215.005064 -0.0300313   0.145347   0.271092 -0.057577 0.0733379 0.0924462 0.991343
1311867215.037107 -0.0310224   0.144809    0.26831 -0.057143 0.0743096 0.0926549 0.991276
1311867215.069291 -0.0316486   0.143596   0.271274 -0.0564894 0.0748516 0.0924875 0.991288
1311867215.105004 -0.0308312    0.13995   0.275122 -0.0550188 0.0746365 0.0927701 0.991361
1311867215.136914 -0.0338667   0.138999   0.273413 -0.0528064 0.0759716 0.0929244 0.991365
1311867215.169446 -0.0314154   0.139252    0.27191 -0.0513582 0.0751802 0.0936758 0.991431
1311867215.204946 -0.03127 0.136323 0.273481 -0.0504086 0.0755623 0.0941718 0.991404
1311867215.236951 -0.0287048   0.135845   0.269586 -0.0492633 0.0745662 0.0954797 0.991411
1311867215.269082 -0.0273893   0.134783   0.269873 -0.0492891 0.0744136 0.0952571 0.991443
1311867215.304957 -0.0298947   0.132552   0.272543 -0.0493278 0.0757785 0.0945661 0.991404
1311867215.336962 -0.0331325    0.13033   0.274578 -0.0499212 0.076785 0.0944812 0.991305
1311867215.369184 -0.0309664   0.129692   0.274328 -0.0500592 0.0761356 0.0947545 0.991322
1311867215.404952 -0.031506   0.12605  0.278784 -0.0503144 0.0761171 0.0946061 0.991325
1311867215.437035 -0.0314428   0.123649   0.279423 -0.0500821 0.0758943 0.0948416 0.991331
1311867215.469090 -0.0307711   0.121469   0.279903 -0.0503664 0.0751652 0.0955844 0.991301
1311867215.504980 -0.0319973   0.117152   0.284311 -0.0510673 0.0747569 0.0954816 0.991306
1311867215.537123 -0.0293429   0.120311   0.281295 -0.0486933 0.0735455 0.0954593 0.991518
1311867215.569034 -0.0302283   0.119448   0.280213 -0.0488938 0.0736394 0.0956731 0.99148
1311867215.605085 -0.0284557   0.115517   0.282785 -0.0492445 0.0725593 0.0956902 0.991541
1311867215.637055 -0.0291489   0.113617   0.285316 -0.0474715 0.072559 0.0953508 0.99166
1311867215.668922 -0.0337666   0.113943   0.281447 -0.046269 0.0743824 0.094799 0.991635
1311867215.704951 -0.0309697   0.111894    0.28139 -0.0468574 0.0737867 0.0947942 0.991652
1311867215.738883 -0.0299349   0.109908   0.283345 -0.0457673 0.0734678 0.0945305 0.991752
1311867215.769199 -0.0303448   0.109536   0.281188 -0.0446641 0.0738352 0.0944455 0.991783
1311867215.804883 -0.0308555   0.108366   0.280559 -0.0452425 0.0741918 0.0945796 0.991717
1311867215.837335 -0.0257638   0.107305   0.279824 -0.0452231 0.0726339 0.0949741 0.991796
1311867215.869167 -0.0276168   0.108231   0.280002 -0.0444289 0.0732929 0.095247 0.991757
1311867215.905276 -0.0286814   0.108593   0.279495 -0.0452238 0.0736333 0.0954063 0.991681
1311867215.937088 -0.0280965   0.104768   0.282351 -0.0466111 0.072861 0.0953927 0.991675
1311867215.970287 -0.0292944   0.103137   0.283485 -0.0463202 0.0731419 0.0952947 0.991677
1311867216.005079 -0.0290709   0.105516   0.280347 -0.0450775 0.0731543 0.0954193 0.991722
1311867216.036968 -0.0280178   0.103724   0.282098 -0.0451894 0.0728474 0.095215 0.991759
1311867216.069483 -0.0281606   0.102366   0.282666 -0.0448631 0.0727703 0.0950515 0.991795
1311867216.105043 -0.0278725  0.0988776   0.284549 -0.0444984 0.0725687 0.0947087 0.991859
1311867216.139295 -0.0286836  0.0990726   0.284922 -0.0434732 0.0732437 0.0941986 0.991903
1311867216.169209 -0.0297029  0.0960499   0.285022 -0.0431679 0.0738732 0.0939427 0.991894
1311867216.204961 -0.0298096  0.0936449    0.28572 -0.041593 0.0734448 0.0937496 0.992012
1311867216.237023 -0.0280376  0.0922648   0.282812 -0.0404532 0.0723849 0.0943551 0.992079
1311867216.270663 -0.0276937  0.0916217   0.280805 -0.039185 0.0731836 0.0944574 0.992062
1311867216.305048 -0.0248905  0.0898444   0.279815 -0.0374553 0.0731667 0.094306 0.992144
1311867216.339542 -0.0270883  0.0867979    0.27998 -0.03656 0.0737605 0.0938139 0.99218
1311867216.369469 -0.0272219  0.0843885   0.279645 -0.0355984 0.0742444 0.0935557 0.992204
1311867216.405512 -0.0270746  0.0828898   0.278256 -0.0345964 0.0743843 0.0929696 0.992284
1311867216.437341 -0.0276366  0.0801287   0.277987 -0.0346099 0.0750237 0.0916913 0.992354
1311867216.469753 -0.0319338  0.0778621   0.280205 -0.0340138 0.0772336 0.0906247 0.992303
1311867216.504980 -0.0357515  0.0755529   0.280876 -0.0333476 0.077989 0.0900508 0.992319
1311867216.537226 -0.0345154  0.0754252   0.277643 -0.0330001 0.0767667 0.0903182 0.992401
1311867216.569333 -0.0335978  0.0739039   0.277619 -0.0333496 0.0768039 0.0905381 0.992367
1311867216.605032 -0.0347448  0.0728408   0.276856 -0.0324685 0.0766962 0.0907151 0.992388
1311867216.637314 -0.0334038  0.0743518   0.273195 -0.0311165 0.0758104 0.0910433 0.992469
1311867216.669119 -0.0308813  0.0752296   0.270572 -0.0308443 0.0745781 0.0918315 0.992499
1311867216.705236 -0.0320473  0.0732469   0.273564 -0.0307821 0.0746634 0.0915977 0.992516
1311867216.737208 -0.0315288  0.0737233   0.271875 -0.0297153 0.0746911 0.0915832 0.992548
1311867216.769195 -0.0330122  0.0739857   0.270642 -0.0296276 0.0752361 0.0915572 0.992511
1311867216.805002 -0.0320691  0.0734898   0.272058 -0.0293889 0.0740761 0.091432 0.992617
1311867216.837963 -0.0344438  0.0706861   0.273579 -0.0299749 0.0744974 0.0911898 0.992591
1311867216.870340 -0.0318882  0.0716488     0.2718 -0.0298936 0.0740768 0.0914653 0.992599
1311867216.904959 -0.032517 0.0700804  0.272673 -0.0300354 0.0740072 0.0912242 0.992622
1311867216.937407 -0.0349665  0.0653145   0.275881 -0.0312312 0.0737491 0.0914434 0.992584
1311867216.969173 -0.0332237  0.0645355   0.275136 -0.0310462 0.0730907 0.0918567 0.992601
1311867217.005327 -0.0321395  0.0648948   0.276286 -0.0300825 0.0729153 0.0917783 0.992651
1311867217.037311 -0.0334265  0.0641747   0.275647 -0.0298173 0.0724415 0.0920672 0.992667
1311867217.069129 -0.0340513  0.0629154   0.276336 -0.0299217 0.0720861 0.09246 0.992653
1311867217.105258 -0.0325089  0.0616138   0.276406 -0.0295926 0.0717325 0.0923947 0.992694
1311867217.137085 -0.0343573  0.0617389    0.27515 -0.0296724 0.072226 0.0921238 0.992681
1311867217.169189 -0.0345671  0.0605335   0.276475 -0.0301883 0.0721332 0.0920002 0.992684
1311867217.205792 -0.0341031   0.058066   0.279395 -0.0303286 0.0723856 0.0918447 0.992676
1311867217.237168 -0.0349954  0.0588922   0.278717 -0.030084 0.0730448 0.0917091 0.992647
1311867217.269228 -0.0311257  0.0595525   0.276715 -0.0296846 0.0716749 0.0924493 0.992691
1311867217.305164 -0.0325948  0.0558186    0.28044 -0.0300661 0.0722595 0.092051 0.992674
1311867217.337405 -0.0315187  0.0567333   0.279271 -0.0287869 0.0728598 0.0915319 0.992716
1311867217.369597 -0.0332205  0.0538246   0.282517 -0.0285817 0.0753996 0.091128 0.992569
1311867217.412045 -0.0355054  0.0526268   0.279797 -0.0270299 0.0763416 0.0917105 0.992487
1311867217.437282 -0.0348753  0.0538894   0.278565 -0.025691 0.0752322 0.0923361 0.992549
1311867217.469419 -0.0318309  0.0533456    0.27786 -0.0248709 0.0743778 0.0924782 0.992621
1311867217.505032 -0.0312167  0.0536823   0.276136 -0.0237212 0.0746591 0.0925394 0.992623
1311867217.537068 -0.0314779  0.0516125   0.276925 -0.0237771 0.0748539 0.0923792 0.992622
1311867217.569154 -0.0314699  0.0499571   0.277818 -0.0229813 0.0749502 0.0919749 0.992671
1311867217.605054 -0.0290242  0.0513394   0.276659 -0.0215085 0.0752 0.0910589 0.992769
1311867217.637099 -0.0287871  0.0486817   0.276942 -0.0208264 0.077417 0.0898979 0.992719
1311867217.669100 -0.0298626  0.0475413     0.2769 -0.0191636 0.0790416 0.0890908 0.992697
1311867217.705063 -0.0320845  0.0465281   0.275762 -0.0178029 0.0795719 0.0883978 0.992742
1311867217.737154 -0.0326786  0.0454708   0.275101 -0.0175802 0.0796409 0.0878045 0.992793
1311867217.769488 -0.0321929  0.0443511   0.274753 -0.0175171 0.0794467 0.0871486 0.992868
1311867217.805184 -0.0327472   0.044386   0.274685 -0.0171324 0.0794562 0.0865274 0.992928
1311867217.837227 -0.031761 0.0448352  0.273359 -0.0172685 0.0783943 0.0865059 0.993012
1311867217.869085 -0.0301917  0.0439022   0.273809 -0.0171634 0.0779992 0.085698 0.993115
1311867217.905635 -0.0306741  0.0429817   0.274221 -0.0164962 0.0790185 0.0848814 0.993116
1311867217.937258 -0.0314236  0.0423013   0.273984 -0.0161916 0.0796241 0.0846125 0.993095
1311867217.971093 -0.0309756  0.0392275    0.27503 -0.0157378 0.0794382 0.0842657 0.993147
1311867218.005224 -0.0334796  0.0369815   0.275048 -0.0153377 0.080021 0.0842172 0.993111
1311867218.037144 -0.0330603   0.036491   0.274456 -0.0153513 0.0799214 0.0841419 0.993125
1311867218.071085 -0.0323795  0.0349129   0.274146 -0.0152529 0.0799158 0.0840051 0.993138
1311867218.105098 -0.033575 0.0329806  0.273846 -0.0151165 0.0806738 0.0838781 0.99309
1311867218.137118 -0.035541 0.0298334   0.27432 -0.0152763 0.0815948 0.083922 0.993009
1311867218.171201 -0.0349597  0.0272959   0.274797 -0.0148237 0.0811174 0.0840214 0.993046
1311867218.205035 -0.0345011  0.0270395   0.273381 -0.0136004 0.0811598 0.084538 0.993016
1311867218.237244 -0.0359008  0.0261158   0.271967 -0.0132722 0.0814215 0.0853784 0.992927
1311867218.271553 -0.0358358  0.0221603   0.274438 -0.0135482 0.0813332 0.0863291 0.992849
1311867218.305133 -0.0371957  0.0217003   0.274326 -0.0130298 0.0813016 0.0878263 0.992727
1311867218.337365 -0.0370436  0.0219449    0.27429 -0.0133106 0.0807728 0.0891835 0.992645
1311867218.373471 -0.0363664  0.0188622   0.276449 -0.0136466 0.0807446 0.0899802 0.992571
1311867218.405269 -0.0372816  0.0186097   0.276474 -0.012683 0.0811507 0.0912648 0.992434
1311867218.437232 -0.0372203  0.0190575   0.275948 -0.0136677 0.0806211 0.0924208 0.992357
1311867218.472952 -0.0344516  0.0177865   0.277063 -0.015511 0.0792601 0.0928852 0.992396
1311867218.505117 -0.0331622  0.0156238   0.279144 -0.0158795 0.0797993 0.0927722 0.992357
1311867218.537273 -0.0327323  0.0143078   0.278997 -0.0154148 0.0804484 0.0927729 0.992312
1311867218.571458 -0.0331731  0.0141705     0.2785 -0.0147602 0.0806233 0.092502 0.992333
1311867218.605932 -0.0307042  0.0136229    0.27812 -0.0133851 0.0797613 0.0923713 0.992435
1311867218.637202 -0.0301743   0.015182   0.274768 -0.0115717 0.0799564 0.092615 0.992419
1311867218.671051 -0.0276701  0.0156862   0.273534 -0.0105675 0.0795004 0.0929458 0.992436
1311867218.705900 -0.0289461  0.0102236   0.276092 -0.0109745 0.0802792 0.0930595 0.992358
1311867218.737849 -0.0287919  0.0109054   0.275116 -0.0092936 0.0797185 0.0934701 0.992382
1311867218.771585 -0.0245059  0.0126904   0.270926 -0.00852892 0.0779866 0.0939228 0.992484
1311867218.805242 -0.0264776  0.0067852   0.274452 -0.00919982 0.0797208 0.0935044 0.992379
1311867218.837996 -0.0261065 0.00662954   0.274193 -0.00775839 0.0798979 0.0938611 0.992344
1311867218.872727 -0.0261235  0.0072548   0.273218 -0.00761453 0.0798227 0.0941009 0.992328
1311867218.905486 -0.0250572  0.0048014   0.274877 -0.00707129 0.0808069 0.0934811 0.992311
1311867218.937220 -0.0258117 0.00911709   0.270985 -0.00438997 0.0812492 0.093431 0.992295
1311867218.973161 -0.0196888 0.00912552   0.268319 -0.00393778 0.0796489 0.0937367 0.992398
1311867219.005183 -0.0184908 0.00779359   0.268267 -0.00302412 0.079577 0.0935243 0.992427
1311867219.037124 -0.0196755  0.0057428   0.268807 -0.00222494 0.080229 0.0929673 0.992429
1311867219.073837 -0.0197797 0.00664977   0.267128 -0.000388535 0.0804517 0.0927832 0.992431
1311867219.105080 -0.0192034 0.00633619   0.265973 0.000400208 0.0801884 0.0930827 0.992424
1311867219.138326 -0.0191561 0.00571198   0.266319 0.00144644 0.0798637 0.0930333 0.992454
1311867219.170841 -0.0153291 0.00781675   0.263263 0.00341691 0.0779198 0.0929577 0.992611
1311867219.205245 -0.0130561 0.00869558   0.261764 0.00503693 0.0771257 0.09251 0.992707
1311867219.239134 -0.0168329 0.00659535   0.263475 0.00569936 0.0796784 0.0911697 0.992626
1311867219.270902 -0.0178631 0.00616256   0.262658 0.00665114 0.080491 0.0901717 0.992646
1311867219.305243 -0.0182969 0.00676404   0.261451 0.00734836 0.0803128 0.0896945 0.992699
1311867219.340155 -0.0177016 0.00339701    0.26409 0.00716554 0.0796688 0.0890058 0.992814
1311867219.371495 -0.0176059 0.00415664   0.262921 0.00888804 0.0797884 0.0882088 0.992862
1311867219.405197 -0.0194532 0.00452031   0.261734 0.00959587 0.0808381 0.0880128 0.992787
1311867219.439479 -0.0202672 0.00247364   0.262147 0.00980979 0.0807521 0.0883087 0.992766
1311867219.471709    -0.024242 -0.000455182     0.264833 0.0104952 0.0814882 0.088501 0.992682
1311867219.505156 -0.0246301 0.00119722   0.263186 0.0119788 0.0810002 0.0888304 0.992675
1311867219.539180 -0.0224471 0.00371921   0.261199 0.0136084 0.080271 0.0887668 0.992719
1311867219.574333 -0.0240146 0.00308147   0.261438 0.0152583 0.0806626 0.0886559 0.992674
1311867219.608604  -0.0281383 -0.00018086    0.262323 0.0151873 0.0809027 0.0891111 0.992614
1311867219.642360 -0.0224617 0.00216371   0.260188 0.0166474 0.0784518 0.0886586 0.992828
1311867219.671103 -0.0240888 0.00268274   0.260414 0.0177436 0.0788534 0.0883338 0.992806
1311867219.705287 -0.0232399  0.0030616   0.258958 0.0176406 0.07741 0.0888611 0.992875
1311867219.739499   -0.0236492 -6.55495e-05     0.260242 0.0167086 0.0762201 0.0890677 0.992964
1311867219.773963   -0.023866 -0.00205944    0.261333 0.0168834 0.075989 0.0885866 0.993022
1311867219.805177 -0.0251085 -0.0026743   0.261346 0.0169043 0.0764471 0.0882526 0.993016
1311867219.839721  -0.0284925 -0.00712312      0.2647 0.0162963 0.0770723 0.0885457 0.992952
1311867219.875308  -0.0285009 -0.00861576    0.265384 0.0171627 0.0761642 0.0881494 0.993043
1311867219.910839  -0.0255049 -0.00564156    0.263093 0.0188844 0.075024 0.0878099 0.993128
1311867219.941763  -0.0239924 -0.00727419    0.262121 0.0194834 0.0752198 0.0878093 0.993102
1311867219.973219  -0.0250772 -0.00638229    0.262509 0.0209803 0.074896 0.0880155 0.993078
1311867220.006868  -0.0284991 -0.00811772    0.264231 0.021299 0.0749277 0.0879838 0.993072
1311867220.042194  -0.0273209 -0.00943799    0.264455 0.0219152 0.0750142 0.0879754 0.993052
1311867220.074365 -0.0283876 -0.0108484   0.265781 0.0226426 0.0760268 0.0876165 0.992991
1311867220.105276 -0.0340381 -0.0135204   0.267775 0.0232961 0.07765 0.0875336 0.992857
1311867220.142093 -0.0316004 -0.0117241   0.265885 0.0252406 0.0765682 0.0876295 0.992885
1311867220.171409 -0.0329575 -0.0144048   0.267114 0.0258083 0.0778442 0.0872786 0.992802
1311867220.206177 -0.0295227 -0.0120901   0.264267 0.0275937 0.0774777 0.0870248 0.992805
1311867220.242193 -0.0278488 -0.0114538   0.262663 0.0285808 0.0767786 0.0876458 0.992777
1311867220.274111  -0.030703 -0.0113736   0.264551 0.0296929 0.0775026 0.0874244 0.992708
1311867220.306449  -0.0286818 -0.00897239    0.262883 0.0312597 0.0772057 0.0872964 0.992694
1311867220.342053  -0.0271627 -0.00871842    0.262655 0.0323264 0.0769252 0.0877332 0.992643
1311867220.371471 -0.0263267 -0.0077998   0.261106 0.0331169 0.0756733 0.0879657 0.992693
1311867220.406370   -0.021447 -0.00886184    0.259305 0.0338206 0.0739297 0.0879037 0.992806
1311867220.440877   -0.02272 -0.0103209   0.259619 0.0351639 0.0752869 0.0875268 0.992691
1311867220.472868 -0.0230597 -0.0109906   0.261176 0.0364166 0.0759281 0.0868736 0.992654
1311867220.509080 -0.0220732 -0.0129749   0.260833 0.0366167 0.0755704 0.0863551 0.992719
1311867220.541975 -0.0257166 -0.0166889   0.263096 0.0365187 0.0773191 0.0859338 0.992625
1311867220.571621 -0.0269126 -0.0172679   0.262302 0.0364211 0.0777235 0.085364 0.992646
1311867220.610419 -0.0293328 -0.0208612   0.264698 0.035284 0.0786448 0.0852607 0.992623
1311867220.639667 -0.0295152 -0.0212002   0.264608 0.0352869 0.0785751 0.0853316 0.992622
1311867220.671279 -0.0297384 -0.0226612   0.265619 0.0346545 0.0780786 0.0851747 0.992697
1311867220.707327 -0.0252379 -0.0204143   0.264177 0.0350527 0.0760557 0.0847947 0.992873
1311867220.739338 -0.0257475 -0.0206411    0.26437 0.0342702 0.0759509 0.0844124 0.992941
1311867220.771914  -0.027727 -0.0233237   0.266179 0.0333118 0.0763397 0.0840497 0.992974
1311867220.809727 -0.0275142 -0.0229698   0.265994 0.0329827 0.0761078 0.0844543 0.992969
1311867220.841417 -0.0279209 -0.0252341   0.267356 0.0323405 0.0764451 0.0850371 0.992914
1311867220.871240 -0.0267233  -0.023164   0.266987 0.0340337 0.0758797 0.0851882 0.992888
1311867220.907590 -0.0278871 -0.0231117   0.266174 0.0338688 0.0766286 0.0850719 0.992846
1311867220.939280 -0.0306767 -0.0269865   0.267089 0.0321369 0.0785224 0.0849638 0.992765
1311867220.971313 -0.0314586 -0.0277403   0.266998 0.0316054 0.0791472 0.0849988 0.99273
1311867221.008955 -0.0326633 -0.0277067   0.266336 0.0315728 0.0795579 0.084833 0.992712
1311867221.039288  -0.034587 -0.0307815   0.266564 0.0299401 0.0813268 0.0856507 0.992549
1311867221.072099 -0.0342575 -0.0338397   0.266575 0.0285556 0.0822661 0.0869334 0.992401
1311867221.107750 -0.0334003  -0.033515   0.266246 0.0297361 0.0826175 0.0878296 0.992258
1311867221.139766 -0.035214 -0.032036  0.264838 0.0303936 0.0834422 0.0887387 0.992088
1311867221.171684 -0.0336981 -0.0332555   0.265171 0.0296773 0.0835435 0.0896408 0.99202
1311867221.208397 -0.0317653 -0.0349873   0.266209 0.0304649 0.0844824 0.0895956 0.991921
1311867221.239750 -0.0348544 -0.0358701   0.265845 0.0314448 0.0861719 0.0895636 0.991748
1311867221.271980 -0.0354325 -0.0368218   0.265181 0.0306422 0.087043 0.089759 0.991679
1311867221.307576 -0.0341787  -0.039244   0.266684 0.0303383 0.087734 0.0903339 0.991576
1311867221.339333   -0.0329 -0.039648  0.265004 0.0308947 0.08773 0.0906327 0.991531
1311867221.371416 -0.0381233 -0.0422041    0.26702 0.029134 0.0897479 0.0908328 0.991386
1311867221.407147 -0.0344054 -0.0441361   0.267971 0.0283872 0.0886428 0.091058 0.991486
1311867221.440006 -0.0352695 -0.0469185   0.270421 0.0288062 0.0874223 0.0915488 0.991537
1311867221.471228 -0.0342694 -0.0497859   0.271447 0.029155 0.0854923 0.0903494 0.991805
1311867221.508153 -0.0346832 -0.0499365   0.270946 0.0294392 0.0845116 0.088852 0.992016
1311867221.539675 -0.0354085 -0.0534954   0.272505 0.0289642 0.0837674 0.0875758 0.992207
1311867221.571272 -0.0330462 -0.0557411   0.271681 0.0288603 0.0821643 0.0869531 0.992399
1311867221.607168 -0.0340576 -0.0559388   0.271548 0.0284653 0.0811217 0.087167 0.992477
1311867221.640370 -0.0324699 -0.0594762   0.273316 0.0277735 0.0794437 0.0870928 0.992639
1311867221.669453 -0.0311285 -0.0601443   0.273469 0.0286013 0.0788556 0.0864214 0.992721
1311867221.707171 -0.0294302 -0.0605357   0.274332 0.0290432 0.0782314 0.0851367 0.992869
1311867221.742382 -0.0306622 -0.0627229    0.27451 0.029011 0.0785348 0.0838693 0.992953
1311867221.769386 -0.0275125 -0.0629935    0.27619 0.030565 0.0773529 0.0821297 0.993145
1311867221.807422 -0.0266367 -0.0647312   0.277572 0.0321439 0.0776731 0.0800873 0.993237
1311867221.839645 -0.0295707 -0.0645205   0.275312 0.0320691 0.0782984 0.0799571 0.993201
1311867221.869580  -0.028094 -0.0654804   0.278475 0.0317321 0.0766942 0.0805308 0.99329
1311867221.907739 -0.0233265 -0.0663933   0.277505 0.0317571 0.0747359 0.0810428 0.993397
1311867221.942361 -0.0226846 -0.0672788    0.27983 0.0316675 0.0746908 0.0818645 0.993336
1311867221.969578 -0.0198746 -0.0693903   0.281451 0.0315805 0.0741299 0.0830205 0.993285
1311867222.009006 -0.0211397 -0.0710542    0.28324 0.0326929 0.0746634 0.0844309 0.99309
1311867222.042876 -0.0219865 -0.0698157   0.281382 0.0329264 0.0751927 0.0852017 0.992977
1311867222.069362 -0.0194266 -0.0706525    0.28154 0.0330028 0.0755226 0.0860109 0.992879
1311867222.111094 -0.0213991 -0.0762209   0.284759 0.0333322 0.0773518 0.0869903 0.992642
1311867222.140683 -0.0232588 -0.0775732   0.284565 0.0351382 0.0788291 0.0874053 0.992427
1311867222.169399 -0.0236477 -0.0784811   0.284112 0.0358124 0.0798655 0.0887221 0.992203
1311867222.208160 -0.0256496 -0.0824349    0.28779 0.0370817 0.0824074 0.0894474 0.991884
1311867222.240073 -0.0246686 -0.0848275   0.287046 0.0396077 0.0831039 0.089805 0.991696
1311867222.269681 -0.0270883 -0.0836783   0.284769 0.0406438 0.0852141 0.0901999 0.991439
1311867222.307736 -0.0288692 -0.0897193   0.288319 0.0411249 0.0883726 0.0913506 0.991037
1311867222.339630 -0.0318153  -0.092366   0.288112 0.0433274 0.0900752 0.0921243 0.990718
1311867222.369496 -0.0280511 -0.0888358   0.283029 0.0453014 0.0891369 0.0923382 0.990695
1311867222.410190 -0.0312259 -0.0923012   0.285915 0.0459572 0.0921922 0.0935518 0.990271
1311867222.443636 -0.0287724 -0.0947701    0.28401 0.0479057 0.0924211 0.0939615 0.990118
1311867222.469409 -0.0260966  -0.091246   0.280914 0.051261 0.092018 0.0937335 0.99001
1311867222.508688 -0.0260265 -0.0924318   0.279707 0.0533699 0.0930261 0.0933115 0.989844
1311867222.540167 -0.0262822 -0.0943301   0.277785 0.0552216 0.0940599 0.0920949 0.989758
1311867222.569671 -0.0260672 -0.0941092   0.275162 0.0559617 0.0951474 0.0905708 0.989754
1311867222.608424 -0.0244407 -0.0921672   0.273281 0.0571217 0.0953869 0.0895919 0.989753
1311867222.643296 -0.0276195 -0.0960763    0.27461 0.0571471 0.0963888 0.089018 0.989707
1311867222.669574 -0.0234359  -0.092456    0.27164 0.0584421 0.0952577 0.0872319 0.9899
1311867222.708011 -0.0255676 -0.0926471   0.271083 0.0585919 0.0968027 0.0864916 0.989806
1311867222.739992 -0.0268639 -0.0911215   0.269874 0.0598891 0.0980008 0.0851368 0.989728
1311867222.769457 -0.0259976 -0.0890627   0.265829 0.0603467 0.0983502 0.0837757 0.989781
1311867222.809321 -0.0245723 -0.0881125   0.264455 0.0597438 0.0985412 0.083114 0.989855
1311867222.840258  -0.020908 -0.0868055   0.262377 0.0602897 0.0979911 0.0817968 0.989986
1311867222.869499  -0.022243 -0.0886897    0.26147 0.0597731 0.099048 0.0806996 0.990002
1311867222.908232 -0.0251007 -0.0905716    0.26189 0.0587681 0.100697 0.0805116 0.989911
1311867222.937591 -0.0205094 -0.0899122   0.259717 0.0590752 0.0991015 0.07971 0.990119
1311867222.969488 -0.0202108 -0.0893145   0.257444 0.0592708 0.0991592 0.0785384 0.990195
1311867223.007824 -0.0244354 -0.0915904   0.258029 0.0579954 0.101224 0.0784344 0.99007
1311867223.037495 -0.0211641  -0.089081   0.256461 0.058687 0.0998903 0.0773616 0.990249
1311867223.069417 -0.0228774 -0.0887296    0.25582 0.0590896 0.100277 0.0764027 0.99026
1311867223.109412 -0.0252218 -0.0919419   0.256077 0.0579632 0.101621 0.0759003 0.990229
1311867223.138136 -0.0209961 -0.0960602   0.256987 0.0571212 0.100562 0.0754393 0.990421
1311867223.175852 -0.0211461  -0.101925   0.257976 0.0563696 0.100664 0.075321 0.990462
1311867223.208002 -0.0212421  -0.101715   0.256604 0.0565905 0.101439 0.0741312 0.990461
1311867223.237463 -0.0213818  -0.102954   0.257019 0.0567179 0.103171 0.0736153 0.990313
1311867223.277936 -0.0208649  -0.103432   0.256197 0.0580705 0.103202 0.0735761 0.990234
1311867223.308589  -0.02264 -0.105382  0.255938 0.0591208 0.10282 0.073639 0.990207
1311867223.337625 -0.0192359  -0.106557   0.254245 0.0600217 0.101835 0.0725322 0.990336
1311867223.375432 -0.0203403   -0.10763    0.25454 0.0616402 0.103356 0.0711871 0.990177
1311867223.407361 -0.019912 -0.108375     0.253 0.0625366 0.103872 0.0705509 0.990112
1311867223.437562 -0.0216118  -0.109081   0.252028 0.0625075 0.104322 0.0706036 0.990063
1311867223.475825 -0.0202935  -0.109555   0.252253 0.062716 0.10413 0.0698657 0.990122
1311867223.507732 -0.0171972  -0.109353   0.251046 0.063486 0.103442 0.0692057 0.990192
1311867223.537550 -0.0177269  -0.109719   0.250007 0.0634391 0.103906 0.0689108 0.990167
1311867223.575919 -0.0159185  -0.109465   0.250275 0.0635731 0.103849 0.0684711 0.990195
1311867223.607790 -0.0161607  -0.111486    0.25123 0.0638031 0.104136 0.0686948 0.990134
1311867223.637449 -0.0149515  -0.110919   0.250172 0.0638268 0.103666 0.0689388 0.990165
1311867223.675382 -0.0137579  -0.111859   0.250581 0.0633838 0.103332 0.069105 0.990217
1311867223.708839 -0.0107431  -0.112548   0.251486 0.0643789 0.102391 0.0686901 0.990279
1311867223.737594 -0.00930163   -0.115656    0.252041 0.0645334 0.102071 0.0686246 0.990307
1311867223.776066 -0.00820454   -0.116246    0.251631 0.0655987 0.101534 0.0688643 0.990275
1311867223.807750 -0.00668108   -0.117733    0.252087 0.0671881 0.100574 0.0685853 0.990286
1311867223.837481 -0.00602984   -0.118382    0.250816 0.0686377 0.100339 0.0681459 0.990241
1311867223.876077 -0.00596168    -0.11811     0.25005 0.0695526 0.0998522 0.0682684 0.990218
1311867223.907813 -0.00159317   -0.125576    0.250599 0.0689199 0.0979427 0.0676997 0.990492
1311867223.938926 0.0032713 -0.123312  0.249038 0.0710176 0.0959526 0.06652 0.990618
1311867223.976047 0.00156967  -0.123382   0.249449 0.0718189 0.0956977 0.0666413 0.990577
1311867224.009213 0.00623318  -0.124656   0.249808 0.0724945 0.0935792 0.0665186 0.990738
1311867224.037596 0.00556569  -0.127315   0.249509 0.0727877 0.0930269 0.0663961 0.990777
1311867224.076133 0.00367833   -0.13098   0.249799 0.072005 0.0930549 0.0660939 0.990852
1311867224.108128 0.0039111 -0.132205  0.250236 0.0711344 0.092615 0.0658546 0.990972
1311867224.137526 0.00662687  -0.133977    0.24975 0.0708646 0.0910432 0.0650987 0.991187
1311867224.176888 0.00544268  -0.135806   0.250195 0.070738 0.0906948 0.0641319 0.991291
1311867224.205512 0.00591708  -0.137121   0.249512 0.0703496 0.0902775 0.0637893 0.991379
1311867224.237792 0.0072109 -0.136245  0.250142 0.0708084 0.0891717 0.0635508 0.991461
1311867224.276855 0.0125784 -0.141636  0.250673 0.0703209 0.0864597 0.062791 0.991785
1311867224.305465 0.0118472  -0.14208  0.249805 0.0697042 0.085767 0.0630858 0.99187
1311867224.337546 0.0114497 -0.145164  0.249805 0.0679608 0.0856267 0.0636145 0.991969
1311867224.376913 0.0112817 -0.149854  0.250144 0.0660786 0.085036 0.0640989 0.992116
1311867224.405603 0.0126864 -0.151791  0.249219 0.0643089 0.0836709 0.0651364 0.992281
1311867224.437516 0.0108409 -0.151647  0.250942 0.0624966 0.0836874 0.0662239 0.992323
1311867224.477686 0.0117608 -0.154659  0.251466 0.0608173 0.0830102 0.0663437 0.992476
1311867224.505660 0.0104695 -0.156567  0.250853 0.0580492 0.082948 0.0668183 0.992615
1311867224.537809 0.0052993 -0.160096  0.252819 0.0538942 0.0837963 0.0677581 0.992715
1311867224.585912 0.00880621  -0.155461   0.254181 0.054919 0.0824559 0.0666377 0.992847
1311867224.605597 0.00941477  -0.157338   0.253741 0.0549002 0.0825245 0.066854 0.992827
1311867224.637806 0.00804635  -0.158791   0.254065 0.0539819 0.0828632 0.0675908 0.9928
1311867224.678501 0.00846892  -0.158629   0.255334 0.0537336 0.0825093 0.0687393 0.992764
1311867224.705493 0.00899375   -0.16158   0.256611 0.0543184 0.0824422 0.0692626 0.992701
1311867224.737612 0.00919122  -0.162901   0.254956 0.0540675 0.0825996 0.0698003 0.992664
1311867224.786626 0.00825895  -0.164337   0.254726 0.0532099 0.0830869 0.0706562 0.992609
1311867224.805654 0.00916864  -0.163702   0.256272 0.0542005 0.0826268 0.0704591 0.992608
1311867224.837824 0.00995866  -0.166831   0.255818 0.0546462 0.0822214 0.0702048 0.992635
1311867224.877943 0.0122362 -0.166113  0.253066 0.0552471 0.0816 0.0696093 0.992695
1311867224.905651 0.0139164 -0.168239  0.253263 0.0556057 0.0809738 0.0694935 0.992735
1311867224.937570 0.0132539 -0.171076  0.251655 0.0558292 0.0811536 0.0687525 0.992759
1311867224.979735 0.0116619 -0.172567  0.250714 0.0541693 0.0812256 0.0684007 0.992869
1311867225.006618  0.013919 -0.172665   0.25188 0.0537951 0.0805868 0.0667855 0.993052
1311867225.037681 0.0143978 -0.176566  0.251569 0.0543003 0.0805646 0.0664079 0.993051
1311867225.079869 0.0137487 -0.177316  0.250326 0.0549632 0.0803722 0.0664159 0.99303
1311867225.105549 0.0171781 -0.179093  0.250208 0.0551159 0.0794623 0.0656836 0.993143
1311867225.137763 0.0228609 -0.178647  0.246898 0.0564466 0.0773283 0.0650595 0.993278
1311867225.180820  0.020632 -0.181069  0.248174 0.0571165 0.0782198 0.0646976 0.993194
1311867225.205557 0.0208422 -0.182411  0.247606 0.0571612 0.0779958 0.0645627 0.993217
1311867225.237668 0.0228056 -0.186767  0.248797 0.0556692 0.076936 0.0637841 0.993435
1311867225.279255 0.0231888 -0.189432  0.249206 0.0553162 0.0764322 0.063024 0.993542
1311867225.305777 0.0268073 -0.190135  0.246367 0.0547013 0.0749258 0.062146 0.993746
1311867225.337676 0.0251529 -0.192173  0.246921 0.0529721 0.0756134 0.0618862 0.993804
1311867225.373693 0.0256495 -0.194695  0.247439 0.0518429 0.0759732 0.0615912 0.993855
1311867225.405582 0.0243705 -0.195564  0.247679 0.0510271 0.0767023 0.061187 0.993866
1311867225.437602 0.0225112 -0.198309  0.249133 0.0492938 0.0779077 0.0611717 0.99386
1311867225.473714 0.0234412 -0.200979  0.248234 0.0477476 0.0775011 0.0613085 0.993959
1311867225.505610 0.0235797  -0.20291  0.248233 0.0454226 0.0765313 0.0615264 0.99413
1311867225.537795 0.0254094 -0.201086  0.247354 0.0446896 0.0757494 0.0614725 0.994226
1311867225.573788 0.0267459 -0.203369  0.247957 0.0432781 0.0766399 0.0615155 0.994218
1311867225.605520 0.0227214 -0.209512  0.246769 0.0394695 0.0789923 0.0640851 0.99403
1311867225.637625 0.0198007 -0.213269  0.249804 0.0359099 0.0799843 0.0679565 0.993828
1311867225.673806 0.0221449 -0.212553  0.251328 0.0347418 0.0785692 0.0695897 0.99387
1311867225.705642 0.0246296 -0.214918  0.251185 0.0325856 0.0774831 0.0714028 0.993899
1311867225.737747 0.0256502 -0.214252  0.252868 0.0297613 0.07725 0.0729057 0.993897
1311867225.773659 0.0259053   -0.2135  0.255157 0.0298421 0.0783796 0.0727497 0.993818
1311867225.805618 0.0228656 -0.218028  0.256985 0.0287593 0.0812257 0.0732475 0.993584
1311867225.837804 0.0229215 -0.217136   0.25866 0.0286879 0.0822283 0.0737695 0.993465
1311867225.873778 0.0291512 -0.216702  0.257173 0.0295932 0.0808043 0.0726299 0.99364
1311867225.905632 0.0265734  -0.21961  0.259263 0.0294875 0.0837409 0.0711063 0.99351
1311867225.937904 0.0237299 -0.223529  0.261253 0.0279922 0.0869812 0.0713743 0.993255
1311867225.973591 0.0269495  -0.22221  0.260622 0.0284726 0.0868908 0.0709821 0.993278
1311867226.005870 0.0289422 -0.223283  0.260165 0.0277508 0.0870926 0.0707299 0.993299
1311867226.037807 0.0275655 -0.222215  0.261597 0.0279485 0.0882607 0.0705803 0.993201
1311867226.073737 0.0343712 -0.226903  0.263206 0.028094 0.0876844 0.0696846 0.993311
1311867226.105587 0.0334162 -0.229949  0.259525 0.0276121 0.0890613 0.0699269 0.993185
1311867226.137702 0.0344324 -0.229378  0.259806 0.0267134 0.0893683 0.0696419 0.993202
1311867226.173782 0.0341075  -0.23145  0.260824 0.0270573 0.090127 0.0691478 0.993158
1311867226.205652 0.0361363 -0.230379  0.258136 0.0273304 0.0894632 0.0685627 0.993252
1311867226.237839 0.0366142 -0.231493  0.258702 0.0266974 0.0894717 0.0685425 0.993269
1311867226.273639 0.0376313 -0.235448  0.259837 0.0251814 0.0883095 0.0691882 0.993368
1311867226.305637 0.0382847 -0.236521  0.260132 0.0243916 0.0869454 0.0674647 0.993627
1311867226.337609 0.0395034 -0.236918  0.260399 0.0247679 0.087043 0.0659124 0.993713
1311867226.373734 0.0398397 -0.240184  0.261192 0.0251186 0.0874302 0.0652157 0.993716
1311867226.405602 0.0400386 -0.241286   0.26124 0.025552 0.0880151 0.0637308 0.99375
1311867226.437644 0.0392388 -0.243478  0.262049 0.0262874 0.089021 0.0637668 0.993639
1311867226.473717 0.0455504 -0.246097  0.263874 0.0271163 0.0868024 0.0637279 0.993815
1311867226.505750 0.0478829 -0.243966  0.262184 0.0285249 0.0860547 0.062911 0.993893
1311867226.537741 0.0495409 -0.245153  0.262482 0.0284423 0.0858264 0.0631154 0.993902
1311867226.573767 0.0474996 -0.244668  0.261702 0.0296691 0.0864639 0.0631189 0.993811
1311867226.605613 0.0484444 -0.247928   0.26172 0.0300023 0.0868109 0.0627223 0.993796
1311867226.637797 0.0510849 -0.249283  0.261196 0.0301011 0.0863292 0.0629151 0.993822
1311867226.673676 0.0510418 -0.248489  0.261441 0.0305803 0.0861716 0.0633093 0.993796
1311867226.705658 0.0535546 -0.251749   0.26307 0.0306328 0.0859522 0.06332 0.993813
1311867226.737728 0.0529429  -0.25265  0.262374 0.0296013 0.0865474 0.0641384 0.99374
1311867226.773860 0.0534342 -0.250549  0.263794 0.0301443 0.0869202 0.0644115 0.993674
1311867226.805637 0.0576535 -0.251006  0.265057 0.0320849 0.0866302 0.0633136 0.993709
1311867226.837753 0.0538583 -0.252222  0.264973 0.0322063 0.0888504 0.0630277 0.993527
1311867226.873821 0.0522482 -0.251162  0.264883 0.0324501 0.0898066 0.0633179 0.993415
1311867226.905774 0.0507084 -0.253943   0.26641 0.0328649 0.09047 0.0638961 0.993304
1311867226.937813 0.0510663 -0.254861  0.265899 0.032944 0.0901644 0.0640851 0.993317
1311867226.973631  0.052141 -0.255569  0.266536 0.0329466 0.0899958 0.064041 0.993335
1311867227.005676 0.0487776 -0.260601  0.270764 0.0335493 0.0915245 0.0647809 0.993127
1311867227.037802  0.050263 -0.259725  0.268396 0.0339579 0.090793 0.0643106 0.993211
1311867227.073659 0.0478399 -0.262006  0.270535 0.0343822 0.0919607 0.064685 0.993064
1311867227.105662  0.046731 -0.270493   0.27216 0.0339422 0.0917426 0.0650412 0.993076
1311867227.137793 0.0500622  -0.27362  0.271847 0.033286 0.0899929 0.0644166 0.993299
1311867227.173840 0.0535608 -0.270607  0.271279 0.0350764 0.088419 0.0641898 0.993394
1311867227.205749 0.0513103 -0.276559  0.272829 0.0348772 0.0893624 0.063932 0.993333
1311867227.237947 0.0538448  -0.27288  0.269701 0.0352731 0.08873 0.063183 0.993424
1311867227.273709 0.0564578 -0.270134  0.267892 0.0360485 0.0879635 0.0636514 0.993434
1311867227.305822 0.0589287 -0.272355  0.267709 0.0361841 0.0870969 0.0635284 0.993513
1311867227.337747 0.0595624 -0.272922  0.266668 0.0362749 0.0872402 0.0626242 0.993555
1311867227.373776 0.0605465 -0.272578  0.264737 0.0367404 0.0869855 0.0635781 0.9935
1311867227.405700 0.0667368 -0.273802  0.264715 0.0361618 0.0846801 0.0632578 0.99374
1311867227.437755 0.0624442 -0.272148  0.265317 0.037737 0.0867039 0.0630893 0.993518
1311867227.473739 0.0602401  -0.27267  0.265031 0.0378452 0.0874389 0.0641052 0.993384
1311867227.505780 0.0603935 -0.272649  0.265304 0.0371802 0.0872153 0.0641807 0.993424
1311867227.537934 0.0594035 -0.272168  0.264944 0.037179 0.0876494 0.0642368 0.993383
1311867227.573742 0.0597956 -0.272916  0.265029 0.036744 0.0875763 0.0639758 0.993422
1311867227.605850 0.0616181 -0.271536  0.264662 0.0370964 0.0873371 0.0635733 0.993456
1311867227.637919 0.0621614 -0.272878   0.26411 0.0365973 0.0870339 0.0636593 0.993495
1311867227.673930 0.0621518  -0.27412  0.263811 0.0357312 0.0870767 0.0635733 0.993529
1311867227.705960 0.0648025 -0.278047  0.265315 0.0345832 0.0866951 0.0635741 0.993603
1311867227.737825 0.0648227 -0.278102  0.264968 0.0357643 0.0868688 0.063961 0.993521
1311867227.773732 0.0669691 -0.275931  0.262258 0.0364805 0.0861331 0.063378 0.993596
1311867227.805861 0.0689459 -0.275112  0.261676 0.0370627 0.0859178 0.0631379 0.993609
1311867227.837774 0.0666608 -0.281742  0.263986 0.0372772 0.0868348 0.0638999 0.993472
1311867227.873834 0.0653308 -0.283495  0.262493 0.0383525 0.0868658 0.0638555 0.993431
1311867227.905791  0.066302 -0.280569  0.260744 0.0391805 0.0863247 0.0636454 0.99346
1311867227.937974 0.0671169 -0.287343  0.263019 0.0383192 0.0855893 0.0637963 0.993547
1311867227.973753 0.0691431 -0.287262  0.263384 0.0395345 0.083887 0.0623838 0.993734
1311867228.005723 0.0649627 -0.287023  0.263635 0.0406183 0.0848887 0.062061 0.993626
1311867228.037953 0.0667988 -0.292629  0.264624 0.0410632 0.084264 0.0613664 0.993704
1311867228.073892 0.0671925 -0.293617  0.264805 0.0425709 0.0842795 0.0596218 0.993745
1311867228.105804 0.0638476  -0.29138  0.264155 0.0443472 0.0855301 0.0596748 0.993558
1311867228.137844  0.059622 -0.290651  0.265459 0.0454716 0.0865929 0.0601901 0.993384
1311867228.173814 0.0613943 -0.292962   0.26569 0.0459311 0.0858267 0.0596934 0.993459
1311867228.205739 0.0586877 -0.293545   0.26526 0.0457574 0.0865278 0.0596255 0.99341
1311867228.237933 0.0622831 -0.291342  0.263283 0.046005 0.0849706 0.0598864 0.993518
1311867228.273761 0.0639352 -0.291699  0.262864 0.0459086 0.0841746 0.0599369 0.993587
1311867228.305921  0.061414 -0.294003  0.262998 0.0451236 0.0850901 0.0604563 0.993513
1311867228.337798 0.0635029 -0.295021  0.263328 0.0446256 0.0843987 0.0605987 0.993586
1311867228.373868 0.0672372 -0.295556   0.26577 0.0455061 0.0833721 0.0597765 0.993683
1311867228.405817 0.0670626 -0.297092  0.265514 0.0454009 0.0835982 0.0593757 0.993692
1311867228.437784 0.0685455 -0.295738  0.265953 0.0463745 0.0831326 0.0592603 0.993693
1311867228.473891 0.0686435 -0.295714  0.264208 0.0467442 0.0826981 0.0591475 0.993719
1311867228.505808 0.0693297 -0.294843  0.264191 0.0465673 0.0824103 0.059009 0.99376
1311867228.537902 0.0674213 -0.297409  0.265064 0.0449613 0.0830306 0.0596908 0.993741
1311867228.573967 0.0661127  -0.29658  0.265777 0.0445404 0.0834542 0.060286 0.993689
1311867228.605785  0.064217 -0.299683  0.267265 0.0421934 0.0841701 0.0612405 0.993672
1311867228.638238 0.0687254  -0.29955   0.26824 0.0406316 0.0828248 0.0612374 0.993851
1311867228.705963 0.0610644 -0.300876  0.267579 0.0364718 0.0849529 0.0628514 0.993732
1311867228.738100 0.0612984 -0.295922   0.27118 0.0375142 0.085221 0.0627142 0.993679
1311867228.773802 0.0649311   -0.2932  0.271112 0.0375356 0.0842018 0.0626099 0.993771
1311867228.805984 0.0676793 -0.293717  0.272283 0.0355219 0.0835462 0.0626848 0.993896
1311867228.838559 0.0721336  -0.29011  0.272672 0.0368963 0.0823172 0.0627014 0.993947
1311867228.873961 0.0766652 -0.288363  0.270015 0.0374763 0.0803401 0.0623812 0.994107
1311867228.906015 0.0713839 -0.288798  0.271718 0.0350295 0.0820539 0.0626948 0.994037
1311867228.937917 0.0738887 -0.281485  0.272818 0.0371051 0.081023 0.0629569 0.99403
1311867228.974031 0.0743768 -0.282286   0.27194 0.036976 0.0802965 0.0630015 0.994091
1311867229.006218 0.0715468 -0.284419  0.273518 0.0334114 0.0815258 0.0628328 0.994127
1311867229.037895 0.0701692 -0.280979  0.275003 0.0330452 0.0823761 0.0626389 0.994082
1311867229.073863 0.0718022 -0.280193  0.275768 0.0334077 0.0818872 0.0616128 0.994174
1311867229.106048 0.0728895 -0.281324  0.274728 0.0316298 0.0818397 0.0603543 0.994313
1311867229.138415 0.0654657 -0.274511  0.274384 0.0319238 0.0843504 0.0602169 0.994103
1311867229.173882 0.0654783  -0.27354  0.275333 0.0320402 0.0842457 0.0597737 0.994134
1311867229.205881 0.0636881 -0.274761  0.275831 0.0307758 0.0849208 0.0590299 0.994161
1311867229.237989 0.0667799 -0.275271  0.277722 0.0278933 0.0848793 0.0577554 0.994325
1311867229.273846 0.0715697 -0.271843  0.276565 0.0272357 0.0836983 0.0574461 0.994461
1311867229.305876 0.0725873 -0.270773  0.276934 0.0270747 0.0832025 0.057399 0.99451
1311867229.338430 0.0685646 -0.271346  0.279365 0.0249824 0.084743 0.0564255 0.99449
1311867229.373891 0.0661595 -0.268165  0.280427 0.0242519 0.0860769 0.0543549 0.994509
1311867229.405824 0.0640639 -0.263455  0.280998 0.0257482 0.0867008 0.0533052 0.994474
1311867229.438754 0.0606929  -0.26532  0.282271 0.0244864 0.0881797 0.0527682 0.994404
1311867229.473780 0.0540647 -0.264525  0.285644 0.0230344 0.0909153 0.0530909 0.994176
1311867229.505914 0.0531212 -0.264875  0.284772 0.0215439 0.0916666 0.0539182 0.994096
1311867229.538044 0.0503186 -0.266366  0.286947 0.0181938 0.0927891 0.0549364 0.994003
1311867229.573925 0.0540018 -0.257977  0.286199 0.019625 0.0918803 0.0550916 0.994051
1311867229.605773  0.050953 -0.259069  0.287471 0.0187993 0.093144 0.056089 0.993894
1311867229.637979 0.0537994 -0.256887  0.286629 0.0179628 0.0924816 0.0568258 0.993929
1311867229.673818 0.0538653  -0.25562  0.287111 0.0168103 0.0928397 0.0574555 0.99388
1311867229.705799 0.0542265 -0.254877  0.288542 0.0171003 0.0934433 0.057293 0.993828
1311867229.737926 0.0531779  -0.25454  0.287941 0.0167136 0.0939162 0.0580681 0.993745
1311867229.773985 0.0533276 -0.253187  0.288023 0.0153911 0.0939806 0.0583708 0.993742
1311867229.805829 0.0577884 -0.253584  0.286415 0.0147573 0.0924396 0.0589752 0.993861
1311867229.837864 0.0591254 -0.252114  0.286365 0.0137418 0.0920431 0.0594547 0.993883
1311867229.874033 0.0564452 -0.256337  0.287951 0.0103281 0.0932993 0.0604668 0.993747
1311867229.905852  0.058786 -0.250772  0.287477 0.0111105 0.0928188 0.0607003 0.993769
1311867229.938195 0.0577963 -0.250941  0.287705 0.0108685 0.0929751 0.0614744 0.993709
1311867229.973952 0.0553018 -0.252697  0.289321 0.00750399 0.0935701 0.0625592 0.993617
1311867230.005885 0.0583744 -0.251371  0.291549 0.00586699 0.0929137 0.0627947 0.993675
1311867230.037850 0.0583977 -0.250078  0.292161 0.00511221 0.0927646 0.0628291 0.993691
1311867230.074069  0.056202 -0.248631  0.293139 0.00352627 0.0937814 0.0625598 0.993619
1311867230.105927 0.0592399 -0.244878  0.292298 0.00183618 0.0935876 0.0625401 0.993643
1311867230.138081 0.0631491 -0.242719  0.290724 0.00189555 0.0918156 0.062913 0.993785
1311867230.173877 0.0603614 -0.246142  0.293292 -0.000148032 0.0921372 0.0629814 0.993753
1311867230.206050 0.0593114 -0.245727  0.293441 -0.00127605 0.0925827 0.0634635 0.99368
1311867230.238178 0.0562618 -0.246918  0.297319 -0.00190871 0.0934351 0.0638444 0.993574
1311867230.274102 0.0594036 -0.244696  0.296672 -0.00155736 0.0923232 0.0630139 0.993732
1311867230.305950 0.0594801 -0.246979  0.299026 -0.00316722 0.0930518 0.0630493 0.993658
1311867230.337872 0.0605868 -0.244564  0.299057 -0.00301228 0.0928027 0.0624667 0.993719
1311867230.374067 0.0558164 -0.246457   0.30116 -0.00409731 0.0943035 0.0627234 0.993557
1311867230.406184 0.0496162 -0.245463  0.302643 -0.00515872 0.0965963 0.0626319 0.993338
1311867230.437986 0.0543364 -0.240334  0.300335 -0.00459475 0.0950952 0.0619554 0.993528
1311867230.474028 0.0543502 -0.237945  0.299504 -0.00474739 0.0951123 0.0618583 0.993531
1311867230.506080 0.0541494 -0.237007  0.300379 -0.00584112 0.0952884 0.0618415 0.99351
1311867230.574088 0.0511834 -0.238956  0.303162 -0.00692078 0.0972577 0.0613356 0.993343
1311867230.605959 0.0522158 -0.234018   0.30075 -0.00631546 0.0966388 0.0613123 0.993409
1311867230.638052 0.0511152 -0.234937  0.302073 -0.00751631 0.0969744 0.0613782 0.993364
1311867230.674058 0.0488726 -0.235566  0.303444 -0.00872692 0.0980971 0.0613979 0.993243
1311867230.705904  0.049279 -0.235434  0.301284 -0.010055 0.0980063 0.0611846 0.993252
1311867230.737957 0.0518129  -0.23106  0.299684 -0.00893529 0.0976674 0.0597723 0.993382
1311867230.774137 0.0462328 -0.233918  0.301882 -0.0100246 0.100515 0.0595563 0.993101
1311867230.805901 0.0487788 -0.231308  0.300305 -0.00975817 0.0999079 0.0590228 0.993197
1311867230.838169 0.0482217 -0.229908  0.301015 -0.009162 0.100258 0.0586668 0.993188
1311867230.874133 0.0494219 -0.227888  0.300411 -0.00827285 0.0998351 0.0583611 0.993257
1311867230.905947 0.0498172 -0.228926  0.301727 -0.00815525 0.0998572 0.0580557 0.993273
1311867230.938299 0.0490453  -0.22509  0.301255 -0.00636658 0.100021 0.057753 0.993287
1311867230.973924 0.0478902 -0.224382  0.302843 -0.00558043 0.100448 0.0577424 0.99325
1311867231.006219  0.047588 -0.225647  0.303612 -0.00535521 0.100199 0.058406 0.993237
1311867231.074099 0.0503021  -0.22143  0.302602 -0.00456868 0.0990904 0.0586202 0.99334
1311867231.105954 0.0508265 -0.221459  0.303471 -0.0040563 0.0989139 0.0589238 0.993342
1311867231.138242 0.0477027 -0.223517  0.305497 -0.00642152 0.100034 0.0595081 0.993182
1311867231.174250 0.0520218 -0.222152  0.305247 -0.0073535 0.0986613 0.0599723 0.993285
1311867231.205918 0.0520494  -0.22156  0.305403 -0.00786072 0.0982654 0.0606558 0.993279
1311867231.238184  0.049446 -0.222833  0.308775 -0.0103098 0.0993913 0.0610503 0.99312
1311867231.274090  0.052143 -0.220666  0.308337 -0.0118786 0.0983249 0.0613173 0.993192
1311867231.306019 0.0532378 -0.218832  0.307966 -0.0125932 0.0978014 0.0613822 0.993231
1311867231.338149 0.0484915 -0.219202  0.311488 -0.0146249 0.100243 0.0613888 0.99296
1311867231.374183 0.0525907 -0.212775  0.309391 -0.0138819 0.0991049 0.0610067 0.993108
1311867231.405990 0.0522323 -0.212347  0.309908 -0.0144118 0.0992712 0.0607048 0.993102
1311867231.438072 0.0543503 -0.210898  0.308381 -0.0145749 0.0991669 0.059994 0.993154
1311867231.474140 0.0592329 -0.209732  0.309424 -0.0145496 0.0981409 0.0591327 0.993308
1311867231.505980 0.0580345 -0.209783  0.311754 -0.0138274 0.0994103 0.0580062 0.993258
1311867231.538096 0.0569915  -0.20802  0.309655 -0.0127516 0.0999208 0.057535 0.993249
1311867231.574153 0.0528415 -0.209865  0.311825 -0.0138552 0.101349 0.0578234 0.993072
1311867231.605955 0.0511227 -0.208475  0.312547 -0.0129068 0.101827 0.0573969 0.993061
1311867231.638125 0.0563418 -0.207168   0.31053 -0.0122003 0.0999987 0.0570474 0.993276
1311867231.674142 0.049439 -0.20557 0.311831 -0.0122065 0.102758 0.0563759 0.993032
1311867231.705921 0.0522354 -0.202329   0.31181 -0.0108499 0.102266 0.0558136 0.993131
1311867231.738011 0.0513413 -0.202496  0.311696 -0.010318 0.101875 0.0558577 0.993174
1311867231.774173 0.0485324 -0.203064  0.314305 -0.0116035 0.102324 0.056309 0.993088
1311867231.805931 0.0504085 -0.201061  0.314364 -0.0117336 0.101531 0.0557538 0.993199
1311867231.838039 0.0466883 -0.200105  0.316673 -0.011205 0.102885 0.0553286 0.99309
1311867231.873920 0.0434776 -0.201505  0.319913 -0.0126559 0.104086 0.0557858 0.992922
1311867231.905983  0.042632 -0.202573  0.319531 -0.0142228 0.104071 0.0559979 0.99289
1311867231.938028 0.0441324 -0.200374  0.318679 -0.0140564 0.103595 0.0557464 0.992957
1311867231.974086 0.0452092 -0.198014  0.317305 -0.0142335 0.103844 0.0559611 0.992916
1311867232.006124 0.0459694  -0.19612  0.316365 -0.015098 0.103585 0.0563171 0.99291
1311867232.038052 0.0466303 -0.192823  0.316073 -0.014524 0.103321 0.056587 0.992931
1311867232.074075 0.0467952 -0.192713  0.316208 -0.014875 0.10336 0.0568912 0.992904
1311867232.106162 0.0426129 -0.191703  0.318344 -0.0158657 0.105289 0.056858 0.992688
1311867232.138161  0.041357 -0.191362  0.318911 -0.0153563 0.106196 0.0572201 0.992579
1311867232.173947 0.0462801 -0.191941  0.316246 -0.0151642 0.104425 0.0577926 0.992736
1311867232.206061 0.0429635 -0.191524  0.317568 -0.0168435 0.105673 0.0577029 0.992582
1311867232.241970 0.0462759  -0.18519  0.316079 -0.0153873 0.105322 0.057391 0.992661
1311867232.273986 0.0446562 -0.186904  0.317077 -0.0167127 0.105929 0.0576192 0.992562
1311867232.305979 0.0456301 -0.185514  0.317075 -0.0181677 0.105981 0.0572979 0.99255
1311867232.342085 0.0483549 -0.185158  0.315397 -0.0181389 0.105335 0.0576332 0.9926
1311867232.374074 0.0460993 -0.187703  0.317519 -0.0192069 0.105933 0.0575874 0.992518
1311867232.405964 0.0439986 -0.185693  0.316476 -0.0200151 0.107334 0.0574991 0.992357
1311867232.442125 0.0431115 -0.184872  0.316797 -0.019664 0.107908 0.0577827 0.992285
1311867232.473958  0.043329 -0.184627  0.316576 -0.019484 0.107393 0.0582071 0.99232
1311867232.505952 0.0424016 -0.187025  0.318723 -0.0209063 0.108204 0.0580266 0.992214
1311867232.542122 0.0469141 -0.185216   0.31635 -0.0195012 0.107139 0.0576831 0.992378
1311867232.573937  0.047112 -0.184596  0.315412 -0.0186699 0.106549 0.0579778 0.99244
1311867232.606133 0.0441598 -0.182783  0.315673 -0.0191393 0.107124 0.0578725 0.992375
1311867232.642128 0.0430564 -0.181462  0.316379 -0.018491 0.107779 0.0572903 0.992351
1311867232.674004 0.0461949 -0.180643  0.313881 -0.0178508 0.106501 0.0569105 0.992522
1311867232.706009 0.0430462 -0.181939  0.316273 -0.0197627 0.107903 0.0570614 0.992326
1311867232.742111 0.0438165 -0.176313  0.313742 -0.0186302 0.108062 0.0568145 0.992345
1311867232.774049  0.042591 -0.177213  0.316262 -0.0186026 0.108879 0.056827 0.992255
1311867232.805985 0.0397384 -0.175991  0.318157 -0.0197674 0.110297 0.0571246 0.992059
1311867232.842129 0.0395722 -0.173562  0.317152 -0.021098 0.111023 0.0571626 0.991948
1311867232.874052 0.0403103 -0.171484  0.317133 -0.0213048 0.110869 0.0573739 0.991949
1311867232.906135 0.0395814 -0.169969  0.317129 -0.0227914 0.111329 0.0577253 0.991844
1311867232.942097 0.0412419 -0.168172  0.315622 -0.0245203 0.110889 0.0582623 0.99182
1311867232.974275 0.0357581 -0.167549   0.31676 -0.025051 0.112747 0.0583604 0.991592
1311867233.006058 0.0367134 -0.166173  0.315159 -0.0249847 0.112205 0.0589842 0.991618
1311867233.042232 0.0353761  -0.16581  0.316795 -0.0259701 0.112677 0.0590311 0.991537
1311867233.108859 0.0362544 -0.164732  0.318754 -0.0245056 0.113215 0.0584628 0.991546
1311867233.142135 0.0326781 -0.163758  0.318165 -0.0253013 0.114655 0.0587834 0.991342
1311867233.174057 0.0304514 -0.164013  0.318016 -0.0255725 0.115197 0.0589515 0.991262
1311867233.206774 0.0349215 -0.165058  0.318917 -0.0257044 0.113488 0.0592976 0.991435
1311867233.274216 0.0325207  -0.16265  0.317522 -0.0272229 0.114625 0.0600004 0.991221
1311867233.306062  0.037074 -0.159305  0.318213 -0.026029 0.112884 0.0602919 0.991436
1311867233.342453 0.0400735 -0.155248  0.318538 -0.0262673 0.111903 0.0602789 0.991541
1311867233.374066 0.0432918 -0.151146  0.315641 -0.0266867 0.110996 0.0603767 0.991626
1311867233.406026 0.0420154 -0.150178  0.316098 -0.026673 0.111595 0.0604984 0.991552
1311867233.442194 0.0424521 -0.149997  0.317948 -0.028579 0.111432 0.0605849 0.991512
1311867233.474076 0.0389503 -0.150076  0.318056 -0.0306682 0.112546 0.0604937 0.991329
1311867233.506601 0.0414029 -0.145106  0.315909 -0.0296649 0.111698 0.0601381 0.991477
1311867233.542082 0.0380549 -0.142667  0.318434 -0.0297219 0.112517 0.0596804 0.99141
1311867233.574217  0.034383 -0.142324  0.321041 -0.0308438 0.114032 0.0597654 0.991198
1311867233.606173   0.03641 -0.140897  0.320761 -0.0308408 0.11343 0.0597104 0.99127
1311867233.642267 0.0325479 -0.139968  0.322844 -0.0311162 0.114837 0.0594946 0.991113
1311867233.674202 0.0323465 -0.140202  0.321988 -0.0319953 0.115384 0.0598074 0.991002
1311867233.706461  0.032778 -0.139838  0.321872 -0.0317348 0.115475 0.0603241 0.990969
1311867233.742420 0.0299003  -0.13624  0.320285 -0.0302554 0.116178 0.0602063 0.99094
1311867233.774073 0.0334717 -0.134189  0.318879 -0.0305036 0.115243 0.0608984 0.990999
1311867233.806227 0.0330681 -0.135642  0.319973 -0.0309583 0.115389 0.0615938 0.990925
1311867233.842183 0.0332796 -0.133704  0.319189 -0.030513 0.115098 0.0620253 0.990946
1311867233.874229 0.0316355 -0.135217  0.321907 -0.0322774 0.116043 0.0630827 0.990713
1311867233.906084 0.031785 -0.13385 0.320801 -0.031997 0.116205 0.0639206 0.99065
1311867233.942192  0.031666 -0.132051  0.322493 -0.0317434 0.116448 0.0642258 0.99061
1311867233.974249 0.0324873 -0.129662  0.319555 -0.0321154 0.116154 0.0649772 0.990583
1311867234.006205 0.0327032 -0.129365  0.320182 -0.0321207 0.11626 0.0653266 0.990547
1311867234.042205 0.0312574 -0.129033  0.321005 -0.0319431 0.11669 0.0656307 0.990483
1311867234.074349 0.0271822 -0.127265  0.320235 -0.0326569 0.118179 0.0659795 0.99026
1311867234.106175 0.0290834 -0.124798  0.319591 -0.0330643 0.117596 0.066609 0.990273
1311867234.142473 0.0294365 -0.124241  0.319266 -0.0336594 0.11676 0.067548 0.990289
1311867234.174383 0.0282149 -0.121305  0.319993 -0.0345443 0.11721 0.0681602 0.990163
1311867234.206312 0.0298952 -0.119762  0.317883 -0.0357694 0.116788 0.0690612 0.990107
1311867234.242292  0.029821 -0.117466  0.316015 -0.0357586 0.116469 0.0699475 0.990083
1311867234.274294  0.026545 -0.118384  0.319708 -0.0369166 0.118236 0.0704379 0.989796
1311867234.306469 0.0264537 -0.116369  0.316942 -0.0366883 0.118361 0.0711844 0.989736
1311867234.342355 0.0274985 -0.116189  0.316121 -0.0365162 0.118155 0.071727 0.989728
1311867234.374159 0.0243268 -0.116371  0.317788 -0.0367256 0.119925 0.0719259 0.989493
1311867234.406260 0.0228893 -0.115269  0.317484 -0.0372081 0.121015 0.0720925 0.98933
1311867234.442238 0.0235926 -0.113039  0.315436 -0.0363661 0.120499 0.0720778 0.989425
1311867234.474248 0.0207215 -0.112042  0.315574 -0.0358185 0.121607 0.0714025 0.989359
1311867234.506308 0.0167456 -0.110593  0.317205 -0.03622 0.123929 0.0704443 0.989125
1311867234.542293 0.0199912 -0.110181  0.313904 -0.036241 0.122898 0.0703265 0.989261
1311867234.574192 0.0184578 -0.111373  0.314774 -0.0363334 0.123536 0.0699466 0.989205
1311867234.606098 0.0180819 -0.109252  0.312826 -0.0361769 0.123972 0.0693619 0.989197
1311867234.642267 0.0189906 -0.109338  0.312284 -0.0369574 0.124304 0.0683357 0.989198
1311867234.674096 0.0186472 -0.108334  0.310538 -0.0359564 0.124544 0.0667121 0.989316
1311867234.706095 0.0157003  -0.10826  0.310986 -0.0359585 0.12551 0.0652551 0.989291
1311867234.742287 0.0142185 -0.109385    0.3106 -0.0367007 0.126219 0.0637851 0.989269
1311867234.774140  0.017774 -0.108507  0.307294 -0.0360145 0.124648 0.0618094 0.989619
1311867234.806072 0.0134738 -0.107962  0.308232 -0.035763 0.126122 0.0603021 0.989534
1311867234.842326 0.0125519  -0.10976  0.307317 -0.0366045 0.126458 0.0592149 0.989526
1311867234.874157 0.00999194  -0.113045   0.309854 -0.0366244 0.126604 0.0580467 0.989576
1311867234.906187 0.0116724 -0.109012  0.306288 -0.0351044 0.125316 0.0569145 0.989861
1311867234.942270 0.0109467  -0.11295  0.308313 -0.0371101 0.125681 0.0571882 0.989726
1311867234.974155 0.0104311 -0.113434   0.30837 -0.0374224 0.124978 0.0574199 0.989789
1311867235.006175  0.013886 -0.111582  0.306931 -0.0374184 0.123165 0.0581589 0.989974
1311867235.042326 0.0152594 -0.110012  0.306365 -0.0386396 0.122265 0.0586006 0.990012
1311867235.074182 0.0182393  -0.10917  0.303727 -0.0393969 0.120787 0.0588835 0.990147
1311867235.106252 0.0203207 -0.108604  0.302573 -0.0401828 0.119538 0.0594892 0.990231
1311867235.142245 0.0201668 -0.109197  0.302639 -0.0410228 0.119632 0.0598835 0.990161
1311867235.174301 0.0182153 -0.109539  0.304727 -0.0405085 0.120835 0.0596072 0.990053
1311867235.206197 0.0228594 -0.107625  0.301381 -0.0405171 0.11952 0.060653 0.990149
1311867235.242257 0.0265452 -0.106547  0.298224 -0.0401523 0.118291 0.0616798 0.990248
1311867235.274183 0.0278527 -0.105018  0.297647 -0.0393203 0.117422 0.0623533 0.990342
1311867235.306202 0.0261795 -0.107661  0.299762 -0.0407333 0.118535 0.0627775 0.990126
1311867235.342289 0.0277906 -0.107399  0.297402 -0.0408449 0.11774 0.0633802 0.990178
1311867235.374391 0.0247731  -0.10677  0.298787 -0.0407271 0.118294 0.0636748 0.990098
1311867235.406214 0.0230316 -0.107102  0.299822 -0.0410616 0.118782 0.0637288 0.990022
1311867235.442222 0.0238913 -0.107557   0.29786 -0.0411941 0.11855 0.0638037 0.990039
1311867235.474167 0.0211303 -0.110415  0.299775 -0.0409937 0.119382 0.0635541 0.989964
1311867235.506159 0.0213533 -0.109483  0.298731 -0.0405668 0.118945 0.0630672 0.990065
1311867235.542321 0.0218921 -0.109909  0.297021 -0.0407879 0.118483 0.0627679 0.99013
1311867235.574193 0.0203471 -0.110354  0.297214 -0.0400414 0.118644 0.0621391 0.990181
1311867235.606195 0.0161345 -0.107758  0.300103 -0.0401078 0.119843 0.0614369 0.990078
1311867235.642444 0.0156424 -0.109926  0.299776 -0.0422456 0.11965 0.0618098 0.989989
1311867235.674238 0.0149592 -0.108697  0.300324 -0.0416597 0.119179 0.0618523 0.990068
1311867235.706367 0.0169379 -0.109052  0.298277 -0.0428426 0.118094 0.0617396 0.990155
1311867235.742311 0.0188021 -0.110937  0.299041 -0.0436702 0.117425 0.0616451 0.990204
1311867235.806313  0.013495 -0.111352  0.298156 -0.0440063 0.116606 0.0628202 0.990212
1311867235.842280 0.0214968 -0.109473  0.294746 -0.0434228 0.113558 0.0631201 0.990573
1311867235.874209 0.0207546 -0.108717  0.294102 -0.0419828 0.11377 0.0630755 0.990614
1311867235.906374 0.0212275 -0.107702  0.292487 -0.0421118 0.113673 0.0631117 0.990617
1311867235.942343 0.0196103 -0.109497  0.294442 -0.0424335 0.113955 0.0631209 0.99057
1311867235.974196 0.0231676 -0.104002  0.290443 -0.0400798 0.112039 0.0631125 0.990887
1311867236.042378 0.0198298 -0.107655  0.293414 -0.0421586 0.113755 0.0634368 0.990585
1311867236.074226 0.0214752 -0.104585  0.288874 -0.0405966 0.113303 0.0637213 0.990684
1311867236.106358 0.0221207 -0.103137  0.285504 -0.0401895 0.113324 0.0640177 0.990679
1311867236.142358 0.0213699  -0.10315  0.284871 -0.0399092 0.113533 0.0643453 0.990645
1311867236.174242 0.0252716 -0.102124   0.28193 -0.0393397 0.111923 0.065086 0.990802
1311867236.206222 0.0222092 -0.102207   0.28255 -0.0392517 0.113219 0.0650113 0.990664
1311867236.274266 0.0217316 -0.101442  0.280942 -0.0387053 0.114306 0.0655299 0.990526
1311867236.306429 0.0247576 -0.100824  0.276669 -0.0380238 0.113653 0.0663495 0.990573
1311867236.342291  0.0263524 -0.0991887   0.270702 -0.036841 0.112294 0.0671769 0.990717
1311867236.374298 0.0256328 -0.100276  0.270475 -0.0375133 0.112466 0.0674548 0.990653
1311867236.406251 0.0221596 -0.102624  0.271325 -0.038325 0.114089 0.0675085 0.990433
1311867236.442391 0.0210721 -0.103088   0.27082 -0.0378236 0.113734 0.0674542 0.990497
1311867236.506314 0.0249293 -0.101715  0.267498 -0.0365712 0.111694 0.0674403 0.990777
1311867236.542354 0.0254275 -0.101415  0.268838 -0.0354366 0.111469 0.0670664 0.990869
1311867236.574217 0.0218636 -0.101449  0.266847 -0.0345647 0.111888 0.0666492 0.990881
1311867236.606288 0.0232889 -0.099853  0.260685 -0.0340714 0.110215 0.0666965 0.991082
1311867236.642388 0.0275234 -0.100098  0.260684 -0.0339811 0.108312 0.06717 0.991263
1311867236.674478   0.02454 -0.101882  0.263368 -0.0333544 0.108972 0.0666921 0.991244
1311867236.706587 0.0271567 -0.100891  0.257989 -0.0320782 0.108106 0.0665102 0.991393
1311867236.742471 0.0206234 -0.100634  0.254556 -0.0312044 0.10992 0.0661509 0.991246
1311867236.774407 0.0193011 -0.101139  0.254571 -0.0306007 0.10922 0.0659595 0.991355
1311867236.806389  0.0195798 -0.0988924   0.250471 -0.0293245 0.108755 0.0659378 0.991446
1311867236.842397 0.0211293  -0.10258  0.244169 -0.0297795 0.108095 0.0663158 0.991479
1311867236.906286 0.0181081 -0.102797  0.242865 -0.0293074 0.108491 0.0667426 0.991421
1311867236.942486 0.0167335 -0.101754   0.23764 -0.0291644 0.108529 0.0676199 0.991362
1311867237.006457  0.018879 -0.102002  0.238115 -0.0274565 0.108494 0.0667043 0.991477
1311867237.042352 0.0177999 -0.102315  0.235075 -0.0273891 0.109265 0.0658071 0.991454
1311867237.074287 0.0213789 -0.100972  0.234328 -0.0252057 0.10829 0.0652358 0.991656
1311867237.106376   0.021749 -0.0977934    0.22963 -0.0223319 0.108678 0.0647281 0.991716
1311867237.142401 0.0199016 -0.096045  0.220938 -0.0213589 0.109518 0.0643966 0.991667
1311867237.206351  0.0198975 -0.0952642   0.219198 -0.0194528 0.109927 0.0650177 0.99162
1311867237.242389  0.0150185 -0.0960887   0.218207 -0.0206663 0.1116 0.065864 0.991353
1311867237.306833  0.0167014 -0.0944649     0.2164 -0.0197331 0.110848 0.0670604 0.991376
1311867237.342478  0.0146103 -0.0946481     0.2122 -0.0198353 0.111575 0.0676164 0.991255
1311867237.406529  0.0174239 -0.0950793   0.211463 -0.0181544 0.110982 0.0674075 0.991368
1311867237.442502 0.0177488 -0.093011  0.203298 -0.0175562 0.109798 0.0681591 0.991459
1311867237.506364  0.0175713 -0.0951299   0.205439 -0.0167625 0.110411 0.0681192 0.991407
1311867237.542505 0.0132479 -0.094693  0.201074 -0.0169652 0.111451 0.0684773 0.991263
1311867237.606410  0.0152438 -0.0953723    0.20041 -0.0157886 0.109746 0.0689297 0.991441
1311867237.642379  0.0157626 -0.0937529   0.192295 -0.0155911 0.108927 0.069143 0.99152
1311867237.706366  0.0144261 -0.0941071   0.191757 -0.0149809 0.10832 0.0699033 0.991542
1311867237.742584 0.00898101 -0.0952466    0.19108 -0.0153033 0.109485 0.0704028 0.991374
1311867237.774590   0.013044 -0.0941715   0.186749 -0.0149282 0.107955 0.0710784 0.991499
1311867237.806458  0.0152027 -0.0950365   0.188279 -0.0140617 0.107879 0.0706937 0.991548
1311867237.842501   0.010471 -0.0956293   0.187764 -0.0132221 0.110106 0.0705442 0.991325
1311867237.874551  0.0125401 -0.0951394   0.182796 -0.0122756 0.10901 0.0706704 0.991449
1311867237.906433  0.0126146 -0.0964499   0.183428 -0.0109936 0.109069 0.0704117 0.991476
1311867237.942660  0.0146072 -0.0951012   0.175738 -0.00991395 0.107766 0.0709063 0.991595
1311867237.974431  0.0101937 -0.0964642   0.174829 -0.0106235 0.109371 0.07092 0.991411
1311867238.006500  0.0125761 -0.0969957   0.173568 -0.010208 0.108464 0.070668 0.991533
1311867238.042572 0.00732848 -0.0983173   0.174631 -0.00916618 0.109728 0.0711024 0.991373
1311867238.074515 -0.000754127   -0.0992272      0.17288 -0.0101376 0.111951 0.0711701 0.99111
1311867238.106429 -0.000517488    -0.100617     0.170924 -0.0121427 0.111358 0.0718923 0.991102
1311867238.142402 0.00223054 -0.0994876   0.170262 -0.010743 0.109312 0.0723387 0.991314
1311867238.174577 9.32041e-05   -0.100028    0.169594 -0.0104422 0.110009 0.0714778 0.991302
1311867238.206467 -0.00210561   -0.100352    0.167423 -0.0107729 0.111596 0.0703058 0.991205
1311867238.242454 0.00150246  -0.100384   0.168366 -0.0091856 0.109901 0.0695608 0.991463
1311867238.274552 -0.00753164   -0.100767    0.166214 -0.00865736 0.11109 0.0689321 0.991379
1311867238.306377 -0.012452 -0.103226  0.163833 -0.0105787 0.110995 0.0690727 0.991361
1311867238.342532 -0.00785757   -0.100127    0.160795 -0.00918229 0.108646 0.0686936 0.991662
1311867238.374439 -0.0109206 -0.0995531   0.158002 -0.00906968 0.10916 0.0685112 0.991619
1311867238.406474 -0.0124504 -0.0981454   0.154908 -0.00936442 0.108868 0.0691776 0.991602
1311867238.442421 -0.0105632  -0.102327   0.155889 -0.0111173 0.106921 0.0701606 0.991727
1311867238.474426 -0.00682138  -0.0994016    0.152091 -0.00959882 0.105123 0.0702428 0.991929
1311867238.506473 -0.0110235 -0.0993315   0.149509 -0.0102087 0.106956 0.0703113 0.991722
1311867238.542703 -0.0150904  -0.101263   0.151637 -0.0108649 0.10758 0.070441 0.991638
1311867238.574615 -0.0160036 -0.0998197   0.149222 -0.00987903 0.107202 0.0701987 0.991707
1311867238.606413 -0.0158206 -0.0979464   0.144553 -0.00955903 0.107322 0.0699624 0.991714
1311867238.642378 -0.0167405  -0.099514   0.144169 -0.0102931 0.108633 0.0693001 0.99161
1311867238.674405 -0.0197454   -0.10173   0.145831 -0.010063 0.109541 0.0692915 0.991513
1311867238.706486 -0.0223327  -0.101115   0.142442 -0.00933384 0.109265 0.0693441 0.991547
1311867238.742522 -0.0214738  -0.100385   0.139517 -0.00882351 0.109358 0.06892 0.991571
1311867238.774397 -0.0217821  -0.100562   0.137798 -0.00774547 0.110417 0.0682915 0.991506
1311867238.806422 -0.0272917  -0.101849   0.135806 -0.00708209 0.112193 0.0682942 0.991312
1311867238.842541 -0.0299836  -0.102808   0.132887 -0.00713864 0.11235 0.0685709 0.991274
1311867238.874418 -0.0264061  -0.102305   0.128461 -0.00609472 0.110852 0.0687384 0.991438
1311867238.906451 -0.0275674   -0.10114    0.12553 -0.00424821 0.111234 0.0685269 0.99142
1311867238.942510 -0.0329018  -0.101222   0.121242 -0.00481123 0.113463 0.068557 0.991162
1311867238.974527 -0.0367857  -0.100409   0.115388 -0.00601633 0.11403 0.069173 0.991048
1311867239.006405 -0.0323892 -0.0995317   0.112611 -0.00538722 0.111662 0.0694117 0.991304
1311867239.042587 -0.0361158 -0.0970074   0.107958 -0.00496808 0.112785 0.0688334 0.99122
1311867239.074592 -0.0349736 -0.0976624   0.103338 -0.00665209 0.112907 0.0683022 0.991233
1311867239.106416 -0.0353981 -0.0973403   0.101712 -0.00628158 0.11305 0.0679644 0.991242
1311867239.143039 -0.0399846 -0.0983386  0.0994955 -0.00640459 0.11422 0.0678153 0.991118
1311867239.174559  -0.040372 -0.0978727  0.0955957 -0.00648536 0.113403 0.0681008 0.991191
1311867239.206507 -0.0400864 -0.0977135  0.0925984 -0.00628295 0.112259 0.0679472 0.991333
1311867239.242615  -0.041379 -0.0974944  0.0900198 -0.00601652 0.112646 0.0678969 0.991294
1311867239.274466 -0.0462345 -0.0987732  0.0864724 -0.00761766 0.113694 0.0677926 0.991171
1311867239.306409  -0.050861 -0.0976215  0.0869136 -0.00782381 0.114333 0.0672757 0.991131
1311867239.342486 -0.0498969 -0.0953022  0.0822105 -0.00701885 0.112809 0.067925 0.991267
1311867239.374562 -0.0541999 -0.0932334  0.0791844 -0.00709056 0.113281 0.0679109 0.991214
1311867239.406592 -0.0576042 -0.0936009  0.0772421 -0.00865114 0.113636 0.0675967 0.991182
1311867239.442634 -0.0588607 -0.0930054   0.076341 -0.00866577 0.113531 0.0678936 0.991174
1311867239.474517 -0.0612598 -0.0924316  0.0749599 -0.00894024 0.113455 0.0676815 0.991195
1311867239.506556  -0.065067 -0.0911608  0.0731865 -0.00948382 0.113775 0.0677056 0.991151
1311867239.542637 -0.0646373 -0.0907263  0.0717686 -0.00971719 0.11223 0.0675664 0.991335
1311867239.574603 -0.0646514 -0.0885058  0.0689919 -0.00827408 0.111844 0.066995 0.99143
1311867239.606412 -0.0669731 -0.0866272  0.0635999 -0.00824554 0.111466 0.0668387 0.991484
1311867239.642581 -0.0681569 -0.0882672  0.0631271 -0.0101977 0.110224 0.066865 0.991603
1311867239.674585 -0.0651682 -0.0881926  0.0631283 -0.00956771 0.107657 0.0668149 0.991894
1311867239.706420 -0.0631472 -0.0869322  0.0580074 -0.00808304 0.106482 0.0664913 0.992056
1311867239.742532 -0.0637193 -0.0842206  0.0518433 -0.00683643 0.106182 0.0664917 0.992097
1311867239.774489 -0.0652803 -0.0858749  0.0510958 -0.00678275 0.106314 0.0665643 0.992079
1311867239.806512 -0.0675953 -0.0852294  0.0516932 -0.00434805 0.107957 0.0659781 0.991954
1311867239.842582   -0.07071 -0.0844623  0.0450974 -0.00307591 0.110171 0.0661119 0.991707
1311867239.874576 -0.0755301 -0.0835847  0.0405863 -0.00179386 0.111971 0.06639 0.99149
1311867239.906569 -0.0769511 -0.0833754  0.0376903 -0.000617445 0.111744 0.0666323 0.9915
1311867239.942408 -0.0764532 -0.0833826  0.0335044 -0.000317959 0.111808 0.0664466 0.991506
1311867239.976213  -0.077724 -0.0814234  0.0299638 0.0012922 0.11283 0.066163 0.991408
1311867240.006746 -0.0823261 -0.0822467    0.02829 0.00151217 0.114879 0.0658527 0.991193
1311867240.042506 -0.0855486 -0.0827385  0.0258027 0.00135132 0.115489 0.0661721 0.991101
1311867240.074598  -0.086037 -0.0818536  0.0240947 0.00246082 0.115515 0.0660624 0.991103
1311867240.106559 -0.0880331 -0.0820418   0.021178 0.00257552 0.115838 0.0654969 0.991103
1311867240.142844 -0.088214  -0.08399 0.0205707 0.00246828 0.114512 0.0649618 0.991293
1311867240.174466 -0.0907579 -0.0835563  0.0179273 0.00323989 0.115262 0.0640651 0.991262
1311867240.206552 -0.0919453 -0.0809537   0.013216 0.00427746 0.115232 0.0640652 0.991261
1311867240.242433 -0.0916796 -0.0817931  0.0114136 0.00432151 0.113944 0.0642937 0.991395
1311867240.274677 -0.0933419  -0.081365 0.00903791 0.00518883 0.113697 0.0642385 0.991423
1311867240.306544 -0.0968241 -0.0778502 0.00430908 0.00661731 0.115024 0.0645395 0.991242
1311867240.342481 -0.0999064 -0.0773908 0.00161664 0.00620369 0.116394 0.0650497 0.991051
1311867240.374466   -0.0993817   -0.0762204 -0.000644985 0.00658017 0.116394 0.0655634 0.991015
1311867240.406662   -0.102089  -0.0752227 -0.00295305 0.00693728 0.117488 0.0659839 0.990855
1311867240.442598   -0.107004  -0.0738701 -0.00568231 0.00662573 0.119727 0.0666577 0.990544
1311867240.474536   -0.110597  -0.0746328 -0.00501287 0.00592263 0.122111 0.0679231 0.990172
1311867240.506469   -0.112064  -0.0741271 -0.00653974 0.00582444 0.12341 0.0693433 0.989913
1311867240.542590   -0.113788  -0.0734562 -0.00808189 0.0054077 0.124382 0.0703675 0.989721
1311867240.574511   -0.117597  -0.0722759 -0.00572886 0.00649574 0.127333 0.0705563 0.989326
1311867240.606557  -0.120988 -0.0706043 -0.0086513 0.00679477 0.129423 0.071216 0.989005
1311867240.642795   -0.122149  -0.0697458 -0.00999386 0.00664234 0.129683 0.0721969 0.988901
1311867240.674613  -0.126422 -0.0693537 -0.0112961 0.00613713 0.132229 0.072015 0.988581
1311867240.706562  -0.125921 -0.0700152 -0.0116451 0.00580123 0.132987 0.0724877 0.988446
1311867240.742631  -0.126599 -0.0711357 -0.0137367 0.00590094 0.133612 0.0726242 0.988352
1311867240.774678  -0.127997 -0.0698493 -0.0137898 0.00693967 0.135566 0.0716898 0.988147
1311867240.806605  -0.127971 -0.0703819 -0.0156115 0.00732209 0.136457 0.0710641 0.988067
1311867240.842940  -0.126178 -0.0688232 -0.0189545 0.00906613 0.1365 0.0699754 0.988124
1311867240.874843  -0.131075 -0.0698996 -0.0195568 0.00965143 0.139312 0.0694946 0.98776
1311867240.906548  -0.130195 -0.0707313 -0.0222133 0.0105665 0.138976 0.0702375 0.987745
1311867240.942559  -0.131892 -0.0716778 -0.0231364 0.0118911 0.140067 0.0700389 0.98759
1311867240.974622  -0.133116 -0.0725338 -0.0259338 0.0128575 0.140268 0.0705975 0.98751
1311867241.006716  -0.133474 -0.0736024 -0.0296591 0.0126321 0.139849 0.0712314 0.987527
1311867241.042623  -0.129896 -0.0732266 -0.0337944 0.0142049 0.138458 0.0713522 0.987693
1311867241.074792 -0.131367 -0.074616 -0.035763 0.0158521 0.13892 0.0714884 0.987593
1311867241.106779  -0.135456 -0.0729159 -0.0423857 0.0163571 0.139428 0.0716986 0.987498
1311867241.142854  -0.134771 -0.0728068 -0.0452213 0.015776 0.138961 0.071565 0.987583
1311867241.174730  -0.133925 -0.0720091 -0.0493408 0.0157091 0.137408 0.0719235 0.987775
1311867241.206721  -0.137133 -0.0747761 -0.0502481 0.012972 0.136768 0.0712821 0.98795
1311867241.242631  -0.133033 -0.0734245 -0.0527192 0.0134467 0.134283 0.0697588 0.988393
1311867241.275069  -0.134141 -0.0724687 -0.0555456 0.0134475 0.13364 0.0690657 0.988529
1311867241.310769  -0.131757 -0.0705979 -0.0597585 0.0134871 0.131504 0.0692235 0.988804
1311867241.342582  -0.133167 -0.0704129 -0.0618285 0.0136681 0.132355 0.0698677 0.988642
1311867241.374677  -0.133977 -0.0697781 -0.0643606 0.0135224 0.132697 0.071587 0.988476
1311867241.410635  -0.134487  -0.068931 -0.0673963 0.0126375 0.132477 0.0732094 0.988398
1311867241.442620  -0.132453 -0.0691613 -0.0679626 0.0124751 0.13208 0.0738641 0.988404
1311867241.474896  -0.134917 -0.0693419 -0.0696358 0.0129474 0.133939 0.0735039 0.988175
1311867241.510751  -0.137958 -0.0696166 -0.0729625 0.012385 0.135754 0.0726524 0.987997
1311867241.542602  -0.138492 -0.0693572 -0.0721337 0.0128394 0.137186 0.0716903 0.987864
1311867241.574823  -0.140357 -0.0684092 -0.0740751 0.013449 0.138973 0.0706722 0.98768
1311867241.610604  -0.143113 -0.0694477 -0.0744791 0.0122742 0.140693 0.0702732 0.98748
1311867241.642627  -0.139335 -0.0693639  -0.075248 0.0128819 0.139118 0.069974 0.987716
1311867241.674668  -0.141674 -0.0703258 -0.0749193 0.0137985 0.140513 0.0690726 0.98757
1311867241.710757  -0.143475 -0.0705716 -0.0769464 0.0139951 0.141407 0.0685719 0.987475
1311867241.742749  -0.142521 -0.0715205 -0.0772755 0.0145374 0.141211 0.068176 0.987522
1311867241.774620  -0.144077 -0.0708309 -0.0782874 0.0156234 0.142026 0.0678937 0.987408
1311867241.810714  -0.143969 -0.0703304 -0.0809828 0.0156437 0.141698 0.0681871 0.987435
1311867241.842840  -0.143685 -0.0701538 -0.0821682 0.0155945 0.141764 0.068752 0.987387
1311867241.874966  -0.141625 -0.0691809 -0.0852488 0.0162768 0.140159 0.0693471 0.987563
1311867241.910597  -0.141064 -0.0680565 -0.0876738 0.0166532 0.139683 0.0694174 0.98762
1311867241.942934  -0.137618 -0.0668932 -0.0902521 0.0180726 0.137866 0.0695873 0.987838
1311867241.974655  -0.137605 -0.0669191  -0.092185 0.0194419 0.13817 0.0693997 0.987783
1311867242.010806  -0.139674 -0.0667706 -0.0956077 0.0196226 0.138484 0.0695608 0.987724
1311867242.042670  -0.137722  -0.067799 -0.0966615 0.02012 0.13724 0.0698592 0.987866
1311867242.074787  -0.139766 -0.0677828 -0.0971606 0.0219002 0.138594 0.0692923 0.987679
1311867242.110732  -0.140499 -0.0673206  -0.100396 0.0222033 0.139388 0.068518 0.987615
1311867242.142880  -0.140054 -0.0676787   -0.10103 0.0232754 0.139299 0.0676928 0.98766
1311867242.174884   -0.14325 -0.0674076  -0.103445 0.0236425 0.140067 0.0673532 0.987566
1311867242.210643  -0.140741 -0.0657122  -0.106955 0.0239007 0.138406 0.067013 0.987817
1311867242.242719 -0.140039 -0.066589 -0.107184 0.0244265 0.138109 0.0665118 0.987879
1311867242.275028  -0.141907 -0.0661167  -0.109992 0.024591 0.137937 0.0661655 0.987922
1311867242.310756  -0.141862 -0.0661633  -0.111491 0.0244972 0.137179 0.0659136 0.988047
1311867242.342625  -0.142179 -0.0641296  -0.113565 0.0257313 0.136795 0.0656381 0.988087
1311867242.374628  -0.142836 -0.0631591  -0.116097 0.0257842 0.136517 0.0653778 0.988142
1311867242.410601  -0.143025 -0.0643584  -0.116906 0.025352 0.135832 0.0654883 0.98824
1311867242.442670  -0.143803 -0.0627342  -0.118468 0.026194 0.135425 0.0651299 0.988297
1311867242.474794  -0.144173 -0.0615181  -0.120326 0.0258828 0.134421 0.0648458 0.988462
1311867242.510745  -0.143343 -0.0612095  -0.122086 0.0256386 0.133141 0.064806 0.988644
1311867242.542677  -0.14512 -0.059769 -0.123605 0.0256344 0.13285 0.0649548 0.988673
1311867242.574755  -0.144182 -0.0596333  -0.124307 0.0247545 0.13121 0.0648503 0.988921
1311867242.610840  -0.142952 -0.0585995   -0.12646 0.0249362 0.129081 0.0659984 0.989121
1311867242.642862  -0.144342 -0.0580033  -0.128251 0.0248436 0.127082 0.0671388 0.989305
1311867242.674755  -0.143172 -0.0566741  -0.129889 0.0246978 0.125199 0.0672154 0.989544
1311867242.710770  -0.139531 -0.0558471  -0.132296 0.0257502 0.122828 0.0670291 0.989827
1311867242.742836  -0.142513 -0.0551631  -0.134453 0.0269724 0.122323 0.0672087 0.989845
1311867242.774742 -0.141088 -0.055446 -0.135408 0.0260957 0.120352 0.0664867 0.990159
1311867242.810922  -0.139564 -0.0553154  -0.136431 0.0267551 0.119472 0.0650253 0.990345
1311867242.842725  -0.139604 -0.0536394  -0.140455 0.028108 0.118484 0.0644213 0.990465
1311867242.874716  -0.138438 -0.0541242  -0.142042 0.0278689 0.116271 0.0642238 0.990747
1311867242.910777   -0.13656 -0.0540714  -0.143376 0.0286028 0.114583 0.0634662 0.990972
1311867242.942636  -0.137255 -0.0527225  -0.145451 0.0297488 0.114526 0.0622121 0.991024
1311867242.974656  -0.137545 -0.0508573  -0.148152 0.030619 0.114845 0.0608678 0.991044
1311867243.010665  -0.138641 -0.0504103  -0.149988 0.0311635 0.114888 0.0603731 0.991052
1311867243.042682  -0.138596 -0.0506578   -0.15122 0.0316301 0.114082 0.060362 0.991131
1311867243.074944   -0.14087 -0.0506752  -0.153811 0.0321222 0.114915 0.0593927 0.991078
1311867243.110760  -0.142004 -0.0503333  -0.155811 0.0329582 0.115101 0.0592906 0.991035
1311867243.142942  -0.142514 -0.0495856   -0.15837 0.0333204 0.114732 0.0590845 0.991078
1311867243.174792  -0.141815 -0.0492432   -0.15956 0.0338642 0.114072 0.0587643 0.991155
1311867243.210671  -0.142653 -0.0490615  -0.162245 0.0345326 0.114265 0.0585812 0.99112
1311867243.242923   -0.14364 -0.0481309   -0.16484 0.0345674 0.114579 0.0583286 0.991098
1311867243.274872  -0.143875 -0.0471935  -0.166389 0.0346662 0.114242 0.0582835 0.991136
1311867243.310909  -0.143887 -0.0465406  -0.168022 0.0347886 0.113646 0.058291 0.9912
1311867243.342681 -0.144005 -0.045776 -0.169347 0.0350319 0.113538 0.0576314 0.991242
1311867243.375787 -0.143982 -0.045521 -0.171201 0.0351586 0.113537 0.0569705 0.991276
1311867243.412082  -0.145209 -0.0445813  -0.172924 0.0354729 0.113585 0.0564746 0.991287
1311867243.442886 -0.144499 -0.044238 -0.174369 0.0357898 0.112921 0.0556326 0.9914
1311867243.474884  -0.143762 -0.0440787  -0.175876 0.0369258 0.112799 0.0546458 0.991427
1311867243.510986 -0.145747 -0.043331 -0.178639 0.0375 0.113475 0.0539994 0.991363
1311867243.543026  -0.146219 -0.0437786  -0.179886 0.0377734 0.11309 0.0535133 0.991423
1311867243.574697  -0.148017 -0.0437786  -0.180847 0.0382531 0.113371 0.0534072 0.991378
1311867243.610776  -0.147852 -0.0418294  -0.183476 0.0387263 0.112662 0.0531175 0.991457
1311867243.642685  -0.147764 -0.0415853  -0.184381 0.0393119 0.112165 0.0525716 0.991519
1311867243.674867  -0.149053 -0.0410642  -0.186593 0.0397967 0.112101 0.0523093 0.991521
1311867243.710902  -0.149902 -0.0404882  -0.188321 0.0396731 0.112011 0.0517194 0.991567
1311867243.742761  -0.150423 -0.0416206  -0.187609 0.0400672 0.111212 0.0511967 0.991668
1311867243.774837  -0.152766 -0.0420577  -0.188254 0.0401931 0.111363 0.0500157 0.991706
1311867243.810755  -0.152702 -0.0409584  -0.190543 0.0406708 0.110866 0.0492903 0.991779
1311867243.842825  -0.153916 -0.0414723  -0.189797 0.041713 0.110508 0.0489479 0.991792
1311867243.874795  -0.156156 -0.0412658  -0.191981 0.0420494 0.11071 0.0488306 0.991761
1311867243.911010   -0.15763 -0.0410329    -0.1934 0.0421218 0.110344 0.0490042 0.991791
1311867243.942765  -0.158118 -0.0410246  -0.194367 0.0427626 0.109634 0.0490294 0.991841
1311867243.974939  -0.161589 -0.0404141  -0.197439 0.0426434 0.110881 0.0488816 0.991714
1311867244.010938  -0.159851 -0.0394824  -0.197791 0.0430435 0.109319 0.0492395 0.991853
1311867244.042874  -0.160571 -0.0387996  -0.199403 0.0436491 0.109259 0.0490604 0.991842
1311867244.074729  -0.161797 -0.0380294   -0.20107 0.0439067 0.109432 0.0493119 0.991799
1311867244.110737  -0.161897 -0.0376715  -0.202191 0.0443296 0.109089 0.0492025 0.991823
1311867244.142752  -0.163422 -0.0366682   -0.20359 0.0450011 0.109699 0.0489017 0.991741
1311867244.174960  -0.164543 -0.0362007  -0.205364 0.0450254 0.109924 0.0489769 0.991711
1311867244.210998  -0.164996 -0.0360374   -0.20641 0.0457845 0.109851 0.0490129 0.991683
1311867244.242837   -0.16636 -0.0355704  -0.209171 0.0463354 0.110214 0.0492573 0.991605
1311867244.274849  -0.168085 -0.0347574  -0.211468 0.0462101 0.110332 0.0496841 0.991576
1311867244.311019  -0.166334 -0.0348299  -0.211078 0.0473671 0.109809 0.0493728 0.991595
1311867244.342945  -0.169759 -0.0348206  -0.215431 0.0477767 0.111205 0.0497227 0.991402
1311867244.374807  -0.170685 -0.0347083  -0.217629 0.0476973 0.111575 0.0498037 0.99136
1311867244.410917  -0.170947 -0.0345696  -0.219388 0.0483907 0.112143 0.0492927 0.991288
1311867244.442939  -0.173113 -0.0334357   -0.22213 0.048341 0.113771 0.0488833 0.991125
1311867244.474845  -0.174421 -0.0343328  -0.223585 0.0475928 0.114387 0.0487355 0.991098
1311867244.510909 -0.177229 -0.036535 -0.222836 0.0472425 0.114696 0.0481665 0.991107
1311867244.543087  -0.178944 -0.0355344  -0.225912 0.0478607 0.113974 0.047962 0.991171
1311867244.574880  -0.179126 -0.0360434  -0.228372 0.0475454 0.112984 0.0475983 0.991317
1311867244.610794  -0.178096 -0.0365088  -0.229483 0.0488386 0.111678 0.0471987 0.991421
1311867244.642828   -0.18152 -0.0365861  -0.231794 0.0494499 0.111881 0.0466281 0.991395
1311867244.674838  -0.181879 -0.0362127  -0.235708 0.0495368 0.11048 0.0462114 0.991567
1311867244.710970  -0.183577 -0.0356103  -0.237825 0.0497833 0.11031 0.0459242 0.991587
1311867244.742796 -0.186482 -0.035639  -0.24072 0.0496235 0.111 0.0455725 0.991534
1311867244.774974  -0.185507 -0.0360521   -0.24187 0.0504415 0.109344 0.0453286 0.991688
1311867244.810910  -0.187817 -0.0352297  -0.244322 0.0510626 0.109687 0.0449522 0.991635
1311867244.842820  -0.188947 -0.0350657  -0.246034 0.0509207 0.109177 0.0448622 0.991703
1311867244.874902  -0.189187 -0.0344886   -0.24762 0.0520527 0.108384 0.0451209 0.99172
1311867244.910805  -0.190327 -0.0338906  -0.251095 0.0525253 0.107417 0.0457576 0.991771
1311867244.942839  -0.186977 -0.0336624  -0.254082 0.0530584 0.10507 0.0456015 0.992001
1311867244.974988  -0.187788 -0.0330806  -0.255764 0.0546684 0.105219 0.0449357 0.991928
1311867245.010872  -0.189817 -0.0313704  -0.260444 0.0551152 0.10493 0.0446078 0.991949
1311867245.042993  -0.189623 -0.0312164  -0.261678 0.0556091 0.104114 0.0441988 0.992025
1311867245.074920  -0.189283 -0.0307863  -0.263882 0.056611 0.103419 0.0436784 0.992064
1311867245.111116  -0.191854 -0.0291976  -0.266309 0.0572863 0.104267 0.04317 0.991959
1311867245.142920  -0.192106 -0.0292446  -0.267792 0.0571241 0.103676 0.043104 0.992033
1311867245.174913  -0.191937 -0.0289177  -0.267999 0.0581575 0.103083 0.042637 0.992055
1311867245.210898  -0.192154 -0.0283189  -0.272279 0.0577175 0.103001 0.042529 0.992094
1311867245.242901  -0.192337 -0.0283789  -0.274514 0.0574849 0.102721 0.042625 0.992133
1311867245.275567  -0.193781 -0.0275397  -0.275187 0.0582229 0.10257 0.0425643 0.992108
1311867245.312009  -0.193874 -0.0259007  -0.278447 0.0584274 0.10261 0.0427828 0.992082
1311867245.343010  -0.196339 -0.0249519  -0.280989 0.0580599 0.103578 0.0437869 0.991959
1311867245.374937  -0.195381 -0.0245286  -0.282689 0.0580813 0.10307 0.043942 0.992004
1311867245.412235  -0.194645 -0.0238243  -0.285701 0.0584511 0.102205 0.0442929 0.992056
1311867245.442883   -0.19456 -0.0239141  -0.288065 0.0582685 0.101652 0.0446705 0.992107
1311867245.475145  -0.191714 -0.0235561  -0.289834 0.0597937 0.100394 0.044715 0.992142
1311867245.510882 -0.193399 -0.022778 -0.293187 0.0606933 0.101391 0.044303 0.992005
1311867245.542961  -0.193898 -0.0231018  -0.294854 0.0611319 0.101164 0.0437741 0.992024
1311867245.574941  -0.193422 -0.0211664  -0.295477 0.064302 0.100434 0.0435613 0.991908
1311867245.610913  -0.198975 -0.0205156   -0.29975 0.0635552 0.103439 0.0440289 0.991626
1311867245.642819  -0.198596 -0.0210099  -0.301172 0.0630678 0.102365 0.0447338 0.991737
1311867245.675175  -0.197201 -0.0184234   -0.30413 0.0648716 0.10086 0.045307 0.991749
1311867245.710917  -0.198195 -0.0181763  -0.306229 0.0639974 0.101271 0.0451625 0.991771
1311867245.742982  -0.198355 -0.0175831  -0.308737 0.0643712 0.101911 0.0449561 0.99169
1311867245.775252  -0.200179 -0.0162212   -0.31074 0.065342 0.102681 0.0451299 0.991539
1311867245.811035  -0.202507 -0.0147988  -0.313189 0.0652679 0.103329 0.0454892 0.99146
1311867245.842823  -0.199633 -0.0151129  -0.314438 0.0649074 0.101802 0.0457585 0.99163
1311867245.875777  -0.200921 -0.0138864   -0.31582 0.0656247 0.102792 0.0460986 0.991465
1311867245.911075  -0.201152 -0.0131337  -0.317583 0.0655367 0.102751 0.0461742 0.991471
1311867245.942887  -0.201217 -0.0128297  -0.319835 0.065871 0.102814 0.0465994 0.991423
1311867245.975135  -0.202557 -0.0125624  -0.320732 0.066384 0.104025 0.0472865 0.991229
1311867246.011242  -0.202838 -0.0133223  -0.321512 0.0668535 0.104202 0.048554 0.991118
1311867246.042923  -0.202121 -0.0131899   -0.32353 0.0678473 0.103973 0.049413 0.991032
1311867246.075233  -0.202826 -0.0132888  -0.326248 0.0688526 0.104323 0.0502653 0.990883
1311867246.110925 -0.201488  -0.01275 -0.327505 0.0708394 0.103743 0.0508338 0.990775
1311867246.143089  -0.203481 -0.0128759  -0.331039 0.0711877 0.104978 0.0510265 0.99061
1311867246.174981  -0.203301 -0.0135458  -0.333188 0.0722372 0.104756 0.0515546 0.99053
1311867246.210964  -0.203761 -0.0139471  -0.335517 0.0735955 0.10431 0.0522823 0.990439
1311867246.242940  -0.203718 -0.0144073  -0.337565 0.0748561 0.103759 0.0525104 0.99039
1311867246.275065  -0.202835 -0.0138616  -0.340979 0.0764835 0.102826 0.0523302 0.990373
1311867246.310872  -0.204036 -0.0145847  -0.342748 0.0777623 0.102946 0.0524798 0.990253
1311867246.342932  -0.204362 -0.0139898  -0.345672 0.0786546 0.102784 0.0524935 0.990199
1311867246.375297  -0.204784 -0.0119658  -0.348075 0.080767 0.10233 0.0524928 0.990076
1311867246.410931  -0.204087 -0.0110622  -0.351066 0.0818909 0.100744 0.0526826 0.990136
1311867246.443077  -0.203396 -0.0104879    -0.3531 0.0830291 0.100026 0.0524442 0.990126
1311867246.475133   -0.205104 -0.00983019   -0.355412 0.0836018 0.101162 0.0522564 0.989973
1311867246.510968   -0.203769 -0.00904323   -0.356292 0.08531 0.100197 0.051891 0.989944
1311867246.543113   -0.202485 -0.00779076    -0.35925 0.0862499 0.0992589 0.0512537 0.989991
1311867246.575204    -0.20476 -0.00738799   -0.360663 0.0859542 0.10064 0.051065 0.989887
1311867246.611125   -0.205888 -0.00780349   -0.361952 0.0855493 0.100673 0.0509015 0.989927
1311867246.643187   -0.203843 -0.00664147   -0.364084 0.085907 0.0991157 0.0505034 0.990073
1311867246.675169   -0.204458 -0.00622012   -0.364789 0.085378 0.0997208 0.0503103 0.990068
1311867246.711056   -0.204586 -0.00606174   -0.365454 0.0851163 0.0997832 0.0501351 0.990093
1311867246.743305   -0.203885 -0.00442633   -0.366198 0.0853909 0.099411 0.0504751 0.99009
1311867246.774986   -0.203658 -0.00413242   -0.366495 0.0850472 0.0992777 0.050292 0.990142
1311867246.811193   -0.205034 -0.00376532   -0.367625 0.0850732 0.099759 0.0504967 0.990081
1311867246.843092   -0.203879 -0.00297973   -0.367912 0.0848618 0.098685 0.0502795 0.990218
1311867246.875078   -0.203788 -0.00315061   -0.368089 0.0844682 0.0987023 0.050421 0.990243
1311867246.911155   -0.204698 -0.00191989   -0.368303 0.0850426 0.0988756 0.0505833 0.990168
1311867246.943061   -0.204744 -0.00272742   -0.367919 0.0837541 0.0987077 0.051037 0.990271
1311867246.975124   -0.205765 -0.00306803   -0.368676 0.0833366 0.0990811 0.0511124 0.990265
1311867247.010909  -0.205701 -0.0020638  -0.368787 0.0837635 0.098462 0.0512879 0.990282
1311867247.044073   -0.206955 -0.00201446   -0.369828 0.0835245 0.0989306 0.0513279 0.990253
1311867247.075192    -0.20554 -0.00166088   -0.369741 0.0842716 0.097548 0.0518254 0.990301
1311867247.111215    -0.20666 -0.00140724   -0.371293 0.084242 0.0980079 0.0519758 0.990251
1311867247.143044    -0.205966 -0.000697584    -0.371663 0.084844 0.0973875 0.0505413 0.990335
1311867247.175163    -0.204276 -0.000790706    -0.372348 0.0849346 0.0964396 0.0482517 0.990534
1311867247.211319  -0.205138 0.00135267  -0.371659 0.0853933 0.0982403 0.0470922 0.990373
1311867247.243728  -0.205442 0.00224618   -0.37144 0.0842031 0.0989395 0.0476774 0.990378
1311867247.277719   -0.20573 0.00205787   -0.37145 0.0839261 0.0992913 0.048865 0.990308
1311867247.310969  -0.205757 0.00193581  -0.370183 0.083031 0.100375 0.0499449 0.99022
1311867247.343205 -0.203591 0.0014981  -0.36897 0.0819512 0.100905 0.0497405 0.990267
1311867247.375307  -0.204465 0.00252316  -0.368398 0.0826696 0.102933 0.0498752 0.989991
1311867247.411675 -0.205429 0.0033137 -0.367596 0.0819131 0.104413 0.0506331 0.989861
1311867247.444093  -0.20429 0.0033897 -0.366117 0.0810308 0.104451 0.0513759 0.989891
1311867247.475103  -0.20528 0.0034537 -0.365011 0.0805724 0.10546 0.0520744 0.989785
1311867247.511045  -0.204641 0.00524801  -0.363106 0.0797429 0.104975 0.0528807 0.989861
1311867247.543085  -0.204732 0.00404934  -0.362078 0.0782293 0.105053 0.0530384 0.989965
1311867247.575121  -0.204032 0.00529525  -0.359636 0.0783959 0.104602 0.0536755 0.989965
1311867247.611460  -0.203614 0.00557363  -0.356317 0.0772389 0.104327 0.0543214 0.99005
1311867247.643111  -0.203387 0.00516652  -0.354487 0.0761998 0.104684 0.0542785 0.990095
1311867247.675076   -0.20417 0.00596518  -0.350907 0.0755457 0.105325 0.0539767 0.990094
1311867247.711237  -0.204462 0.00574602  -0.346689 0.0732531 0.105375 0.0538054 0.99027
1311867247.743122  -0.201491 0.00451845  -0.344154 0.0717473 0.102199 0.0548422 0.990656
1311867247.775041 -0.200247 0.0042701 -0.339711 0.0717241 0.0997435 0.0554504 0.990874
1311867247.811163  -0.199715 0.00431174  -0.336905 0.0711536 0.0984794 0.0553483 0.991048
1311867247.843889  -0.197031 0.00404678  -0.333322 0.071373 0.0962877 0.0556258 0.991232
1311867247.875244   -0.19815 0.00374019  -0.331686 0.0718934 0.0971237 0.0555075 0.991119
1311867247.911329 -0.197948 0.0038724 -0.329639 0.071342 0.0969851 0.0560279 0.991143
1311867247.943062  -0.198981 0.00268797  -0.328016 0.0704859 0.0970139 0.0564842 0.991176
1311867247.976983  -0.199387 0.00311561  -0.325826 0.0714051 0.0971239 0.0571313 0.991062
1311867248.010991  -0.201109 0.00346645  -0.322495 0.0700855 0.0981537 0.0575219 0.991032
1311867248.043197  -0.200097 0.00211464  -0.319597 0.0686624 0.0978491 0.0576631 0.991154
1311867248.075142  -0.200391 0.00133829  -0.317249 0.0682185 0.0983567 0.0580109 0.991114
1311867248.112183 -0.202371 0.0013264 -0.313914 0.0669904 0.099773 0.0574167 0.991091
1311867248.143172   -0.201893 -2.9945e-05   -0.310959 0.0656175 0.0999452 0.0573941 0.991167
1311867248.175750     -0.20159 -0.000602688    -0.308766 0.0647108 0.0996271 0.0577627 0.991237
1311867248.211186     -0.2009 -0.00277685   -0.305758 0.0629292 0.0996308 0.0577898 0.99135
1311867248.243143   -0.200711 -0.00334423   -0.303318 0.0623969 0.0997775 0.057575 0.991381
1311867248.275529   -0.199729 -0.00364925   -0.301143 0.0621058 0.0994634 0.0575148 0.991434
1311867248.311223   -0.200241 -0.00391194   -0.298788 0.061239 0.0997073 0.0574733 0.991466
1311867248.343459  -0.198493 -0.0057877  -0.295772 0.0604638 0.0988193 0.0571134 0.991623
1311867248.375222   -0.195633 -0.00704554   -0.292433 0.0612409 0.0976529 0.0568761 0.991705
1311867248.411556   -0.197146 -0.00799159   -0.291986 0.0616266 0.0983525 0.0568243 0.991615
1311867248.443137   -0.196955 -0.00869554   -0.289529 0.0619668 0.0982632 0.0565257 0.99162
1311867248.475923  -0.196583 -0.0103339  -0.287244 0.061891 0.0978723 0.056598 0.991659
1311867248.511151  -0.195838 -0.0107705  -0.284957 0.0627213 0.0974596 0.0561845 0.991671
1311867248.543189  -0.196128 -0.0113731  -0.283254 0.0627364 0.0980962 0.0556459 0.991637
1311867248.575187 -0.196181 -0.012326 -0.280741 0.0624796 0.0985388 0.0553473 0.991626
1311867248.611439  -0.195174 -0.0132841  -0.278531 0.0628472 0.097931 0.0555371 0.991653
1311867248.643245  -0.195846 -0.0140507  -0.276302 0.0625236 0.0990667 0.0555343 0.991561
1311867248.675309  -0.194967 -0.0159128  -0.273668 0.0618042 0.0992563 0.0558393 0.99157
1311867248.711283  -0.193731 -0.0175204  -0.270732 0.0621077 0.0997686 0.0554936 0.991519
1311867248.743299  -0.192696 -0.0173403  -0.270579 0.0623139 0.0993701 0.055031 0.991572
1311867248.776222  -0.191887 -0.0202539  -0.266931 0.0611638 0.0992742 0.054773 0.991667
1311867248.811190 -0.189848 -0.021042 -0.263091 0.0619378 0.0995422 0.053972 0.991636
1311867248.843319  -0.191547 -0.0212853  -0.261287 0.0614712 0.101097 0.0538296 0.991516
1311867248.875531  -0.189149 -0.0227125  -0.257697 0.0599472 0.0993566 0.0545438 0.991746
1311867248.911170  -0.188319 -0.0245005  -0.254185 0.0599897 0.0988206 0.0544354 0.991803
1311867248.943097  -0.189689 -0.0246587  -0.252092 0.0598427 0.0997017 0.0548342 0.991701
1311867248.976589  -0.190458 -0.0259832  -0.248644 0.0579805 0.100293 0.055258 0.991729
1311867249.011260  -0.187544 -0.0272092  -0.243915 0.0580527 0.0980211 0.0559874 0.991911
1311867249.043231  -0.188429 -0.0282673  -0.240869 0.0583331 0.0967674 0.0563473 0.991997
1311867249.079906  -0.187798 -0.0288756  -0.239194 0.0574418 0.0962876 0.0560747 0.992111
1311867249.112055  -0.183734 -0.0288868  -0.236028 0.0585687 0.0941581 0.0553718 0.992289
1311867249.143598  -0.183164 -0.0295847  -0.232199 0.0594717 0.0927181 0.0549884 0.992392
1311867249.178513  -0.185116 -0.0305111  -0.229808 0.0580535 0.0922239 0.0548611 0.992529
1311867249.211358  -0.183478 -0.0328478  -0.225924 0.0569853 0.0908948 0.0547448 0.99272
1311867249.243278  -0.182901 -0.0326328  -0.223246 0.0581886 0.0894864 0.0551547 0.992756
1311867249.277340  -0.185465 -0.0331318  -0.220054 0.0564963 0.0896144 0.0559196 0.992799
1311867249.311292  -0.182893 -0.0356828  -0.216005 0.0551103 0.0880017 0.056192 0.993006
1311867249.343725  -0.183386 -0.0364044  -0.213226 0.0558713 0.0885192 0.0560821 0.992924
1311867249.376845  -0.185139 -0.0366355  -0.211337 0.0548687 0.0893912 0.056251 0.992892
1311867249.411217  -0.183459 -0.0381742  -0.207242 0.0535429 0.0878249 0.0568751 0.993069
1311867249.443221  -0.181719 -0.0389872  -0.204381 0.053985 0.0864917 0.0573491 0.993134
1311867249.476410  -0.182808 -0.0387225   -0.20235 0.0537469 0.0874596 0.0575153 0.993053
1311867249.511134  -0.183156 -0.0397015     -0.199 0.0521379 0.0882791 0.0575732 0.993063
1311867249.543230   -0.17877 -0.0402532  -0.196108 0.0527052 0.0859703 0.0579305 0.993215
1311867249.575910  -0.177215 -0.0400273  -0.192495 0.0537426 0.0846773 0.0581566 0.993257
1311867249.611223  -0.177501 -0.0399032  -0.190218 0.0526944 0.0858477 0.0575559 0.993248
1311867249.643378   -0.17754 -0.0430178  -0.185744 0.0524783 0.0871701 0.0573294 0.993157
1311867249.675103  -0.178275 -0.0424788  -0.184256 0.0534339 0.0875676 0.0575414 0.993059
1311867249.711139  -0.178859 -0.0437907  -0.181852 0.0520527 0.0878499 0.0576419 0.993101
1311867249.743247  -0.177144 -0.0460965  -0.178146 0.0517399 0.0878593 0.0575695 0.993121
1311867249.775158  -0.176554 -0.0470581  -0.175781 0.0529651 0.0884429 0.0577585 0.992994
1311867249.811149  -0.177608 -0.0475176  -0.174554 0.0530739 0.0892411 0.0580362 0.9929
1311867249.843325   -0.17531 -0.0495753  -0.171274 0.0533551 0.0885501 0.0581352 0.992941
1311867249.878395   -0.17529 -0.0511852  -0.169036 0.0542317 0.0889322 0.0579887 0.992868
1311867249.911240  -0.175836 -0.0523555  -0.167369 0.0541585 0.0896643 0.0578765 0.992813
1311867249.943277  -0.173973 -0.0540531  -0.164258 0.0532888 0.0890932 0.0580215 0.992903
1311867249.975170  -0.173776 -0.0554485  -0.161332 0.0528136 0.0895211 0.0579437 0.992894
1311867250.011711  -0.173587 -0.0562313  -0.158811 0.0526247 0.0899423 0.0575393 0.99289
1311867250.043427  -0.173278 -0.0556707  -0.156613 0.0528086 0.0904691 0.05725 0.992849
1311867250.076673  -0.173238 -0.0563904  -0.153457 0.0517381 0.0907765 0.0573874 0.992869
1311867250.111610  -0.171116 -0.0581093  -0.150041 0.051071 0.0900705 0.0573294 0.992972
1311867250.143222  -0.171181 -0.0584127  -0.147397 0.0513481 0.089748 0.0577439 0.992962
1311867250.175891  -0.171089 -0.0592735  -0.144616 0.0501955 0.0895798 0.0578831 0.993028
1311867250.213337  -0.170929 -0.0605942  -0.142146 0.0494681 0.0896043 0.0580422 0.993053
1311867250.245669   -0.17033 -0.0631831  -0.137708 0.0490601 0.0899397 0.057865 0.993054
1311867250.275168  -0.170896 -0.0635539  -0.135074 0.0495371 0.0903204 0.0582437 0.992973
1311867250.311441  -0.169976 -0.0650163  -0.132066 0.0495659 0.0895168 0.0589187 0.993005
1311867250.343197   -0.16876 -0.0657028  -0.129682 0.0500329 0.0890662 0.0589024 0.993023
1311867250.378064  -0.170794 -0.0673888  -0.126448 0.0498299 0.090899 0.0584158 0.992896
1311867250.411649  -0.170377 -0.0683587  -0.124754 0.0489696 0.0913937 0.0580763 0.992913
1311867250.444170  -0.169989 -0.0709654  -0.121409 0.0477283 0.0912228 0.0576644 0.993013
1311867250.479325    -0.1677 -0.0731464   -0.11717 0.0483171 0.0899407 0.0574556 0.993114
1311867250.511322  -0.168117 -0.0714743  -0.116702 0.0490586 0.0894905 0.0576574 0.993106
1311867250.544330  -0.167057 -0.0728512  -0.114018 0.0477004 0.0890148 0.0572967 0.993236
1311867250.579349  -0.166401 -0.0747929  -0.110922 0.0479599 0.0893774 0.0567307 0.993224
1311867250.611488  -0.166696 -0.0749447  -0.107999 0.0483892 0.0890487 0.0568492 0.993226
1311867250.643376  -0.166716 -0.0764724  -0.105624 0.0465442 0.0886106 0.057003 0.993344
1311867250.679554  -0.164065 -0.0771969  -0.102766 0.0465286 0.0874272 0.0566926 0.993467
1311867250.711292  -0.164727 -0.0773741  -0.101004 0.0467703 0.088065 0.0563536 0.993419
1311867250.744545   -0.16588  -0.078449 -0.0973447 0.0454905 0.08837 0.0566128 0.993437
1311867250.779283   -0.16201 -0.0795666 -0.0936722 0.0446847 0.0862486 0.0567139 0.993654
1311867250.814558  -0.161013 -0.0798025 -0.0916222 0.0450855 0.0860767 0.056632 0.993655
1311867250.843347  -0.162249  -0.078717 -0.0903328 0.0447499 0.0870592 0.0566869 0.993582
1311867250.879276  -0.160179 -0.0794351 -0.0871691 0.0434815 0.0863638 0.057025 0.993679
1311867250.911636  -0.157301 -0.0787736 -0.0866754 0.0433706 0.0849352 0.0574358 0.993784
1311867250.943372  -0.156264 -0.0777207  -0.085274 0.0426914 0.0850894 0.0570958 0.99382
1311867250.979305  -0.155637 -0.0784324 -0.0824716 0.0424371 0.0855003 0.0567992 0.993812
1311867251.011246  -0.153899  -0.078824 -0.0807511 0.0428684 0.0849583 0.0563801 0.993864
1311867251.043774  -0.155258 -0.0787886 -0.0791384 0.0426443 0.0853525 0.0567562 0.993818
1311867251.079316  -0.153919 -0.0791733 -0.0771347 0.0418474 0.085019 0.0567666 0.99388
1311867251.111584  -0.153574 -0.0812771 -0.0724872 0.0419654 0.0859443 0.0564228 0.993815
1311867251.143281  -0.151316  -0.078546 -0.0737803 0.0433412 0.0846737 0.056813 0.993843
1311867251.179425  -0.149354 -0.0789443 -0.0719899 0.0423781 0.083503 0.0573439 0.993953
1311867251.211383  -0.146442 -0.0803804 -0.0674636 0.0430982 0.082819 0.0568395 0.994008
1311867251.247232  -0.149045  -0.078325 -0.0677385 0.0446553 0.0845503 0.0568563 0.993793
1311867251.279370  -0.149282 -0.0786421 -0.0659098 0.0431712 0.0853051 0.0570193 0.993785
1311867251.313387  -0.146845 -0.0797551 -0.0627819 0.0428197 0.0853883 0.0566443 0.993814
1311867251.343242  -0.147365 -0.0793253 -0.0614889 0.0429872 0.0863047 0.0569608 0.99371
1311867251.380182  -0.146936 -0.0793684 -0.0598455 0.0419546 0.086226 0.0567877 0.993771
1311867251.411345  -0.146291 -0.0797169 -0.0580538 0.0415568 0.0866023 0.0563867 0.993777
1311867251.443379  -0.145543 -0.0805236 -0.0562194 0.0409895 0.0867996 0.0565642 0.993774
1311867251.479338   -0.14476 -0.0800104 -0.0543528 0.0410557 0.0864444 0.0567673 0.99379
1311867251.513641  -0.146623 -0.0806353 -0.0507528 0.040619 0.0874591 0.0568975 0.993712
1311867251.543175  -0.145545 -0.0807546 -0.0488736 0.0407189 0.086747 0.0570778 0.99376
1311867251.579534  -0.143706 -0.0813058 -0.0467542 0.0406752 0.0856969 0.0573771 0.993836
1311867251.611953  -0.142259 -0.0807071 -0.0451125 0.0413445 0.0845981 0.0575981 0.993889
1311867251.643296  -0.142508 -0.0807383 -0.0435549 0.0412755 0.0848429 0.0577849 0.993861
1311867251.679728  -0.141858 -0.0805998 -0.0418873 0.0407782 0.0851652 0.0580191 0.99384
1311867251.712294 -0.141352 -0.081765 -0.038756 0.040625 0.0853921 0.0578635 0.993836
1311867251.743499  -0.140735 -0.0827593 -0.0363055 0.0418197 0.0852377 0.0582572 0.993777
1311867251.779744  -0.143021 -0.0811408 -0.0362486 0.0418764 0.0864877 0.0587152 0.993639
1311867251.811253  -0.142137 -0.0823396 -0.0337458 0.0404722 0.086875 0.0585893 0.993671
1311867251.843328  -0.140031 -0.0828915 -0.0314373 0.0411497 0.0871187 0.0583147 0.993638
1311867251.880542  -0.143946 -0.0835223 -0.0285516 0.0407613 0.0899743 0.0584009 0.993394
1311867251.911249  -0.141939 -0.0850174 -0.0267913 0.0398906 0.0896407 0.0582102 0.993471
1311867251.943218  -0.139861 -0.0844994 -0.0231312 0.0416353 0.0893581 0.0576429 0.993458
1311867251.980011  -0.138237 -0.0817207  -0.023906 0.043519 0.0882247 0.0574689 0.993489
1311867252.011886  -0.140232 -0.0841412 -0.0207593 0.0429345 0.0899214 0.0571341 0.993381
1311867252.044103  -0.139342 -0.0838432 -0.0195667 0.0432855 0.0901187 0.0570656 0.993352
1311867252.079454  -0.137752 -0.0821034 -0.0187791 0.044206 0.0894156 0.0571487 0.99337
1311867252.112225  -0.137145 -0.0821759 -0.0162296 0.0445165 0.0889064 0.0575629 0.993378
1311867252.143295  -0.136806 -0.0810694 -0.0139549 0.0442998 0.0887941 0.0581846 0.993362
1311867252.179436   -0.137291  -0.0815813 -0.00992379 0.0438146 0.0895862 0.0585585 0.99329
1311867252.211346  -0.135492 -0.0810835 -0.0070069 0.0445872 0.0889691 0.0590732 0.993281
1311867252.243281   -0.136742  -0.0814368 -0.00460891 0.0438087 0.0899663 0.0596448 0.993191
1311867252.279411   -0.140076  -0.0821631 0.000545746 0.0421331 0.0919867 0.0602939 0.99304
1311867252.311267  -0.139026 -0.0822291 0.00485074 0.0416746 0.0926127 0.0600409 0.993016
1311867252.345029  -0.139291 -0.0812371 0.00787586 0.0420114 0.0935662 0.0597787 0.992928
1311867252.379459  -0.143406 -0.0789603  0.0122469 0.0405369 0.0973736 0.0588457 0.992679
1311867252.411197  -0.146526 -0.0807992  0.0181789 0.0371075 0.101297 0.0582741 0.992455
1311867252.445597  -0.146898 -0.0816928  0.0233147 0.0363084 0.102373 0.057934 0.992394
1311867252.479290  -0.146281 -0.0799729  0.0252556 0.0364765 0.102844 0.0580895 0.99233
1311867252.511225  -0.146325 -0.0802079   0.028618 0.0347356 0.103236 0.0589134 0.992303
1311867252.543282   -0.14347 -0.0808285  0.0324252 0.0343618 0.102691 0.0594629 0.99234
1311867252.579180  -0.145953 -0.0810751  0.0373382 0.0347614 0.104222 0.0597386 0.99215
1311867252.611280  -0.145891 -0.0791961   0.039383 0.0342692 0.105103 0.0596287 0.99208
1311867252.643277  -0.145172 -0.0799922  0.0440158 0.0330952 0.106651 0.0591379 0.991984
1311867252.679249 -0.144678 -0.080281 0.0467946 0.0326643 0.107565 0.0588227 0.991919
1311867252.711249  -0.146606 -0.0817435  0.0512389 0.0312454 0.109357 0.0583699 0.991795
1311867252.743241 -0.146562  -0.08018 0.0532084 0.0300079 0.110768 0.0581201 0.991691
1311867252.779273  -0.146925 -0.0828059  0.0594088 0.0282709 0.11274 0.0573421 0.991566
1311867252.811278  -0.144896 -0.0810398  0.0616944 0.0295807 0.113144 0.0566138 0.991523
1311867252.843319  -0.149244 -0.0816033  0.0659276 0.0287529 0.115934 0.0563357 0.991241
1311867252.879266  -0.147904 -0.0843594  0.0714324 0.0280349 0.11639 0.0561616 0.991218
1311867252.911219  -0.147113 -0.0837262    0.07372 0.0298208 0.117461 0.0552891 0.991089
1311867252.944692  -0.152016 -0.0826323    0.07567 0.030308 0.120856 0.0553836 0.99066
1311867252.980602  -0.150306 -0.0833095  0.0778285 0.0292423 0.121455 0.0558653 0.990592
1311867253.011381  -0.150407 -0.0848835  0.0831229 0.0305083 0.123176 0.0556282 0.990355
1311867253.043431  -0.150578 -0.0837134  0.0837999 0.0313086 0.123623 0.0566278 0.990217
1311867253.079921  -0.149077 -0.0846054  0.0871429 0.0296968 0.123198 0.0576938 0.990258
1311867253.111303  -0.146754 -0.0849774   0.090991 0.0306603 0.122378 0.0581871 0.990302
1311867253.144056  -0.148882 -0.0842408  0.0959079 0.0320585 0.12355 0.058132 0.990115
1311867253.179405  -0.149139 -0.0834546  0.0980382 0.0316743 0.125128 0.0579568 0.98994
1311867253.211216  -0.148232 -0.0851451   0.101175 0.0305665 0.126017 0.0586293 0.989822
1311867253.245841  -0.146852 -0.0831034   0.103048 0.0320538 0.125747 0.0597599 0.989742
1311867253.279395  -0.145435 -0.0813673   0.104379 0.0330462 0.125904 0.0594656 0.989707
1311867253.311408  -0.146022 -0.0842759   0.108443 0.0323126 0.12687 0.0593461 0.989615
1311867253.344521  -0.145066 -0.0840411   0.110707 0.0328599 0.127093 0.0587187 0.989606
1311867253.379408   -0.14492 -0.0837604   0.112294 0.0329028 0.12758 0.0583203 0.989565
1311867253.412926  -0.143183 -0.0839936   0.114439 0.0326673 0.127 0.0582065 0.989654
1311867253.444491 -0.142587 -0.085208  0.117483 0.0327732 0.126774 0.0584988 0.989663
1311867253.480478   -0.14222 -0.0866353   0.120765 0.0340378 0.126307 0.0586426 0.989671
1311867253.511374  -0.145729 -0.0861915   0.123934 0.0352054 0.126521 0.0588846 0.989589
1311867253.544163  -0.147396 -0.0854941   0.126125 0.035386 0.126459 0.0595527 0.98955
1311867253.579407 -0.144834 -0.085965  0.129937 0.0357312 0.124747 0.0606291 0.98969
1311867253.611802  -0.145179 -0.0854324    0.13294 0.0362414 0.124513 0.0611134 0.989671
1311867253.644463  -0.145469 -0.0875188   0.137833 0.0357455 0.124315 0.0612841 0.989703
1311867253.679979  -0.146918 -0.0879519    0.14286 0.0365428 0.125304 0.0606935 0.989586
1311867253.711529   -0.14831 -0.0869581   0.146315 0.0373288 0.126809 0.0605886 0.989371
1311867253.743537  -0.148779 -0.0861748   0.149328 0.0361722 0.12777 0.0607036 0.989283
1311867253.780402  -0.141582 -0.0843041   0.149872 0.0355535 0.125794 0.060939 0.989544
1311867253.811301 -0.142398 -0.083963  0.155968 0.0350918 0.128225 0.0607915 0.989258
1311867253.846601  -0.143135 -0.0843578   0.161589 0.0342493 0.130679 0.0606025 0.988978
1311867253.879206   -0.14425 -0.0814539   0.164022 0.0335489 0.132827 0.0603961 0.988728
1311867253.911446  -0.140686 -0.0799662   0.166359 0.0320514 0.13341 0.0602325 0.98871
1311867253.946104  -0.134867 -0.0793318   0.168954 0.0316553 0.133033 0.059734 0.988803
1311867253.979415  -0.133765 -0.0768054   0.171172 0.0323956 0.133955 0.0592908 0.988682
1311867254.011966  -0.132954 -0.0746528   0.172585 0.0315197 0.135432 0.0599067 0.988471
1311867254.045767  -0.132406 -0.0744411   0.174561 0.0304532 0.136995 0.0608606 0.988231
1311867254.079374  -0.13083 -0.075228  0.177444 0.0289084 0.137112 0.0610042 0.988252
1311867254.111352  -0.129317 -0.0748592   0.179479 0.0264437 0.13668 0.0612423 0.988367
1311867254.147685 -0.125356 -0.074213  0.181948 0.0249955 0.13552 0.0620188 0.988516
1311867254.179513  -0.124087 -0.0750589   0.185853 0.023659 0.135184 0.0625167 0.988563
1311867254.211494  -0.123335 -0.0763976   0.189866 0.0218268 0.133498 0.0634165 0.988777
1311867254.246904 -0.121786 -0.077029  0.193112 0.0202078 0.130889 0.064479 0.989092
1311867254.279857  -0.118045 -0.0812826   0.200153 0.0197295 0.127998 0.0648692 0.989454
1311867254.311463   -0.11251 -0.0816076   0.202676 0.0217184 0.125211 0.064364 0.989802
1311867254.347540  -0.11128 -0.077322   0.20143 0.0230574 0.123683 0.0650485 0.989919
1311867254.379449  -0.110651 -0.0784634   0.205459 0.0209514 0.122843 0.066709 0.98996
1311867254.411535  -0.104714 -0.0789479    0.20935 0.020568 0.120375 0.0673899 0.990225
1311867254.448323  -0.102095 -0.0779601   0.212834 0.0210113 0.120374 0.0671576 0.990231
1311867254.479448 -0.104518 -0.077877  0.217697 0.0198339 0.123646 0.0665223 0.989895
1311867254.511443  -0.103567 -0.0815848    0.22408 0.0174037 0.125844 0.0664483 0.989669
1311867254.550046  -0.101772 -0.0822062   0.228406 0.0167764 0.12824 0.0659788 0.989404
1311867254.579487 -0.0978358 -0.0816099   0.228953 0.0160308 0.128431 0.066562 0.989352
1311867254.611481 -0.0932143 -0.0838622   0.232845 0.0150412 0.127929 0.0667007 0.989424
1311867254.645227 -0.0907474 -0.0851685   0.236528 0.0158938 0.127971 0.0663902 0.989426
1311867254.679490 -0.0927528 -0.0857391   0.242017 0.0159013 0.129811 0.0662704 0.989194
1311867254.711323 -0.0919444 -0.0881793   0.245696 0.0138134 0.130201 0.0668491 0.989135
1311867254.745273 -0.0898209 -0.0872778   0.247597 0.0138043 0.128634 0.0670612 0.989326
1311867254.779465 -0.0862855 -0.0887366   0.250207 0.0131186 0.127801 0.0669722 0.989449
1311867254.811574 -0.0867495 -0.0883472   0.253686 0.0125936 0.128678 0.0666252 0.989366
1311867254.848265 -0.084388 -0.088797  0.255975 0.0116288 0.128193 0.0664242 0.989454
1311867254.879491 -0.0843662 -0.0905823    0.26194 0.0113895 0.128742 0.0659696 0.989416
1311867254.913881 -0.0816739 -0.0882026   0.262164 0.0119568 0.127299 0.066387 0.989568
1311867254.949070 -0.0783071 -0.0879247   0.263427 0.0109552 0.12623 0.066909 0.989681
1311867254.981925 -0.0740955 -0.0883296   0.267698 0.0107961 0.125186 0.0671054 0.989802
1311867255.015430 -0.0736492  -0.088132   0.270038 0.0103304 0.125058 0.0675736 0.989792
1311867255.049418 -0.0736372 -0.0910539   0.274863 0.0082777 0.125351 0.0681096 0.989737
1311867255.082194 -0.0695245 -0.0898791   0.277433 0.0086429 0.124039 0.0682583 0.989889
1311867255.117684 -0.0667551 -0.0892098   0.276502 0.00847855 0.123118 0.0684406 0.989993
1311867255.151015 -0.0676069 -0.0902766   0.279543 0.0070427 0.123409 0.0687852 0.989944
1311867255.183783 -0.0616165 -0.0924861   0.283262 0.00515129 0.121178 0.0697488 0.990164
1311867255.216913 -0.0594569 -0.0929865   0.286123 0.00499583 0.120485 0.0698126 0.990245
1311867255.245906 -0.0597064 -0.0925503   0.287619 0.00483868 0.121279 0.0696589 0.990159
1311867255.279366 -0.0610963 -0.0946066   0.291275 0.00327282 0.12283 0.0695852 0.98998
1311867255.313847 -0.0571908 -0.0930245   0.292594 0.00326716 0.121585 0.0701138 0.990096
1311867255.346831 -0.0582018 -0.0931349   0.294637 0.00265961 0.120497 0.0704617 0.990206
1311867255.379475 -0.0585795 -0.0931014    0.29804 0.00154044 0.119266 0.0708587 0.990329
1311867255.413757 -0.0528624 -0.0916546   0.298509 0.000729184 0.117697 0.0708518 0.990519
1311867255.445540 -0.0503107 -0.0902445   0.300375 0.00060115 0.116323 0.0709655 0.990673
1311867255.479482  -0.051035 -0.0922453   0.304979 -0.000568579 0.115773 0.0708725 0.990744
1311867255.515585 -0.0508408 -0.0937822   0.309475 -0.00101428 0.114985 0.0703381 0.990873
1311867255.545730 -0.0496321 -0.0941721    0.31264 -0.000958622 0.113625 0.0700029 0.991054
1311867255.579442 -0.0500084 -0.0916204   0.313766 -0.000836477 0.112704 0.0700249 0.991158
1311867255.615323 -0.0498708 -0.0928336    0.31782 -0.00213161 0.111914 0.0704532 0.991215
1311867255.645642 -0.0455492 -0.0954366   0.322799 -0.00216946 0.110439 0.0702352 0.991396
1311867255.680081 -0.0416895 -0.0945771   0.322125 -0.000918701 0.108598 0.0704771 0.991584
1311867255.718269 -0.0417737 -0.0915143   0.322236 -0.000992262 0.108434 0.070913 0.991571
1311867255.745767 -0.0412101 -0.0945295    0.32761 -0.00215087 0.10849 0.0712043 0.991542
1311867255.780996 -0.0384275 -0.0955784   0.334465 0.000150367 0.107688 0.0705282 0.99168
1311867255.817593 -0.0426075 -0.0934376   0.338338 0.00206558 0.108887 0.0696317 0.99161
1311867255.845687 -0.0407198 -0.0933011   0.339787 0.00201946 0.108926 0.0691291 0.991641
1311867255.879379 -0.0401097 -0.0948469   0.345555 0.00331097 0.110055 0.0687754 0.991538
1311867255.914024 -0.0388311 -0.0912866   0.345387 0.00634265 0.109855 0.0682361 0.991582
1311867255.945901 -0.0402273 -0.0882278    0.34598 0.00709059 0.110887 0.0678365 0.99149
1311867255.979486 -0.0392601 -0.0894706    0.34954 0.00596046 0.111322 0.0681216 0.991429
1311867256.017783 -0.0381666 -0.0899781   0.351922 0.00579701 0.111927 0.068619 0.991327
1311867256.046004 -0.0337975 -0.0858961   0.351075 0.00699514 0.11191 0.0691724 0.991283
1311867256.079590 -0.0303866  -0.083519   0.351704 0.00689246 0.112444 0.0698012 0.991179
1311867256.116730 -0.0277606 -0.0844872   0.354062 0.0066282 0.112282 0.0706721 0.991138
1311867256.145219 -0.0299507 -0.0860865   0.359409 0.00696933 0.114057 0.0710945 0.990903
1311867256.179506 -0.0339242 -0.0863762   0.363303 0.0064744 0.117842 0.0722439 0.99038
1311867256.217737 -0.0350471 -0.0890628   0.368812 0.00454307 0.12119 0.0740897 0.98985
1311867256.245462 -0.0310078 -0.0867967    0.36906 0.00487256 0.121089 0.0748319 0.989805
1311867256.284698 -0.0290501 -0.0856659   0.372194 0.0047592 0.122631 0.0752558 0.989584
1311867256.314334 -0.0317102 -0.0865105   0.378109 0.00245712 0.126861 0.0757027 0.989024
1311867256.347169 -0.0260944 -0.0843473   0.379394 0.00188546 0.126441 0.0760871 0.98905
1311867256.384803 -0.0251579 -0.0819491   0.379789 0.00183673 0.126327 0.0762632 0.989051
1311867256.415853 -0.0210684 -0.0796476   0.380906 0.0011682 0.125663 0.077556 0.989036
1311867256.445283 -0.0203287 -0.0825753   0.387933 -0.000416286 0.127082 0.0780164 0.988819
1311867256.484375 -0.0202033 -0.0839851   0.395431 -0.000332761 0.130163 0.0770037 0.988498
1311867256.513577 -0.0192866  -0.081486   0.397137 0.000449836 0.133421 0.0766358 0.988092
1311867256.547861 -0.0179588 -0.0789465   0.397407 0.000427496 0.134951 0.0770971 0.987848
1311867256.583591  -0.018412 -0.0817322   0.402095 -0.000104212 0.134812 0.0773554 0.987847
1311867256.616028 -0.0145448 -0.0796107   0.403163 0.00112764 0.132945 0.076833 0.98814
1311867256.645225 -0.0153767 -0.0769558   0.404427 0.000414047 0.132889 0.0753199 0.988265
1311867256.683263 -0.00970386   -0.077058     0.40645 -0.00169166 0.132154 0.0745288 0.988422
1311867256.714018 -0.00665276  -0.0780817    0.409921 -0.00214694 0.133173 0.0741685 0.988311
1311867256.746329 -0.00702705  -0.0762288    0.410626 -0.00156232 0.134875 0.0737397 0.988114
1311867256.782735 -0.00542129  -0.0748818    0.410968 -0.00119675 0.134796 0.0723895 0.988225
1311867256.814038 -0.00218401  -0.0742047    0.414553 -0.000204502 0.133366 0.0697811 0.988607
1311867256.847722 -0.00723686   -0.069768    0.417868 -0.00062882 0.136122 0.0683851 0.988329
1311867256.883890 -0.00947338  -0.0693237    0.421751 -0.00350894 0.138998 0.0682842 0.987929
1311867256.914798 -0.00490865  -0.0709368    0.423524 -0.00518341 0.137812 0.0695249 0.988002
1311867256.946531 -0.00310974  -0.0682546    0.425834 -0.00489572 0.137178 0.0706143 0.988014
1311867256.981447 -0.00647763  -0.0680487    0.432283 -0.00645066 0.139025 0.0718333 0.987659
1311867257.012988 -0.00538328  -0.0666277    0.433284 -0.00817618 0.137938 0.0734957 0.987676
1311867257.045185 -0.00672299  -0.0684781     0.44048 -0.00944125 0.137846 0.0746823 0.987589
1311867257.084110 -0.00570936  -0.0693891    0.446851 -0.00807084 0.13742 0.075285 0.987615
1311867257.113385 -0.00491013  -0.0677347    0.446873 -0.00619781 0.136916 0.0761652 0.987631
1311867257.147422 -0.00173001  -0.0681604    0.450634 -0.00595645 0.136814 0.0770143 0.987581
1311867257.182069 0.00191764 -0.0664961   0.451567 -0.00401305 0.136278 0.076876 0.987675
1311867257.214758 0.00216673 -0.0643616   0.453208 -0.00226713 0.135912 0.0769352 0.987727
1311867257.245697 0.00422782 -0.0639656   0.454841 -0.00295546 0.13493 0.0782067 0.987759
1311867257.282412 0.00983014 -0.0659646   0.459229 -0.00377583 0.132881 0.0786337 0.988001
1311867257.313334 0.00816246 -0.0678244   0.466282 -0.00263377 0.131458 0.0780034 0.988245
1311867257.345279  0.0105972 -0.0662695   0.464205 -0.00225521 0.128108 0.0778792 0.988695
1311867257.383951  0.0128752 -0.0670798    0.46505 -0.00303943 0.125824 0.0781429 0.988965
1311867257.416062  0.0134381 -0.0683207   0.468458 -0.00299579 0.123317 0.0777029 0.989316
1311867257.445852  0.0141652 -0.0679871   0.469697 -0.00215904 0.120786 0.0773521 0.989658
1311867257.485117  0.0211075 -0.0656786   0.467832 -0.0022265 0.116649 0.0780175 0.990102
1311867257.516611  0.0244749 -0.0667416   0.470152 -0.0017882 0.114277 0.0779955 0.990381
1311867257.543702  0.0196608 -0.0690888   0.475434 -0.000798751 0.113392 0.0775105 0.990522
1311867257.583609  0.0214288 -0.0659222   0.474275 -0.000156517 0.110557 0.0769966 0.990883
1311867257.615413  0.0280889 -0.0666106    0.47411 -0.000581701 0.108226 0.0764389 0.991183
1311867257.643749  0.0311754 -0.0705853   0.477304 3.66896e-05 0.107335 0.0759057 0.991321
1311867257.684241  0.0264423 -0.0690959   0.480622 0.00240928 0.10823 0.0748569 0.991301
1311867257.718778  0.0242801 -0.0714353   0.483363 0.00274831 0.108653 0.0739885 0.991319
1311867257.743747  0.0201996 -0.0740718   0.487686 0.0019477 0.108197 0.073435 0.991412
1311867257.783800  0.0173363 -0.0759371   0.492724 0.00160474 0.106913 0.0720789 0.991651
1311867257.818099 0.0219797 -0.077351  0.492991 0.000636144 0.105036 0.0712548 0.991912
1311867257.843575 0.0231503 -0.076549  0.492806 0.000781688 0.104918 0.0706257 0.99197
1311867257.885458  0.0183358 -0.0795751   0.497534 -0.000256523 0.105703 0.0704126 0.991902
1311867257.915235  0.0154943 -0.0797721   0.501711 -0.000584533 0.105022 0.0699682 0.992005
1311867257.943765 0.0195434 -0.078945  0.502209 -0.000706201 0.103105 0.0696194 0.992231
1311867257.985062  0.0183758 -0.0771653   0.502247 -0.000590215 0.104313 0.0690396 0.992145
1311867258.013561 0.0174095  -0.07579  0.503287 -0.000552435 0.104483 0.068528 0.992163
1311867258.043623  0.0146264 -0.0784495   0.506744 -0.00268586 0.105261 0.0682327 0.992097
1311867258.083652  0.0131353 -0.0779622   0.509665 -0.00418058 0.106015 0.0678357 0.992039
1311867258.113782  0.0157795 -0.0775819   0.510234 -0.00567589 0.105281 0.0677249 0.992117
1311867258.143714  0.0204301 -0.0750227     0.5101 -0.00520369 0.103764 0.0678019 0.992275
1311867258.184833   0.020496 -0.0750024   0.511179 -0.00528194 0.103469 0.0680597 0.992287
1311867258.216268  0.0214598 -0.0762087   0.514961 -0.00586518 0.103346 0.0676833 0.992323
1311867258.243624  0.0183184 -0.0790527   0.517187 -0.00741438 0.10437 0.0669179 0.992257
1311867258.285010  0.0208844 -0.0776811   0.517235 -0.00767648 0.103612 0.0673096 0.992308
1311867258.313274  0.0195673 -0.0790303   0.518573 -0.00850869 0.10294 0.0682939 0.992304
1311867258.343642    0.02247 -0.0766452    0.51669 -0.00843813 0.101708 0.0688163 0.992395
1311867258.381205  0.0231206 -0.0775846    0.51937 -0.00870025 0.10252 0.0687071 0.992317
1311867258.414263  0.0239679 -0.0751964   0.518792 -0.00752911 0.102919 0.0684485 0.992303
1311867258.443907  0.0279941 -0.0737162   0.518854 -0.00657162 0.103047 0.0682551 0.99231
1311867258.482546 0.0271965 -0.071803  0.518509 -0.00545878 0.10403 0.0677796 0.992247
1311867258.513980   0.026829 -0.0676799   0.515774 -0.0044525 0.10438 0.0671957 0.992255
1311867258.543595 0.026515 -0.06687 0.516687 -0.0050171 0.104629 0.0670134 0.992238
1311867258.583598  0.0245636 -0.0678263   0.519569 -0.00586139 0.105969 0.0674639 0.992061
1311867258.614160 0.0216071 -0.066165  0.519397 -0.00580425 0.107292 0.0682477 0.991865
1311867258.643778   0.023076 -0.0655247   0.521949 -0.00593874 0.107653 0.0687133 0.991793
1311867258.685220  0.0205029 -0.0657563   0.525789 -0.00690048 0.108791 0.0685366 0.991675
1311867258.713406  0.0196002 -0.0653188   0.528142 -0.00936329 0.109647 0.0695537 0.99149
1311867258.743665  0.0245359 -0.0648376   0.527836 -0.0112015 0.108705 0.0713735 0.991445
1311867258.784349  0.0267917 -0.0650605   0.529586 -0.0109385 0.107865 0.0719487 0.991498
1311867258.811690  0.0245142 -0.0632863   0.531206 -0.0103616 0.108945 0.0722066 0.991368
1311867258.843893  0.0235072 -0.0631022   0.533183 -0.0108999 0.110324 0.0737921 0.991093
1311867258.884560  0.0224757 -0.0638855   0.536673 -0.0104257 0.110319 0.0749877 0.991008
1311867258.911750  0.0213503 -0.0628274   0.537713 -0.00988452 0.109613 0.0757702 0.991033
1311867258.944000  0.017231 -0.059531  0.541653 -0.00984191 0.111051 0.0769517 0.990782
1311867258.984155  0.0225041 -0.0595731   0.541848 -0.00997605 0.110591 0.0786209 0.990701
1311867259.011907  0.0200509 -0.0588304    0.54487 -0.00910372 0.111651 0.0793387 0.990533
1311867259.043970  0.0128944 -0.0559483   0.549565 -0.00929604 0.112626 0.0798014 0.990384
1311867259.084547  0.0145198 -0.0554842   0.550188 -0.00995461 0.111349 0.0804828 0.990467
1311867259.111734  0.0172962 -0.0559055   0.553809 -0.00947661 0.110958 0.0803271 0.990528
1311867259.143877  0.0158399 -0.0532527   0.554265 -0.00854813 0.110825 0.0803283 0.990551
1311867259.183764  0.0159852 -0.0533096   0.555039 -0.00959899 0.110714 0.0804246 0.990546
1311867259.211951  0.0195368 -0.0510924   0.554996 -0.00915301 0.10993 0.0800038 0.990672
1311867259.243853 0.00911035 -0.0516066   0.560515 -0.0105466 0.112464 0.078465 0.990497
1311867259.281587 0.00725948 -0.0514334   0.561862 -0.0129911 0.112697 0.0773187 0.990531
1311867259.311928  0.0142865 -0.0531519   0.562393 -0.0153208 0.110676 0.0768083 0.990766
1311867259.343762  0.0120811 -0.0519217   0.567417 -0.0162181 0.111996 0.0752606 0.990722
1311867259.383911 0.00693107 -0.0534423   0.573201 -0.0187995 0.114508 0.0746042 0.990439
1311867259.411722 0.00547544 -0.0546472   0.578527 -0.0218342 0.114539 0.0742679 0.990398
1311867259.443793 0.00723288 -0.0560744   0.583565 -0.0238132 0.113134 0.0740665 0.990529
1311867259.481615  0.0124654 -0.0532962   0.584332 -0.0242399 0.111049 0.0734955 0.990797
1311867259.511730  0.0121914 -0.0524007   0.588926 -0.0261826 0.111236 0.0733958 0.990734
1311867259.550578  0.0137539 -0.0512112   0.591103 -0.0281813 0.111323 0.0734598 0.990665
1311867259.582216  0.0161229 -0.0480286   0.593167 -0.0292795 0.109628 0.0738556 0.990793
1311867259.611739  0.0141786 -0.0454515   0.594021 -0.0299527 0.108544 0.0736359 0.990908
1311867259.649471  0.0158625 -0.0473945   0.599348 -0.0315928 0.10879 0.0737816 0.990819
1311867259.682849  0.0164948 -0.0491023    0.60378 -0.0312015 0.109909 0.0735078 0.990729
1311867259.711827  0.0109896 -0.0485496   0.609727 -0.0292101 0.111369 0.0730275 0.990662
1311867259.752007   0.012972 -0.0463637   0.610232 -0.0275846 0.11011 0.0735321 0.990812
1311867259.781780  0.0167908 -0.0467203    0.60927 -0.0271 0.109481 0.0742909 0.990838
1311867259.811817   0.014109 -0.0480735   0.613511 -0.0258151 0.111126 0.074101 0.990704
1311867259.850399  0.0128864 -0.0502385   0.616437 -0.0239517 0.11085 0.0740612 0.990784
1311867259.881835  0.0142744 -0.0474902   0.615919 -0.0222963 0.109364 0.0748383 0.99093
1311867259.912113  0.0153767 -0.0485117   0.618538 -0.0223856 0.109886 0.0752645 0.990838
1311867259.952003  0.0138598 -0.0491838   0.624105 -0.0206412 0.110271 0.074831 0.990866
1311867259.979767  0.0128663 -0.0464091    0.62289 -0.0196623 0.109607 0.0747534 0.990965
1311867260.012691  0.0171205 -0.0473005   0.623022 -0.0206246 0.108116 0.0749292 0.991096
1311867260.049315   0.015502 -0.0509785   0.627828 -0.0209944 0.108285 0.0741652 0.991127
1311867260.079913  0.0131602 -0.0532931   0.633819 -0.0207214 0.107998 0.0736163 0.991205
1311867260.111941  0.0145666 -0.0519903   0.633475 -0.0205238 0.106447 0.0734606 0.991389
1311867260.151371  0.0119936 -0.0523742   0.638854 -0.0210735 0.106285 0.0730675 0.991423
1311867260.179934  0.0082933 -0.0538633   0.643838 -0.0217556 0.106197 0.0723134 0.991473
1311867260.211913  0.0115796 -0.0531969   0.647183 -0.0220277 0.104918 0.071947 0.99163
1311867260.249637  0.0129525 -0.0484544    0.64647 -0.0223226 0.103856 0.0716285 0.991759
1311867260.279865  0.0191806 -0.0513841   0.649411 -0.0241214 0.102165 0.0716133 0.991893
1311867260.312068  0.0135398 -0.0529931   0.655799 -0.0232391 0.10273 0.0708069 0.991914
1311867260.350508  0.0152943 -0.0530098   0.659093 -0.0232803 0.100779 0.0712981 0.992078
1311867260.380002  0.0162296 -0.0543354    0.66156 -0.0237268 0.100071 0.0715271 0.992122
1311867260.412000 0.017668 -0.05722 0.668812 -0.0230281 0.100115 0.0713991 0.992144
1311867260.452169  0.0183792 -0.0548389   0.668947 -0.0206331 0.0997064 0.070682 0.992289
1311867260.479772  0.0229631 -0.0524814   0.669716 -0.0194185 0.0984059 0.0708575 0.992431
1311867260.512102  0.0262875 -0.0528019   0.674036 -0.0185706 0.0973054 0.0709825 0.992546
1311867260.552766  0.0249936 -0.0580551   0.680372 -0.0177781 0.0965332 0.0703763 0.992679
1311867260.579905  0.0258327 -0.0556791   0.679652 -0.0160797 0.0957373 0.0701137 0.992804
1311867260.612014  0.0236342 -0.0567888   0.684416 -0.0161066 0.0970524 0.0700617 0.99268
1311867260.649334  0.0262815 -0.0558426   0.684205 -0.015639 0.0962093 0.0704369 0.992743
1311867260.679860  0.0257452 -0.0541223   0.686138 -0.0156417 0.09495 0.0703174 0.992872
1311867260.711867  0.0227841 -0.0542411   0.690538 -0.0172779 0.0950427 0.0700249 0.992857
1311867260.749329  0.0241806 -0.0608746   0.697001 -0.019489 0.0957251 0.0705547 0.992713
1311867260.780035 0.0253906 -0.058808  0.699314 -0.0183499 0.0967493 0.0706834 0.992626
1311867260.812146  0.0194156 -0.0575722   0.701915 -0.0190688 0.0989064 0.0709949 0.992378
1311867260.851416  0.0168633 -0.0533625   0.702987 -0.0192957 0.0992564 0.0711781 0.992325
1311867260.879809  0.0117616 -0.0532922   0.708852 -0.0214938 0.100206 0.0714328 0.992166
1311867260.912017  0.0115369 -0.0580013   0.714612 -0.0239486 0.100406 0.0717826 0.992065
1311867260.949439  0.0128081 -0.0538146    0.71665 -0.0234457 0.100246 0.071394 0.992121
1311867260.979950  0.0139869 -0.0516257   0.718493 -0.0241054 0.0996397 0.0715552 0.992155
1311867261.011875  0.0150119 -0.0470059   0.719208 -0.0252235 0.0995156 0.0717982 0.992122
1311867261.051950  0.0126054 -0.0417642   0.722154 -0.026503 0.100957 0.0713286 0.991977
1311867261.079805 0.009774 -0.04098 0.725676 -0.0289623 0.10207 0.0710918 0.991811
1311867261.111871  0.0125718 -0.0374124   0.728014 -0.0317332 0.101527 0.0720409 0.991713
1311867261.153079  0.0105479 -0.0365631   0.731871 -0.0348235 0.102127 0.0723317 0.991527
1311867261.179986 0.00601964 -0.0330889   0.736753 -0.0362141 0.10359 0.0711071 0.991414
1311867261.211987 0.00335828 -0.0331475   0.740929 -0.0398836 0.105246 0.070548 0.991138
1311867261.247791  0.0096615 -0.0338536   0.743227 -0.0426927 0.104042 0.0714553 0.991084
1311867261.280012  0.0110255 -0.0349792   0.747393 -0.0447924 0.102626 0.0720449 0.991096
1311867261.312072  0.0108963 -0.0363568   0.750065 -0.0460506 0.101178 0.0720199 0.991189
1311867261.347781  0.0140333 -0.0337711   0.751656 -0.0459105 0.100178 0.0725992 0.991255
1311867261.379963  0.0177348 -0.0323854   0.751874 -0.0449458 0.0994571 0.073498 0.991305
1311867261.412118  0.0161619 -0.0337253   0.756006 -0.0429937 0.0994762 0.0738265 0.991366
1311867261.448088   0.016775 -0.0313174   0.753418 -0.0415816 0.0995732 0.0740505 0.991399
1311867261.479857  0.0146545 -0.0297507   0.753525 -0.0412317 0.100723 0.0743435 0.991276
1311867261.512250  0.0157687 -0.0279264   0.756522 -0.0400419 0.100372 0.074042 0.991383
1311867261.547863  0.0165168 -0.0280305   0.758332 -0.0387723 0.0997818 0.073841 0.991508
1311867261.579903  0.0186025 -0.0249853   0.756743 -0.037836 0.0982835 0.0741661 0.991669
1311867261.612131  0.0207433 -0.0246497   0.757098 -0.0377986 0.0979061 0.0740973 0.991713
1311867261.648078  0.020038 -0.024434   0.75968 -0.0374639 0.0984097 0.0734527 0.991724
1311867261.680301  0.0169464 -0.0217876   0.762598 -0.0378022 0.0984971 0.0737479 0.991681
1311867261.712383  0.0208742 -0.0256535   0.768674 -0.0401465 0.0967581 0.073845 0.991753
1311867261.748085  0.0238613 -0.0260624   0.769993 -0.0412318 0.0958445 0.0739853 0.991786
1311867261.779918  0.0275413 -0.0263584   0.775988 -0.0411102 0.095156 0.0733604 0.991904
1311867261.811956 0.0299216 -0.027078  0.778649 -0.0405251 0.0938467 0.0729795 0.992081
1311867261.848006  0.0332969 -0.0284454   0.778912 -0.0408158 0.0937871 0.0729124 0.99208
1311867261.880073  0.0340571 -0.0314488   0.781454 -0.0402974 0.0947789 0.0727282 0.99202
1311867261.912163  0.0310595 -0.0308818   0.784264 -0.0379007 0.0950697 0.0721017 0.992132
1311867261.948000   0.032003 -0.0310031    0.78467 -0.0372015 0.0947322 0.0722694 0.992179
1311867261.980242  0.0383697 -0.0329505   0.788656 -0.0365888 0.0932242 0.0726717 0.992315
1311867262.011962  0.0390555 -0.0317522   0.788381 -0.0348593 0.0930504 0.0725854 0.9924
1311867262.047907  0.0439134 -0.0296988   0.787423 -0.0336575 0.0925016 0.0728495 0.992473
1311867262.080301  0.0451881 -0.0292954   0.790309 -0.033775 0.0924568 0.0726461 0.992489
1311867262.117955 0.0450018 -0.030358  0.794272 -0.0334662 0.0924761 0.0720271 0.992542
1311867262.147860  0.0402566 -0.0326136   0.801523 -0.0329588 0.0939985 0.071436 0.992459
1311867262.180119  0.0403984 -0.0303925   0.800806 -0.0320735 0.0940885 0.0707502 0.992529
1311867262.212167   0.040899 -0.0348149     0.8071 -0.0339172 0.093668 0.070865 0.992499
1311867262.247855  0.0410332 -0.0351081   0.812139 -0.0349704 0.0932078 0.0708944 0.992504
1311867262.279909  0.0438181 -0.0385934   0.817687 -0.0359646 0.0917792 0.0711051 0.992586
1311867262.312207  0.0456676 -0.0378199   0.821011 -0.0357655 0.0909337 0.071201 0.992664
1311867262.347903  0.0474474 -0.0389521   0.826483 -0.0370588 0.0905976 0.0711557 0.992651
1311867262.379904  0.0475014 -0.0390876   0.829448 -0.0372273 0.0899247 0.0704941 0.992753
1311867262.411961  0.0548859 -0.0360236    0.83302 -0.0369999 0.0881654 0.0707968 0.992898
1311867262.448089 0.0541559 -0.038837  0.839792 -0.0393055 0.0884946 0.0709888 0.992766
1311867262.479872  0.0600726 -0.0375528   0.843414 -0.0394355 0.0865116 0.0711388 0.992925
1311867262.512133  0.0565494 -0.0379594   0.848763 -0.0402818 0.0855024 0.0708535 0.992999
1311867262.547912  0.0599926 -0.0386186   0.851398 -0.0420864 0.0835078 0.070794 0.993098
1311867262.579872  0.0585555 -0.0418658   0.858628 -0.0436643 0.0843073 0.0706912 0.99297
1311867262.612224  0.0632117 -0.0413712   0.862281 -0.0426888 0.083604 0.0708445 0.99306
1311867262.647862  0.0636207 -0.0420264   0.867005 -0.0423945 0.0829796 0.070097 0.993178
1311867262.680238  0.0670227 -0.0410187   0.870088 -0.0422118 0.0827017 0.0685624 0.993317
1311867262.712055  0.0694341 -0.0452516    0.87592 -0.0431476 0.0841159 0.0674904 0.993231
1311867262.748013  0.0671363 -0.0472177   0.880729 -0.0440036 0.0848905 0.0665735 0.993189
1311867262.780047  0.0692098 -0.0439111   0.882738 -0.0441694 0.0834714 0.0662883 0.993321
1311867262.812118  0.0669215 -0.0433951   0.887375 -0.0452075 0.0822803 0.0658051 0.993406
1311867262.847972  0.0663661 -0.0418111   0.888118 -0.045714 0.0806707 0.0657234 0.99352
1311867262.880083  0.0699924 -0.0393658   0.888415 -0.0461447 0.0791859 0.0657304 0.99362
1311867262.912008  0.0696719 -0.0386593   0.889836 -0.0466132 0.0779381 0.0648879 0.993752
1311867262.947979  0.0683865 -0.0378863   0.890562 -0.0476261 0.0764564 0.0651799 0.9938
1311867262.979967  0.069182 -0.035183  0.892008 -0.0482628 0.0756552 0.06604 0.993773
1311867263.012291  0.0684437 -0.0353832   0.895157 -0.0497415 0.0754281 0.0667882 0.993668
1311867263.048000  0.0647637 -0.0358529   0.897906 -0.0523054 0.0758783 0.0677852 0.993434
1311867263.079930  0.0633326 -0.0342713   0.898046 -0.053862 0.0765305 0.0680432 0.993283
1311867263.111968  0.0682588 -0.0359158   0.901499 -0.0565767 0.0760357 0.0693169 0.993082
1311867263.148043  0.0675971 -0.0363527   0.904743 -0.0582932 0.0765455 0.0701716 0.992884
1311867263.180026  0.0648786 -0.0390375   0.911125 -0.0607197 0.0779657 0.0704632 0.992607
1311867263.212088  0.0678377 -0.0381772   0.912582 -0.0610048 0.0793595 0.0713237 0.992418
1311867263.248034  0.0665442 -0.0375615   0.912389 -0.0608162 0.0806991 0.0715951 0.992302
1311867263.280002  0.0722526 -0.0363529   0.915112 -0.0612169 0.080352 0.0731949 0.992189
1311867263.312094  0.0710294 -0.0351389    0.91358 -0.0610762 0.0816839 0.0745698 0.991986
1311867263.348120 0.0690366 -0.037893  0.918244 -0.0615589 0.0829342 0.0755996 0.991775
1311867263.380039  0.0722786 -0.0337551   0.919647 -0.0614546 0.0826773 0.077039 0.991692
1311867263.412375  0.0772241 -0.0356777   0.920034 -0.0633329 0.0824918 0.0793416 0.991408
1311867263.448153  0.0763442 -0.0356076   0.921595 -0.0633383 0.0828293 0.0804179 0.991292
1311867263.480018  0.0763322 -0.0369426   0.926002 -0.064231 0.0827408 0.0809893 0.991196
1311867263.511993  0.0785172 -0.0368899   0.927695 -0.0653662 0.0830002 0.0819891 0.991018
1311867263.547977  0.0804014 -0.0357316   0.929861 -0.0651748 0.0827476 0.0828199 0.990982
1311867263.580059  0.0781705 -0.0347514   0.931542 -0.0649324 0.0822995 0.0829002 0.991029
1311867263.612205 0.0739229 -0.035769  0.936827 -0.0656957 0.0831541 0.0822961 0.990958
1311867263.648021  0.0728232 -0.0352912   0.937858 -0.0654217 0.0836455 0.0824009 0.990926
1311867263.679956  0.0669204 -0.0366617   0.945258 -0.0658985 0.0842899 0.0820794 0.990866
1311867263.712221 0.0693508 -0.038343  0.946141 -0.0665648 0.0837955 0.0822163 0.990852
1311867263.748100 0.0702953 -0.037671   0.94923 -0.0662772 0.0840985 0.081985 0.990865
1311867263.780318  0.0691276 -0.0367553   0.953657 -0.0660902 0.0852306 0.0816172 0.990811
1311867263.812318  0.0667391 -0.0370171   0.956438 -0.0660069 0.0864633 0.0818088 0.990694
1311867263.848119 0.0667575 -0.037268   0.95721 -0.0659365 0.086393 0.0819492 0.990693
1311867263.880150  0.0638524 -0.0395325   0.962398 -0.0670177 0.0868179 0.0817233 0.990602
1311867263.912334  0.0648518 -0.0384056   0.961751 -0.0676745 0.0864874 0.0825271 0.99052
1311867263.948206  0.0593141 -0.0434396   0.970996 -0.0682521 0.0874021 0.0825923 0.990394
1311867263.979999  0.0627666 -0.0402015   0.972245 -0.0667109 0.0861111 0.0834149 0.990544
1311867264.012231  0.0645453 -0.0377585   0.970779 -0.0660941 0.0856527 0.0844839 0.990534
1311867264.048127   0.061641 -0.0402357   0.976133 -0.0663038 0.0863505 0.0847016 0.990441
1311867264.080210  0.0612472 -0.0391557   0.978238 -0.0645438 0.0861088 0.0849562 0.990556
1311867264.112282 0.0616051 -0.037565  0.979274 -0.063971 0.0855832 0.0856293 0.990581
1311867264.147983  0.0604269 -0.0403299   0.983489 -0.0641562 0.0863616 0.0859188 0.990476
1311867264.180145  0.0629636 -0.0401059   0.985694 -0.0627977 0.0866565 0.0857907 0.990549
1311867264.212109 0.0638126  -0.03882   0.98456 -0.0621428 0.0865803 0.0859732 0.990581
1311867264.248024  0.0653014 -0.0384641   0.986969 -0.0629098 0.0869629 0.0865457 0.990449
1311867264.280169  0.0636926 -0.0387231   0.990802 -0.0634843 0.0883121 0.0862652 0.990318
1311867264.312006  0.0633901 -0.0357982   0.990619 -0.0633326 0.0888688 0.0861594 0.990287
1311867264.348192  0.0626054 -0.0339973   0.994632 -0.0646327 0.0898825 0.0868329 0.990052
1311867264.380241  0.0603447 -0.0389316    1.00159 -0.0667263 0.0919433 0.086743 0.989732
1311867264.412214  0.0609611 -0.0375762    1.00185 -0.0669587 0.0934226 0.0873839 0.989522
1311867264.448004  0.0616607 -0.0363049    1.00452 -0.0683464 0.0952004 0.0880295 0.9892
1311867264.480074  0.0582111 -0.0393989    1.00944 -0.0692991 0.097894 0.0876113 0.988908
1311867264.512227  0.0600691 -0.0378564    1.00811 -0.0697512 0.0991131 0.0884224 0.988682
1311867264.548155 0.0637663 -0.036257   1.00723 -0.070288 0.0999586 0.0894147 0.98847
1311867264.580092   0.068411 -0.0376086    1.00974 -0.0714454 0.100707 0.0904934 0.988213
1311867264.612330  0.0697681 -0.0342712    1.00929 -0.0713927 0.101701 0.0912251 0.988048
1311867264.648092  0.0720179 -0.0360133    1.01334 -0.0730812 0.102788 0.092214 0.98772
1311867264.680199  0.0763903 -0.0350301    1.01487 -0.0735815 0.103193 0.092925 0.987574
1311867264.712454  0.0734523 -0.0355055    1.01554 -0.074065 0.104645 0.0935709 0.987324
1311867264.747965  0.0731451 -0.0333224    1.01525 -0.0747136 0.105287 0.0943168 0.987136
1311867264.780125   0.072826 -0.0329299    1.02013 -0.0750914 0.106973 0.0947885 0.986881
1311867264.812115 0.0733327 -0.031601   1.02105 -0.0741334 0.107643 0.0954149 0.98682
1311867264.848189 0.0765008 -0.029724   1.01856 -0.072964 0.106651 0.0957866 0.986979
1311867264.880141    0.07322 -0.0287648    1.02144 -0.0727967 0.107418 0.0952454 0.98696
1311867264.912230  0.0733791 -0.0278706    1.02216 -0.0725807 0.107784 0.095391 0.986922
1311867264.948186  0.0750963 -0.0281034    1.02538 -0.0726847 0.10703 0.0953372 0.987002
1311867264.980433  0.0752226 -0.0260621     1.0254 -0.0727686 0.106251 0.0952524 0.987088
1311867265.012192  0.0761456 -0.0240064    1.02776 -0.0724333 0.105911 0.0945147 0.98722
1311867265.048128  0.0758005 -0.0251449    1.03001 -0.0728674 0.105364 0.0937079 0.987323
1311867265.080210   0.074981 -0.0249232    1.02925 -0.0729111 0.104897 0.0932585 0.987413
1311867265.112164  0.0728497 -0.0260744    1.03341 -0.0737317 0.10534 0.0926087 0.987366
1311867265.148104  0.0724742 -0.0232808    1.03311 -0.0737631 0.104819 0.0918579 0.987489
1311867265.180303  0.0785073 -0.0218781    1.03279 -0.0742423 0.102598 0.0916516 0.987705
1311867265.212300  0.0746413 -0.0201574    1.03426 -0.0744623 0.101891 0.0910778 0.987815
1311867265.248214  0.0770041 -0.0186791    1.03571 -0.0753809 0.100035 0.0912657 0.987918
1311867265.280318 0.0794983 -0.018781   1.03741 -0.0767636 0.0987592 0.0911268 0.987952
1311867265.312310  0.0785384 -0.0159689    1.03677 -0.0772643 0.0977302 0.0909031 0.988036
1311867265.348200  0.0739903 -0.0189703    1.03879 -0.0795042 0.0969837 0.0910242 0.987921
1311867265.380133  0.0766929 -0.0174275     1.0396 -0.0802062 0.0958242 0.0911673 0.987964
1311867265.412207  0.0835033 -0.0167324    1.04186 -0.0808717 0.0943313 0.0916564 0.988008
1311867265.448180  0.0815615 -0.0132983    1.04294 -0.0817486 0.0945696 0.0912327 0.987953
1311867265.480231 0.0875057 -0.012655   1.04211 -0.0823081 0.0933704 0.0907612 0.988064
1311867265.512277  0.0898333 -0.0128278    1.04122 -0.0822884 0.0926206 0.0898379 0.98822
1311867265.548378  0.0863274 -0.0126572    1.04537 -0.0827954 0.093036 0.08884 0.988229
1311867265.580223  0.0867499 -0.0133391    1.04615 -0.0840724 0.0925336 0.0881421 0.988231
1311867265.612065 0.0848674 -0.012157   1.05059 -0.0849849 0.0921068 0.0873368 0.988264
1311867265.648285  0.0865902 -0.0142016    1.05499 -0.0866615 0.0916055 0.0866515 0.988226
1311867265.680305  0.0863677 -0.0145804    1.05868 -0.0868541 0.0907166 0.0858667 0.988359
1311867265.712166  0.0868593 -0.0136286    1.05904 -0.0871141 0.0901 0.0858287 0.988396
1311867265.748225  0.0868229 -0.0134745    1.06117 -0.0871212 0.0903221 0.0850218 0.988445
1311867265.780694  0.0867542 -0.0129887    1.06332 -0.0857278 0.090264 0.0836978 0.988685
1311867265.812278  0.0866395 -0.0145108    1.06194 -0.0850362 0.0897201 0.0831001 0.988845
1311867265.848187  0.0874228 -0.0154146    1.06217 -0.0847238 0.0894619 0.0828697 0.988914
1311867265.880193  0.0861256 -0.0175353    1.06418 -0.0840262 0.090009 0.0819045 0.989004
1311867265.912326  0.0838967 -0.0154679    1.06254 -0.0830557 0.0899608 0.0812885 0.989142
1311867265.948259  0.0844574 -0.0164319     1.0654 -0.0840513 0.0894696 0.0815501 0.98908
1311867265.980599 0.0866635 -0.015052   1.06432 -0.0842165 0.0891868 0.0811392 0.989126
1311867266.012180  0.0883118 -0.0160567    1.06615 -0.0846693 0.0893046 0.0809058 0.989096
1311867266.048362  0.0929212 -0.0160358    1.06444 -0.0850237 0.088276 0.0810054 0.989149
1311867266.080451  0.0907159 -0.0155641    1.06604 -0.0854634 0.0892616 0.0803502 0.989076
1311867266.112239  0.0928432 -0.0151383    1.06843 -0.0864743 0.0895857 0.0806021 0.988939
1311867266.148464  0.0993883 -0.0146039    1.06844 -0.0869583 0.0883639 0.0812745 0.988951
1311867266.180282   0.101726 -0.0110125    1.06729 -0.0866317 0.0874987 0.0814335 0.989044
1311867266.212181   0.104985 -0.0107145    1.06797 -0.0873299 0.0873045 0.0814755 0.988996
1311867266.248205   0.100627 -0.0111536    1.06857 -0.0878505 0.0885152 0.0812981 0.988857
1311867266.280227  0.0991128 -0.0105856    1.06983 -0.0886158 0.0886022 0.0813346 0.988778
1311867266.312311     0.10195 -0.00834878     1.07131 -0.0894879 0.0881386 0.0817914 0.988703
1311867266.348175    0.103447 -0.00738978     1.07132 -0.0901911 0.0883895 0.0823034 0.988574
1311867266.380379    0.106991 -0.00744204     1.07378 -0.0914578 0.0881295 0.0826103 0.988455
1311867266.412323    0.101259 -0.00736324     1.07533 -0.0931527 0.0896026 0.082277 0.988193
1311867266.448402    0.100004 -0.00857065      1.0759 -0.0950838 0.0906174 0.0822505 0.987918
1311867266.480472    0.102153 -0.00545875     1.07631 -0.0955743 0.0908816 0.0827591 0.987804
1311867266.512523    0.100337 -0.00411036     1.07757 -0.097191 0.0912946 0.0829627 0.987591
1311867266.548233    0.108742 0.000780062     1.07892 -0.0986998 0.0900982 0.0844557 0.987425
1311867266.580375    0.106767 0.000578645     1.07815 -0.0996084 0.0902623 0.0846463 0.987302
1311867266.612250   0.113309 0.00355167    1.07831 -0.100665 0.0888482 0.0855474 0.987246
1311867266.648261    0.113203 0.000327256     1.08097 -0.102639 0.0890516 0.0861408 0.986973
1311867266.680311    0.110816 -0.00229159     1.08238 -0.102821 0.0891199 0.0860541 0.986955
1311867266.712145    0.11041 0.00062447    1.07906 -0.10257 0.0888198 0.0866661 0.986955
1311867266.748428   0.111865 0.00157611    1.07842 -0.103514 0.0884907 0.0873122 0.986829
1311867266.780320   0.109416 0.00240453     1.0801 -0.103314 0.0886795 0.0868945 0.98687
1311867266.812282  0.108424 0.0021623   1.08052 -0.103408 0.0883485 0.0871426 0.986868
1311867266.848160   0.109606 0.00203578    1.07899 -0.103606 0.0878179 0.0874854 0.986864
1311867266.880318   0.105579 0.00338881    1.08188 -0.102506 0.0881774 0.0872602 0.986967
1311867266.912179   0.105997 0.00271693    1.08072 -0.101352 0.0876623 0.0873671 0.987122
1311867266.948171   0.099033 0.00138067     1.0844 -0.100091 0.0888751 0.0873364 0.987145
1311867266.980363    0.100301 0.000114875     1.08486 -0.0975407 0.0888292 0.0873566 0.987403
1311867267.012371    0.100325 0.000475616     1.08322 -0.0946013 0.0893115 0.087329 0.987648
1311867267.048343   0.0976047 -0.00198608     1.08326 -0.0922636 0.0898703 0.0868849 0.987857
1311867267.080246  0.0996473 0.00126344    1.07813 -0.0898512 0.0890299 0.0867561 0.988167
1311867267.112351     0.09976 0.000742719     1.07848 -0.0896642 0.089859 0.0866125 0.988121
1311867267.148264    0.100552 -0.00186859     1.07933 -0.0890941 0.0905853 0.086738 0.988096
1311867267.180231   0.0984413 -0.00119214     1.07762 -0.0886901 0.0910512 0.0873303 0.988037
1311867267.212337   0.0986636 -0.00305859      1.0783 -0.0892997 0.0912809 0.0876333 0.987934
1311867267.248213  0.0965793 -0.0026734    1.07993 -0.0876745 0.0917591 0.087371 0.988059
1311867267.280459    0.0993887 -0.000759948      1.07685 -0.085837 0.0909022 0.0884456 0.988204
1311867267.312219   0.102868 2.2247e-05    1.07194 -0.0856231 0.0897228 0.0894768 0.988237
1311867267.348391    0.101737 -0.00307169     1.07286 -0.0858245 0.0899224 0.0893138 0.988216
1311867267.380442    0.101992 -0.00322989     1.07334 -0.0844428 0.0894223 0.0893704 0.988375
1311867267.412292   0.0998561 -0.00044799     1.07151 -0.0829036 0.0887273 0.0894192 0.988564
1311867267.448184   0.0967656 -0.00333626     1.07225 -0.0831809 0.0883436 0.0892811 0.988587
1311867267.480293   0.0978258 -0.00489144     1.07236 -0.0833397 0.0878919 0.08934 0.988609
1311867267.512328  0.0978891 -0.0069666    1.07308 -0.0828305 0.0876166 0.0888586 0.98872
1311867267.548255    0.096946 -0.00359001     1.07397 -0.0806682 0.0863114 0.08872 0.989026
1311867267.580291   0.0988066 -0.00233562     1.06796 -0.0798246 0.0849987 0.0890409 0.989179
1311867267.612361  0.0979162 -0.0071024     1.0704 -0.0794111 0.0854371 0.0881411 0.989255
1311867267.648438   0.0942293 -0.00363527     1.06917 -0.0772457 0.0859059 0.0876298 0.989431
1311867267.680321   0.0933454 -0.00213658     1.06871 -0.0770934 0.085463 0.0885729 0.989398
1311867267.712540  0.0902544 -0.0046384    1.07223 -0.0771033 0.0862209 0.087613 0.989416
1311867267.748385   0.0921173 -0.00314083     1.06753 -0.0761437 0.0859681 0.0874446 0.989528
1311867267.780391   0.0936609 -0.00181185     1.06626 -0.0769881 0.0857026 0.0880597 0.989431
1311867267.812725   0.0952343 -0.00276434     1.06489 -0.0771837 0.085639 0.088333 0.989397
1311867267.848368   0.0942689 -0.00428645     1.06633 -0.0761752 0.0861786 0.0880403 0.989454
1311867267.912736   0.0891603 -0.00545475     1.06284 -0.0765161 0.0875931 0.0878745 0.989318
1311867267.948451   0.0941246 -0.00740157     1.06123 -0.0766233 0.0871627 0.088109 0.989327
1311867267.980316   0.0942699 -0.00531027     1.05853 -0.0755495 0.0873625 0.0877114 0.989427
1311867268.012300   0.0918835 -0.00484211     1.05875 -0.0761149 0.087581 0.0879263 0.989346
1311867268.048405   0.0905478 -0.00467338      1.0553 -0.0761048 0.0876254 0.0875473 0.989376
1311867268.080313   0.0884588 -0.00467009     1.05628 -0.0754152 0.0880914 0.0870157 0.989435
1311867268.112446   0.0845867 -0.00592867     1.05745 -0.0756583 0.0881756 0.0869536 0.989414
1311867268.148507    0.083836 -0.00693907     1.05407 -0.0754847 0.0873413 0.087222 0.989478
1311867268.212453  0.0829711 -0.0044561    1.05499 -0.0729364 0.0868674 0.0870512 0.989725
1311867268.248305   0.0867313 -0.00631795     1.04485 -0.0726773 0.0853866 0.0873679 0.989845
1311867268.280500   0.0894348 -0.00745953     1.04325 -0.0723827 0.0847445 0.0877422 0.989889
1311867268.312510  0.0874653 -0.0066518    1.04185 -0.0715943 0.0850275 0.0873741 0.989955
1311867268.348270   0.0909281 -0.00331412     1.03703 -0.0713038 0.0842783 0.0882828 0.989959
1311867268.380493   0.0870626 -0.00589728     1.03538 -0.071224 0.0848209 0.0873922 0.989998
1311867268.412369   0.0843246 -0.00596717     1.03457 -0.0704305 0.0851934 0.0868054 0.990074
1311867268.448606   0.0840955 -0.00557717     1.02932 -0.0700739 0.0854762 0.0867809 0.990077
1311867268.480858   0.0861751 -0.00444082     1.02667 -0.0689996 0.0852614 0.086951 0.990156
1311867268.512523      0.0849 -0.00446931     1.02444 -0.0683883 0.0850377 0.0866728 0.990242
1311867268.548506   0.0855336 -0.00523706     1.02379 -0.0686157 0.0847094 0.0873776 0.990193
1311867268.580494   0.0873242 -0.00582894      1.0224 -0.0680391 0.0842797 0.0875825 0.990251
1311867268.616531   0.0867191 -0.00622012     1.01929 -0.0675063 0.0841227 0.0877333 0.990287
1311867268.648346   0.0900603 -0.00473948     1.01835 -0.0673109 0.08332 0.0879086 0.990353
1311867268.680446   0.0886408 -0.00533238     1.01689 -0.0671516 0.083845 0.0874436 0.990361
1311867268.716434    0.089646 -0.00531403     1.01527 -0.0671 0.0834255 0.0876289 0.990383
1311867268.748466    0.092028 -0.00309115     1.01234 -0.0670597 0.0824452 0.0879585 0.990439
1311867268.780581   0.0879261 -0.00466078     1.01386 -0.0671194 0.0827776 0.0874137 0.990455
1311867268.816596   0.0852044 -0.00703328     1.01222 -0.0671095 0.0831381 0.0871483 0.990449
1311867268.848629   0.0863448 -0.00838429     1.01012 -0.0673766 0.0830972 0.0876198 0.990393
1311867268.880642  0.0869647 -0.0108877    1.00977 -0.0675264 0.0830226 0.0877008 0.990382
1311867268.916457  0.0879203 -0.0101697    1.00556 -0.0658571 0.0826657 0.0872558 0.990563
1311867268.948366   0.0878404 -0.00842994     1.00084 -0.0646132 0.0824612 0.0872589 0.990662
1311867268.980529  0.0916069 -0.0110731   0.997429 -0.0642628 0.081876 0.0871807 0.99074
1311867269.016581   0.0922839 -0.00970955    0.992284 -0.0631461 0.0817004 0.0867039 0.990868
1311867269.048325   0.0922644 -0.00953343    0.990251 -0.0630294 0.0816321 0.0865393 0.990896
1311867269.082135  0.0932148 -0.0117371   0.988952 -0.0630943 0.0812734 0.086661 0.99091
1311867269.116536   0.0959492 -0.00917575    0.985069 -0.0626376 0.0805855 0.0868924 0.990975
1311867269.148627   0.098154 -0.0101239   0.982177 -0.0621595 0.080021 0.086702 0.991068
1311867269.180463   0.0953293 -0.00997433    0.979304 -0.0613993 0.0804546 0.0865522 0.991093
1311867269.216287  0.0978829 -0.0114199   0.977065 -0.0610081 0.0800438 0.0866089 0.991146
1311867269.248318   0.100618 -0.0120897   0.974456 -0.0603603 0.0793793 0.0866709 0.991233
1311867269.280464   0.103616 -0.0159721   0.971077 -0.0605886 0.078917 0.0865629 0.991266
1311867269.316373  0.0990177 -0.0172099    0.97325 -0.059888 0.0798831 0.0865734 0.99123
1311867269.348345   0.101082 -0.0179973   0.970493 -0.0585679 0.078915 0.0866489 0.99138
1311867269.380431   0.100204 -0.0211084    0.97083 -0.0578285 0.0793594 0.0857784 0.991464
1311867269.416552  0.0980948 -0.0228044   0.967814 -0.056602 0.0807411 0.0853514 0.99146
1311867269.448314  0.0958241 -0.0250262   0.963468 -0.0550228 0.0813501 0.0848544 0.991541
1311867269.480591  0.0933851 -0.0274414   0.962642 -0.0537416 0.0817791 0.0838995 0.991658
1311867269.516521  0.0943771 -0.0305316   0.960103 -0.0519718 0.0818427 0.0835059 0.99178
1311867269.548348  0.0924186 -0.0312475   0.957813 -0.0497865 0.0824629 0.0835101 0.99184
1311867269.580494  0.0945692 -0.0316198   0.956284 -0.0477432 0.0817967 0.0830758 0.992032
1311867269.616429   0.098689 -0.0285846    0.95069 -0.0459413 0.0804598 0.0826921 0.992259
1311867269.648449   0.102837 -0.0271259   0.944884 -0.0450318 0.0799442 0.083648 0.992262
1311867269.680483  0.103588 -0.032271  0.945172 -0.0441812 0.0805923 0.0835269 0.992258
1311867269.716488   0.10291 -0.033149  0.945491 -0.0423717 0.0808439 0.0835186 0.992317
1311867269.748333   0.103332 -0.0345344    0.94471 -0.042332 0.0812698 0.0839734 0.992246
1311867269.780366   0.101999 -0.0340909   0.944203 -0.0415069 0.0821615 0.0836405 0.992235
1311867269.816455  0.0985967 -0.0352257    0.94391 -0.0405261 0.0831063 0.0834767 0.992211
1311867269.880365   0.101873 -0.0308832   0.938266 -0.0385405 0.0823543 0.0853752 0.992191
1311867269.948447    0.10216 -0.0278613   0.934969 -0.0365814 0.0814366 0.0853167 0.992346
1311867269.980791  0.0989283 -0.0284196   0.931238 -0.0362293 0.0818325 0.0853934 0.99232
1311867270.016606  0.0989554 -0.0300657   0.930276 -0.0362893 0.0813077 0.0854181 0.992359
1311867270.048449 0.0969516 -0.030272   0.92868 -0.0360672 0.0806386 0.0855907 0.992407
1311867270.080609   0.096761 -0.0303676   0.926376 -0.0354079 0.0796842 0.0859582 0.992476
1311867270.116645  0.0956528 -0.0296158   0.925336 -0.0340202 0.0789442 0.0860669 0.992574
1311867270.148642  0.0961078 -0.0315769    0.92583 -0.0335252 0.07823 0.0857611 0.992674
1311867270.180528  0.0969418 -0.0316362   0.922589 -0.0323142 0.0776928 0.0857156 0.99276
1311867270.216437  0.0971574 -0.0300562   0.920274 -0.0307142 0.077542 0.0849901 0.992885
1311867270.280555  0.0951756 -0.0247162    0.91511 -0.0283802 0.0778557 0.0845949 0.992964
1311867270.348361 0.0920406 -0.024183  0.913171 -0.0264217 0.0778801 0.0842414 0.993046
1311867270.380591  0.0944744 -0.0246443   0.906288 -0.0269646 0.076727 0.0850165 0.993055
1311867270.448370  0.0908644 -0.0244654   0.908796 -0.0249238 0.0784485 0.0849312 0.992981
1311867270.480611 0.0959903 -0.024249  0.899054 -0.0246809 0.0769952 0.0854237 0.993059
1311867270.516588  0.0991601 -0.0233587   0.894981 -0.0242077 0.076459 0.0855745 0.993099
1311867270.548435  0.0959733 -0.0229325   0.893195 -0.0232487 0.0775925 0.0850452 0.993079
1311867270.580811   0.094027 -0.0218469   0.890866 -0.0233954 0.0781644 0.0850735 0.993028
1311867270.616443  0.0917783 -0.0228313   0.888992 -0.0237869 0.0787165 0.0852089 0.992964
1311867270.648558  0.0916333 -0.0220106   0.884986 -0.0233469 0.0782356 0.0852491 0.993009
1311867270.680625   0.095375 -0.0204684    0.88034 -0.0227937 0.0766816 0.0849056 0.993172
1311867270.716482  0.0940389 -0.0202626   0.881055 -0.0226328 0.0770458 0.0853374 0.993111
1311867270.748564 0.0906454 -0.023935  0.882018 -0.0227524 0.0777244 0.0853374 0.993055
1311867270.780573  0.0895186 -0.0216563   0.881111 -0.0215626 0.0775661 0.0850008 0.993123
1311867270.816524  0.0908396 -0.0199211   0.876966 -0.0212206 0.0770594 0.085465 0.99313
1311867270.848467     0.0869 -0.0214197   0.874297 -0.0203655 0.0781266 0.0851347 0.993093
1311867270.880574 0.0856317   -0.0192  0.873024 -0.0190122 0.0781825 0.0848134 0.993143
1311867270.916494 0.0869114 -0.018945  0.869452 -0.0194366 0.0775696 0.085879 0.993091
1311867270.948425  0.0845021 -0.0219452   0.870884 -0.0183503 0.0781517 0.0853012 0.993116
1311867270.980570  0.087369 -0.018925  0.866748 -0.0152174 0.0776574 0.0844124 0.993284
1311867271.016615  0.0900812 -0.0153405   0.865097 -0.0153136 0.0775867 0.08446 0.993284
1311867271.048583  0.0924306 -0.0162312   0.862573 -0.0152423 0.0778733 0.0848292 0.993231
1311867271.080591  0.0891686 -0.0151176   0.861918 -0.0145152 0.0779586 0.0849175 0.993227
1311867271.116562  0.0896436 -0.0150449   0.862393 -0.0153431 0.0769384 0.0852309 0.993268
1311867271.152897 0.0884064 -0.014659  0.860514 -0.0157471 0.0764016 0.0852887 0.993298
1311867271.180582  0.0836931 -0.0140459   0.861356 -0.0151908 0.0771923 0.0847334 0.993293
1311867271.216570  0.0823786 -0.0125202   0.861079 -0.0157271 0.0768015 0.0848119 0.993308
1311867271.280629  0.0831572 -0.0128135    0.86166 -0.0155948 0.07586 0.084123 0.993441
1311867271.316655  0.0774989 -0.0139542   0.855451 -0.0163778 0.0775111 0.0837452 0.993333
1311867271.348780 0.0781146 -0.016047   0.85396 -0.0176476 0.0786688 0.0837279 0.993222
1311867271.380667   0.081817 -0.0153102   0.851191 -0.0177295 0.0782615 0.08343 0.993278
1311867271.416663  0.0791649 -0.0163176   0.845042 -0.0192003 0.0792183 0.0829632 0.993213
1311867271.448701  0.0778855 -0.0161787   0.845513 -0.0203149 0.0804624 0.0827342 0.99311
1311867271.480623  0.0742167 -0.0144658   0.842827 -0.0215699 0.0821338 0.0821706 0.992994
1311867271.516531  0.0731562 -0.0123945   0.841688 -0.0217105 0.0824811 0.0816313 0.993006
1311867271.580572 0.0719785 -0.012112  0.840879 -0.0238837 0.0830687 0.0817175 0.992901
1311867271.616650  0.0727171 -0.0107417   0.838477 -0.0236171 0.0835542 0.0811662 0.992911
1311867271.648669  0.0650963 -0.0113457   0.833945 -0.023456 0.0854593 0.0809566 0.99277
1311867271.680718   0.058673 -0.0134551   0.832758 -0.0231831 0.0868158 0.0812354 0.992636
1311867271.716588  0.0612578 -0.0108132   0.829194 -0.0216465 0.0864213 0.0816489 0.992671
1311867271.749245  0.0611629 -0.0116526   0.823139 -0.0219339 0.0873774 0.0819695 0.992555
1311867271.780613   0.0613846 -0.00665437    0.814776 -0.0206363 0.0883548 0.0828279 0.992425
1311867271.816503   0.0633909 -0.00585942    0.811622 -0.0199995 0.0892393 0.0833685 0.992313
1311867271.848511   0.0651559 -0.00282185    0.798286 -0.0195099 0.0897491 0.0837803 0.992243
1311867271.916677   0.0621218 -0.00583744    0.790703 -0.0217487 0.0917257 0.0843491 0.991967
1311867271.980726   0.0577814 -0.00447165    0.787761 -0.0201679 0.0926956 0.0841285 0.991929
1311867272.016678   0.0537972 -0.00790224     0.77959 -0.0193433 0.0944266 0.0831673 0.991863
1311867272.048486    0.050986 -0.00820656    0.777101 -0.0178888 0.0955826 0.0828703 0.991805
1311867272.116570    0.046523 -0.00492361    0.774652 -0.0164881 0.0949158 0.0829098 0.99189
1311867272.148719    0.0464321 -0.000808786     0.765744 -0.0155786 0.0942237 0.0828933 0.991972
1311867272.180820   0.0473075 -0.00144915    0.762821 -0.016002 0.0936136 0.0831922 0.991998
1311867272.216614  0.0487752 0.00166994   0.758396 -0.0163117 0.092221 0.0838115 0.992071
1311867272.280675  0.0515309 0.00343005   0.754738 -0.0161702 0.0909911 0.0843216 0.992144
1311867272.316580  0.0497536 0.00362685   0.751331 -0.0162209 0.0915314 0.0850074 0.992035
1311867272.380604  0.0490284 0.00387859   0.747136 -0.0162793 0.0915855 0.0855971 0.991978
1311867272.416575  0.0466334 0.00733859   0.741269 -0.0155103 0.0933422 0.0861758 0.991776
1311867272.448579  0.0399212 0.00490041   0.743481 -0.0159907 0.0958548 0.0862564 0.991522
1311867272.481087  0.0396428 0.00735445   0.740353 -0.0155491 0.096254 0.0864982 0.991469
1311867272.516777  0.0356041 0.00651022   0.735848 -0.015994 0.0977522 0.087017 0.99127
1311867272.548588   0.036646 0.00806027   0.733645 -0.0157022 0.098128 0.0874206 0.991202
1311867272.580582  0.0340562 0.00663014    0.73431 -0.0155698 0.0989975 0.08741 0.991119
1311867272.616652  0.0269185 0.00582321   0.729886 -0.0153453 0.100729 0.0874822 0.990942
1311867272.680692  0.0227763 0.00537415   0.731367 -0.0143128 0.10256 0.0887393 0.990657
1311867272.716489  0.0200456 0.00734339   0.723793 -0.0135034 0.103542 0.08945 0.990503
1311867272.780656  0.0144816 0.00804859    0.71668 -0.0145461 0.104048 0.0905724 0.990333
1311867272.816623 0.0142968 0.0073899   0.71303 -0.0148243 0.10365 0.0904025 0.990386
1311867272.880537  0.0142945 0.00774776   0.709975 -0.0150432 0.104687 0.0897907 0.990329
1311867272.916603  0.0134518 0.00862634   0.707254 -0.0147491 0.104592 0.0896581 0.990356
1311867272.980676  0.0117686 0.00777118   0.704041 -0.0163149 0.104371 0.0894364 0.990375
1311867273.016608  0.0102661 0.00809664   0.702629 -0.0167535 0.105103 0.0892358 0.990308
1311867273.048578 0.00125234 0.00469502   0.704436 -0.018544 0.107388 0.0888417 0.990066
1311867273.080754 -0.000605956   0.00533215      0.70651 -0.0188748 0.1074 0.0889402 0.99005
1311867273.116731   -0.0037496 -7.54534e-05     0.709007 -0.0197663 0.108275 0.088559 0.989971
1311867273.180697 -0.000915937  0.000755257     0.710001 -0.018799 0.110644 0.0890948 0.98968
1311867273.216838 0.00218186 0.00262432   0.703381 -0.0179745 0.110039 0.0896981 0.989708
1311867273.248544 -0.00541963  0.00251033    0.701283 -0.0186977 0.112189 0.0900345 0.989423
1311867273.280714 -0.00227206  0.00218466    0.700591 -0.0192597 0.112724 0.0909498 0.989268
1311867273.316838 -0.000809054  0.000359603     0.696389 -0.0188017 0.112852 0.0913562 0.989224
1311867273.380697 -0.00673026  0.00110737    0.696833 -0.0184175 0.113663 0.0903325 0.989233
1311867273.416830  -0.0040841 -0.00391595    0.694327 -0.018602 0.112486 0.09015 0.989381
1311867273.480769 -0.00792138 -0.00339742    0.696908 -0.015228 0.111081 0.0891062 0.989691
1311867273.516690  -0.0122166 -0.00945188    0.693217 -0.0146895 0.110459 0.0883067 0.989841
1311867273.580631  -0.0159452 -0.00325392    0.691162 -0.00904673 0.107608 0.0853099 0.990485
1311867273.616742  -0.0173568 -0.00254131    0.681021 -0.0090054 0.104699 0.0847227 0.990848
1311867273.648674  -0.0190509 -0.00257137    0.681987 -0.0088178 0.103405 0.0829648 0.991134
1311867273.680974  -0.0166464 -0.00094636    0.676243 -0.00784089 0.101279 0.0816509 0.991471
1311867273.716707   -0.0164597 -0.000383302     0.670685 -0.00704154 0.100262 0.0809098 0.991641
1311867273.748711  -0.0152533 -0.00473273    0.669855 -0.005777 0.0990591 0.0803104 0.991819
1311867273.780735  -0.0173577 -0.00292737    0.669235 -0.00296286 0.0980667 0.0794535 0.991999
1311867273.816639  -0.0178487 -0.00422253    0.667406 -0.00182573 0.0963747 0.0790672 0.992198
1311867273.849123  -0.0214117 -0.00524857    0.661618 -0.00143578 0.0955295 0.0793067 0.992261
1311867273.880737  -0.0200522 -0.00452549    0.657287 -0.00103262 0.0940462 0.0797121 0.992371
1311867273.916618    -0.02235 -0.00273865    0.652998 -0.000436953 0.0936583 0.0802073 0.992368
1311867273.949213  -0.0231227 -0.00133338    0.649771 0.000646732 0.093378 0.0809353 0.992335
1311867273.980666 -0.0234713 0.00185961   0.645369 0.00215775 0.0939991 0.0820729 0.992181
1311867274.016822  -0.0269664 -0.00231527     0.64299 0.00116251 0.0961992 0.0833659 0.991864
1311867274.048756  -0.0249827 -0.00170447    0.641709 0.00284398 0.0969947 0.0842507 0.991709
1311867274.080678  -0.0267913 -0.00125227    0.635808 0.00360718 0.0986695 0.0852977 0.991451
1311867274.116619  -0.0262565 0.000373055     0.63084 0.00434003 0.0999471 0.0862619 0.991237
1311867274.149224   -0.0248808 -0.000925175     0.628949 0.00484531 0.100918 0.0870418 0.991068
1311867274.180919  -0.0256321 0.000458627    0.623108 0.00538049 0.10167 0.0878478 0.990917
1311867274.216954 -0.0276835 0.00104916   0.616717 0.00405322 0.102493 0.0888911 0.990746
1311867274.248965 -0.0280049 0.00069102   0.613985 0.00261088 0.102739 0.0898195 0.990641
1311867274.280784   -0.0277609 -0.000716032     0.614367 0.00211658 0.102916 0.0897987 0.990626
1311867274.317121 -0.0249746  0.0036866   0.608013 0.00228332 0.102359 0.0905081 0.990619
1311867274.348830 -0.0255116 0.00528484    0.60376 0.00133407 0.10275 0.0911744 0.990519
1311867274.380862 -0.0232413 0.00805447   0.599181 0.00129088 0.101538 0.090853 0.990674
1311867274.416837 -0.0295012  0.0113637   0.594139 0.000827183 0.102846 0.0896429 0.990649
1311867274.448780 -0.0357965  0.0115397    0.59104 -0.000227959 0.104204 0.0886327 0.990599
1311867274.480661 -0.0356289  0.0129147   0.586894 -0.00102615 0.103666 0.0877866 0.99073
1311867274.516798 -0.0366583  0.0137769   0.584231 -0.00223896 0.103476 0.0873338 0.990788
1311867274.548944 -0.0414334   0.013997   0.581472 -0.00441979 0.104553 0.0873104 0.99067
1311867274.580883 -0.0442712  0.0126864   0.582631 -0.00646899 0.105163 0.0870626 0.990615
1311867274.616863 -0.0439768  0.0137922    0.57945 -0.00748763 0.104213 0.087218 0.990695
1311867274.649010 -0.0465448  0.0152556   0.575757 -0.00909392 0.103738 0.086916 0.990758
1311867274.680804 -0.045002 0.0161919   0.57368 -0.010117 0.102578 0.0868026 0.990879
1311867274.716711 -0.0450576   0.018259   0.569568 -0.0103432 0.101942 0.086218 0.990993
1311867274.748763 -0.0448193  0.0183275   0.565035 -0.0119969 0.101297 0.0859429 0.991064
1311867274.780646 -0.0466136  0.0166131   0.565521 -0.0136406 0.101795 0.0860037 0.990987
1311867274.816702 -0.0452928  0.0206557   0.559626 -0.0133083 0.100571 0.086192 0.9911
1311867274.848794 -0.0458888  0.0192351   0.557224 -0.0148975 0.100167 0.0864204 0.991098
1311867274.880821 -0.0469399  0.0193795   0.552072 -0.0155984 0.100317 0.0868604 0.991034
1311867274.916628 -0.0448487  0.0204537   0.548357 -0.0160123 0.100231 0.0871049 0.991015
1311867274.948646 -0.0387974  0.0220809   0.545698 -0.0153115 0.0986365 0.087537 0.991148
1311867274.980903 -0.0492112  0.0199578   0.542038 -0.016739 0.100081 0.0872322 0.991007
1311867275.016675 -0.047686 0.0168802  0.540781 -0.0186602 0.099602 0.0870446 0.991037
1311867275.048721 -0.0397785  0.0183075   0.537361 -0.0183862 0.0983344 0.0873801 0.991139
1311867275.080754 -0.0463024  0.0182272   0.535455 -0.0184465 0.0998673 0.0869241 0.991025
1311867275.116833 -0.0440096  0.0186984   0.530651 -0.019339 0.0981833 0.0877066 0.991107
1311867275.148689 -0.0412112  0.0190575   0.528891 -0.0207017 0.0976202 0.0878162 0.991126
1311867275.180701 -0.0370861  0.0207171   0.524659 -0.020437 0.0966195 0.0880451 0.991209
1311867275.216737 -0.0381539  0.0207757    0.52063 -0.0207115 0.0965167 0.0880367 0.991214
1311867275.248735 -0.0366666  0.0231486    0.51538 -0.0199 0.0950808 0.0880741 0.991366
1311867275.280811 -0.0410772  0.0198723   0.517427 -0.0197068 0.0952787 0.0882291 0.991337
1311867275.316666 -0.0399795  0.0193627   0.514502 -0.0183777 0.0943025 0.0886832 0.991415
1311867275.348709 -0.035054 0.0220061  0.506324 -0.0166619 0.0934614 0.0896534 0.991438
1311867275.381040 -0.0302147  0.0217375   0.500509 -0.0153776 0.0920823 0.0899572 0.99156
1311867275.416695 -0.0310218  0.0220927   0.498001 -0.0133825 0.0917228 0.0893628 0.991676
1311867275.448851 -0.0320802  0.0242651   0.491162 -0.012187 0.0914861 0.089407 0.99171
1311867275.480860 -0.0266965  0.0264044   0.484914 -0.0108149 0.0901715 0.0897058 0.991819
1311867275.516817 -0.0228687  0.0265509   0.483379 -0.00927155 0.0894881 0.0897456 0.991893
1311867275.548814 -0.0275828  0.0268258   0.481145 -0.00811778 0.0905316 0.089166 0.991861
1311867275.580874 -0.0317403  0.0286724   0.474783 -0.00726235 0.0916187 0.0888356 0.991797
1311867275.616794 -0.0271035  0.0308165   0.469439 -0.006071 0.090744 0.0890269 0.991868
1311867275.648733 -0.0321134  0.0304089   0.467499 -0.0059653 0.0924711 0.0887196 0.991737
1311867275.680883 -0.031724 0.0312481  0.463213 -0.00640886 0.0923988 0.0889269 0.991722
1311867275.716827 -0.0308314  0.0319774   0.459409 -0.0066902 0.092588 0.089249 0.991674
1311867275.749216 -0.0296803  0.0333874   0.456179 -0.00658366 0.0923615 0.0893246 0.991689
1311867275.780810 -0.0323173  0.0342361   0.451729 -0.0069602 0.0928382 0.0892516 0.991649
1311867275.816772 -0.0304713  0.0350955   0.447338 -0.00678576 0.0923573 0.0895013 0.991672
1311867275.848840 -0.0282461  0.0334545   0.447906 -0.00626114 0.0926516 0.0892373 0.991672
1311867275.880760 -0.027977 0.0369333  0.441787 -0.00471963 0.0935318 0.0890889 0.991611
1311867275.917061 -0.0284762  0.0371409   0.437185 -0.00482035 0.0940867 0.0891788 0.99155
1311867275.948821 -0.0279818  0.0385652   0.433493 -0.0039593 0.0934405 0.0885777 0.991669
1311867275.980896 -0.0265992  0.0385392   0.432372 -0.00273038 0.0938505 0.0878541 0.991699
1311867276.016817 -0.0286666  0.0408305   0.426394 -0.00155057 0.0949706 0.0880155 0.99158
1311867276.048985 -0.0281454  0.0417161   0.420485 -0.00131356 0.0946013 0.0879507 0.991622
1311867276.081061 -0.0299335  0.0395052   0.422202 -0.000581653 0.0950888 0.0873384 0.99163
1311867276.117046 -0.034023 0.0396717  0.418046 -0.000221748 0.0958673 0.0878202 0.991512
1311867276.148911 -0.0343495  0.0405238   0.413816 -0.000624371 0.0955653 0.0883317 0.991496
1311867276.180826 -0.0298013  0.0412353   0.410421 -0.000588069 0.0936678 0.0879107 0.991715
1311867276.216827 -0.0301794  0.0411464   0.411226 0.000146514 0.093478 0.0867827 0.991832
1311867276.248954 -0.0287686  0.0416399   0.408161 0.00122183 0.0930415 0.0854535 0.991988
1311867276.281034 -0.0299761  0.0410009   0.407115 0.00219215 0.0929197 0.0838876 0.992131
1311867276.316847 -0.0320384  0.0417919   0.402308 0.00341729 0.0927166 0.0822947 0.99228
1311867276.348823 -0.0314934  0.0432853   0.399687 0.00445917 0.0918209 0.0811585 0.992453
1311867276.380997 -0.0313912  0.0457989   0.394503 0.00538319 0.0904673 0.0805345 0.992623
1311867276.416760 -0.0313343  0.0454426   0.391578 0.00487014 0.0890677 0.0798057 0.992811
1311867276.449013 -0.0305172  0.0460188   0.389222 0.00459569 0.0877256 0.0798787 0.992926
1311867276.481045 -0.0283795  0.0465287   0.387375 0.00437689 0.0865554 0.0799433 0.993025
1311867276.516812 -0.0290218  0.0455275   0.388623 0.00463216 0.086096 0.0789042 0.993147
1311867276.548975 -0.0307173  0.0443459   0.386495 0.00461909 0.0854516 0.0784485 0.993238
1311867276.581007 -0.0278289  0.0438932    0.38435 0.00573161 0.0843342 0.0778202 0.993378
1311867276.616955 -0.0289716  0.0443449   0.382207 0.00710627 0.0843048 0.0765697 0.993468
1311867276.648797 -0.0300549  0.0448739   0.378173 0.00735518 0.0846713 0.076141 0.993468
1311867276.680881 -0.0311257  0.0444208    0.37917 0.00807582 0.0852958 0.0753393 0.99347
1311867276.716834 -0.0322734  0.0459026   0.374985 0.0093459 0.0858584 0.0750039 0.993436
1311867276.749007 -0.0351555  0.0464765   0.372336 0.00912656 0.0870015 0.0749645 0.993342
1311867276.781174 -0.033999 0.0458354  0.371302 0.00839349 0.0871089 0.0751775 0.993323
1311867276.816885 -0.0329594  0.0478704   0.369111 0.00944907 0.086805 0.0755089 0.993315
1311867276.849154 -0.0327526  0.0501552   0.367019 0.00955571 0.086453 0.0759115 0.993314
1311867276.880864 -0.0311428  0.0494827   0.365093 0.00849713 0.0866666 0.0763819 0.993269
1311867276.916961 -0.0309315   0.047853   0.367273 0.00844499 0.0873413 0.076555 0.993197
1311867276.948866 -0.0298784   0.051457   0.360704 0.00918738 0.0867042 0.0772406 0.993193
1311867276.980866 -0.0264864  0.0531506   0.357184 0.00892544 0.0865852 0.0777685 0.993164
1311867277.016880 -0.0226561  0.0508512   0.357174 0.0090473 0.0865113 0.0787647 0.993091
1311867277.049009 -0.0238583  0.0498657   0.356286 0.0106246 0.0875192 0.0782508 0.993028
1311867277.081265 -0.0239824  0.0535221   0.348538 0.0124559 0.0875937 0.0781511 0.993008
1311867277.116824 -0.023632 0.0539381    0.3427 0.012856 0.0875904 0.0786344 0.992965
1311867277.148834 -0.0255608  0.0517463    0.34469 0.0144635 0.0888598 0.0789317 0.992806
1311867277.180831 -0.0285459  0.0506654   0.342791 0.016383 0.090152 0.0784269 0.9927
1311867277.216967 -0.0304482  0.0513574   0.338611 0.0176606 0.0909015 0.0780715 0.992638
1311867277.248926 -0.0305154  0.0520052   0.334386 0.0177179 0.0916514 0.078595 0.992527
1311867277.280849 -0.0306925  0.0508058   0.331812 0.0174868 0.0916634 0.0786226 0.992527
1311867277.316929 -0.0329546  0.0497011   0.330146 0.0179811 0.091386 0.0779353 0.992598
1311867277.349051 -0.0370139  0.0497085   0.329499 0.0190516 0.0919326 0.0772942 0.992578
1311867277.384209 -0.0401445  0.0496396   0.325429 0.0186779 0.0915053 0.0778357 0.992582
1311867277.416922 -0.0429633  0.0493903   0.324298 0.0171576 0.0913438 0.0775191 0.992649
1311867277.450161 -0.0364939  0.0519565   0.320013 0.0170336 0.0901699 0.0767216 0.992821
1311867277.480901 -0.0349525  0.0520491   0.317607 0.0177458 0.0902765 0.0760525 0.99285
1311867277.517078 -0.0370307   0.057235   0.310776 0.0182965 0.0920703 0.0754737 0.992719
1311867277.548828 -0.0394973  0.0566551   0.310168 0.0162651 0.0946356 0.07477 0.992567
1311867277.580920 -0.0340101  0.0567493    0.30699 0.0163717 0.0927333 0.0746128 0.992756
1311867277.616897 -0.0348388  0.0590105   0.302372 0.0166372 0.0927304 0.0748691 0.992733
1311867277.649076 -0.0391433  0.0603554   0.300118 0.0148481 0.0939877 0.0752131 0.992617
1311867277.681057 -0.0354463  0.0578183    0.30044 0.0128774 0.0926343 0.0751424 0.992777
1311867277.717139 -0.0330891  0.0552982   0.300755 0.0131864 0.0915132 0.0749749 0.99289
1311867277.748909 -0.0347417  0.0557484   0.298076 0.0142443 0.0918615 0.0751455 0.99283
1311867277.784818 -0.0331724  0.0566828    0.29228 0.0151486 0.0909118 0.0749526 0.992919
1311867277.816868 -0.0341065  0.0553701   0.290696 0.0164304 0.0902943 0.0742279 0.993009
1311867277.848906 -0.0377579   0.057662   0.285929 0.0180516 0.0905006 0.0741981 0.992964
1311867277.884896 -0.0372759  0.0608824   0.277494 0.0177962 0.0894574 0.0744825 0.993042
1311867277.916858 -0.0373243   0.059029   0.275696 0.0165296 0.0886003 0.0738741 0.993186
1311867277.948933 -0.0370003  0.0590261   0.273835 0.0169742 0.0872242 0.0728444 0.993377
1311867277.985092 -0.0394108  0.0610294   0.266711 0.0165461 0.0873654 0.0711459 0.993495
1311867278.016848 -0.043471 0.0617395  0.262633 0.0147741 0.0881166 0.069648 0.993562
1311867278.049001 -0.0464748  0.0619618   0.259802 0.0127326 0.0879823 0.069073 0.993643
1311867278.084826 -0.0458811  0.0613177   0.257519 0.0112858 0.0871015 0.068759 0.99376
1311867278.116862 -0.0464625  0.0655276   0.250764 0.0107531 0.0866845 0.0689347 0.99379
1311867278.149018 -0.0477343  0.0640647   0.247779 0.00818184 0.0867512 0.0696114 0.993761
1311867278.184865 -0.0450996  0.0657106   0.242261 0.00748647 0.0858241 0.0704725 0.993787
1311867278.216940 -0.0472279  0.0648841   0.239955 0.00619809 0.0869854 0.0706252 0.993684
1311867278.248940 -0.0494782  0.0655345   0.235563 0.00439983 0.0876477 0.0710288 0.993606
1311867278.284908 -0.0475642  0.0643999   0.233691 0.00248806 0.0873143 0.0712971 0.993623
1311867278.317404 -0.0468456  0.0651243   0.230931 0.00256583 0.086889 0.0711134 0.993673
1311867278.349011 -0.0525281  0.0678247   0.225718 0.00168893 0.0887518 0.0705662 0.99355
1311867278.384931 -0.0538367  0.0674629   0.224329 -0.00126977 0.0901984 0.0697656 0.993476
1311867278.416856 -0.048896 0.0667978  0.220996 -0.0028495 0.0890897 0.0695111 0.993591
1311867278.448914 -0.0523657  0.0682212   0.217298 -0.00360586 0.0909913 0.0688818 0.99346
1311867278.485032 -0.0599453  0.0705548    0.21508 -0.00626823 0.0945756 0.0683173 0.993151
1311867278.516899 -0.0608646  0.0701153   0.212493 -0.0109698 0.0961932 0.0690316 0.992905
1311867278.549265 -0.0609452  0.0667019   0.211882 -0.0147264 0.0969143 0.0703717 0.992693
1311867278.584923 -0.0604068   0.066279   0.209579 -0.0158199 0.0969939 0.0713921 0.992595
1311867278.616874 -0.0660444   0.066668   0.206018 -0.0172983 0.0996924 0.0716704 0.992283
1311867278.649080 -0.0682792  0.0633247   0.206643 -0.0201144 0.102326 0.0720879 0.991932
1311867278.684905 -0.0668882  0.0610422   0.205191 -0.0200043 0.101888 0.0728163 0.991926
1311867278.717052 -0.0715943  0.0618674   0.203354 -0.0190244 0.103154 0.072942 0.991805
1311867278.749117 -0.0751213  0.0645533   0.195115 -0.0201421 0.104446 0.0736108 0.991598
1311867278.785013 -0.0735786  0.0598461   0.195936 -0.0229247 0.104019 0.0745472 0.991513
1311867278.816933 -0.0734667  0.0605426   0.194789 -0.0208882 0.103255 0.0753604 0.991576
1311867278.848909 -0.0759823  0.0616034   0.185942 -0.0208502 0.103085 0.0766109 0.991499
1311867278.884953 -0.0766476   0.061326   0.183438 -0.0229912 0.103009 0.0767369 0.991449
1311867278.916959 -0.0713146  0.0576237   0.186541 -0.0223983 0.100708 0.0766724 0.991704
1311867278.949082 -0.0749148  0.0592586   0.183636 -0.0189503 0.101897 0.075658 0.991733
1311867278.985050 -0.077479  0.062158   0.17409 -0.0185093 0.10306 0.0756129 0.991624
1311867279.016951 -0.0812379  0.0577437   0.176638 -0.020766 0.104063 0.0753544 0.991494
1311867279.049207 -0.0796736  0.0558297    0.17706 -0.0197791 0.103182 0.0752219 0.991617
1311867279.085000 -0.084779 0.0578948  0.172027 -0.018003 0.105616 0.0747153 0.991433
1311867279.117024 -0.0854556  0.0570236   0.166868 -0.0186009 0.106453 0.0747243 0.991331
1311867279.149152 -0.0848689  0.0541321   0.165967 -0.0186712 0.105901 0.0745937 0.991399
1311867279.185056 -0.0829594   0.053128   0.163301 -0.0166737 0.105209 0.0750605 0.991473
1311867279.216910 -0.086435 0.0551598   0.15814 -0.0153121 0.107663 0.0753854 0.991207
1311867279.249252 -0.0886293  0.0534632   0.155732 -0.0160286 0.108964 0.0759364 0.991011
1311867279.284982 -0.0861179  0.0524716   0.154675 -0.0145966 0.10697 0.0769891 0.991169
1311867279.317001 -0.0882415  0.0511399   0.152877 -0.0135383 0.107764 0.0778859 0.991028
1311867279.349109 -0.0881735  0.0504841   0.147532 -0.0127749 0.107683 0.0797022 0.990903
1311867279.385350 -0.088389 0.0494456  0.146506 -0.0112903 0.1078 0.0800931 0.990877
1311867279.417132 -0.0877933  0.0494838   0.143002 -0.0085068 0.107697 0.0806732 0.990869
1311867279.448972 -0.0929161  0.0498499   0.138119 -0.00731643 0.10983 0.0813547 0.990588
1311867279.485178 -0.0936865   0.048761   0.135481 -0.00761775 0.109729 0.0821424 0.990532
1311867279.517352 -0.0918641  0.0482601   0.134156 -0.0057569 0.109233 0.0816654 0.990639
1311867279.549112 -0.0961135  0.0491424   0.129559 -0.00418738 0.111353 0.081357 0.990436
1311867279.585000 -0.0991537  0.0517991   0.123166 -0.0037707 0.112502 0.0812547 0.990317
1311867279.617658 -0.0989913  0.0499751   0.121434 -0.0035974 0.112948 0.0808639 0.990298
1311867279.649149 -0.100575 0.0502932  0.120115 -0.00208858 0.113624 0.0806268 0.990245
1311867279.685122 -0.102431 0.0503287  0.116875 -0.0021448 0.11411 0.0809873 0.990159
1311867279.717608 -0.100736 0.0490896  0.115193 -0.00161566 0.113629 0.0804992 0.990255
1311867279.749168 -0.0994335  0.0493137   0.114286 0.000585425 0.113247 0.0792753 0.990399
1311867279.785184 -0.102394 0.0506414  0.107173 0.00182165 0.113483 0.0788967 0.990401
1311867279.817277  -0.10332 0.0491864  0.105229 0.00167977 0.112922 0.0787434 0.990477
1311867279.849225 -0.103582 0.0482083  0.103385 0.00320694 0.112386 0.0776816 0.990618
1311867279.885430 -0.107561 0.0480193  0.100072 0.00450064 0.112953 0.0770487 0.990598
1311867279.917304 -0.106538 0.0501824 0.0926959 0.00461714 0.11084 0.0775354 0.990798
1311867279.952401 -0.100298 0.0465307  0.090177 0.00425477 0.107602 0.0777157 0.991143
1311867279.985229 -0.101113  0.045767  0.087365 0.00629631 0.106882 0.0773145 0.991241
1311867280.018481 -0.100844 0.0476331 0.0802466 0.00749203 0.105567 0.0771651 0.991385
1311867280.049281 -0.0969099   0.044508  0.0788466 0.00838888 0.103192 0.076982 0.991643
1311867280.085300 -0.100878 0.0446658  0.077732 0.011568 0.102863 0.0754154 0.991765
1311867280.117762  -0.10405 0.0467938  0.070333 0.0122921 0.102072 0.0751708 0.991857
1311867280.149143 -0.0992996  0.0448761  0.0673338 0.0121421 0.0994326 0.0754257 0.992107
1311867280.185202 -0.098491 0.0443156 0.0652518 0.0151428 0.098594 0.0749738 0.992184
1311867280.218467 -0.101543 0.0463712 0.0579602 0.0166939 0.0983819 0.0751139 0.992169
1311867280.249139 -0.0971632  0.0444233  0.0551568 0.0168895 0.0958911 0.0749345 0.992424
1311867280.285235 -0.0962372  0.0441161  0.0535858 0.0205087 0.095216 0.0741557 0.992479
1311867280.317120 -0.099369 0.0477455 0.0450193 0.0226569 0.0952993 0.0743759 0.992408
1311867280.349364 -0.0957414  0.0444787  0.0463634 0.023681 0.092996 0.0745348 0.99259
1311867280.384986 -0.0971686  0.0455314  0.0451626 0.0271154 0.0925055 0.074298 0.992566
1311867280.417089 -0.098204 0.0452092 0.0414639 0.0277945 0.0921046 0.0740046 0.992606
1311867280.449359 -0.0969243  0.0442989  0.0395613 0.0298427 0.0908585 0.0735797 0.992693
1311867280.485243 -0.0984307  0.0443922  0.0370041 0.0325199 0.0900663 0.0732531 0.992706
1311867280.517164 -0.100391 0.0455697 0.0329744 0.0343059 0.0897391 0.0728186 0.992707
1311867280.549209 -0.0994395  0.0438776   0.031159 0.0355024 0.0887256 0.0719786 0.992817
1311867280.585098 -0.0992392  0.0442809  0.0277318 0.0381087 0.0886886 0.0717282 0.992742
1311867280.619113 -0.102222 0.0462999 0.0237587 0.0397932 0.0892234 0.07215 0.992598
1311867280.649186 -0.103326   0.04572 0.0214527 0.0399299 0.0886769 0.0725736 0.99261
1311867280.685076 -0.104594 0.0444578 0.0219066 0.0411314 0.0885085 0.073021 0.992543
1311867280.717291 -0.106162 0.0470427 0.0180961 0.0425082 0.0876041 0.073951 0.992497
1311867280.749156  -0.10501 0.0468232 0.0160527 0.04278 0.0861847 0.0745056 0.992568
1311867280.785051 -0.105556 0.0459471 0.0146289 0.0436533 0.0854685 0.0752634 0.992535
1311867280.817244 -0.105106 0.0459418 0.0121014 0.0445955 0.0846963 0.0758226 0.992516
1311867280.849336  -0.105543  0.0465238 0.00995027 0.0460886 0.0845672 0.0760796 0.992439
1311867280.885032  -0.106831  0.0485377 0.00570064 0.047584 0.0845203 0.0763625 0.992351
1311867280.917146  -0.105859  0.0487771 0.00372297 0.0490224 0.0840983 0.0761631 0.992332
1311867280.949429   -0.106339   0.0489363 0.000704907 0.0502411 0.0841067 0.0764467 0.992249
1311867280.985057   -0.107619   0.0479102 -0.00041199 0.0516439 0.0844846 0.0764455 0.992145
1311867281.017255   -0.107527   0.0508581 -0.00561731 0.0534582 0.0842637 0.076684 0.992049
1311867281.049159    -0.10903   0.0516554 -0.00798993 0.0545974 0.0847642 0.0770252 0.991918
1311867281.085147 -0.109802 0.0520069 -0.009936 0.0562886 0.0840552 0.0772258 0.991868
1311867281.117112  -0.108607  0.0533915 -0.0123744 0.0588914 0.0830053 0.07705 0.991819
1311867281.149430 -0.109326 0.0542977 -0.016133 0.0599201 0.0833679 0.0774085 0.991699
1311867281.185052  -0.109493  0.0540103 -0.0169901 0.0618818 0.0828667 0.0769432 0.991657
1311867281.217252  -0.112088  0.0542646 -0.0188511 0.0643895 0.0828846 0.0766505 0.991518
1311867281.250106  -0.114332  0.0548119 -0.0220092 0.0650832 0.0829092 0.0765628 0.991478
1311867281.285102  -0.114532  0.0550395 -0.0240698 0.0661272 0.0823913 0.0760567 0.991491
1311867281.317215  -0.112567  0.0564015 -0.0263165 0.0690123 0.0813847 0.0752727 0.991437
1311867281.349217  -0.117681  0.0571142 -0.0302787 0.0695682 0.0833103 0.0756933 0.991206
1311867281.385101  -0.118369  0.0572123 -0.0320267 0.0696051 0.0836976 0.0754749 0.991188
1311867281.417074  -0.117905  0.0564595 -0.0330945 0.0710146 0.0830273 0.0752052 0.991165
1311867281.449183  -0.121698  0.0600992 -0.0379798 0.0724794 0.0844344 0.0753386 0.99093
1311867281.485107  -0.122122  0.0596936 -0.0398461 0.0716165 0.0850917 0.0752295 0.990944
1311867281.517167  -0.122519  0.0590713 -0.0411838 0.0725888 0.0856699 0.0748333 0.990854
1311867281.549207 -0.124735 0.0624777 -0.045202 0.073931 0.086749 0.075254 0.990629
1311867281.585193 -0.127551 0.0634724 -0.047565 0.0733436 0.0881591 0.0755688 0.990524
1311867281.617286  -0.126734  0.0644391 -0.0504715 0.0741106 0.087935 0.075359 0.990503
1311867281.649274  -0.129346  0.0657044 -0.0528603 0.0745822 0.0893895 0.075382 0.990336
1311867281.685142  -0.131314   0.066617 -0.0547378 0.0736148 0.0903656 0.0754206 0.990316
1311867281.717170  -0.130832  0.0665074 -0.0554744 0.0735646 0.0902272 0.0745741 0.990397
1311867281.749309  -0.132382  0.0677538 -0.0573097 0.0743833 0.0911582 0.074017 0.990292
1311867281.785115  -0.136007  0.0669214 -0.0582932 0.0724579 0.0935266 0.0733561 0.990263
1311867281.817105  -0.136484  0.0661221 -0.0586651 0.0717923 0.0937497 0.0724119 0.99036
1311867281.849170  -0.138709  0.0671011 -0.0600809 0.0719134 0.0946727 0.07187 0.990303
1311867281.885079  -0.140383  0.0677598 -0.0613554 0.0711992 0.0955968 0.0713296 0.990305
1311867281.917153  -0.140089  0.0659101 -0.0614279 0.0709508 0.0954786 0.0700645 0.990425
1311867281.949198  -0.142255  0.0661659 -0.0625436 0.0720026 0.0969833 0.0685006 0.990312
1311867281.985074  -0.146751  0.0688438 -0.0647298 0.0722242 0.098657 0.0678223 0.990177
1311867282.017320  -0.145408  0.0674581 -0.0646589 0.0717305 0.0973226 0.0670558 0.990397
1311867282.049154  -0.146922  0.0683674 -0.0659423 0.0732598 0.097933 0.0658495 0.990306
1311867282.085212  -0.151912  0.0725633 -0.0691264 0.0745092 0.100362 0.0648509 0.990035
1311867282.117596  -0.152311  0.0704872 -0.0696776 0.0734782 0.100359 0.0643604 0.990145
1311867282.154864  -0.152031  0.0695696 -0.0704957 0.0744001 0.0999438 0.0634806 0.990175
1311867282.188493  -0.157402  0.0705274 -0.0732469 0.0750238 0.10275 0.0630024 0.989871
1311867282.219908  -0.158783  0.0704782 -0.0748321 0.0745808 0.103778 0.0630416 0.989795
1311867282.253156   -0.15709  0.0713624 -0.0772464 0.0756983 0.102548 0.0632462 0.989825
1311867282.288070  -0.159532  0.0733782 -0.0790734 0.076689 0.103033 0.0634301 0.989687
1311867282.322429  -0.159739  0.0759279 -0.0817789 0.0773103 0.102575 0.0637201 0.989667
1311867282.350083   -0.16179  0.0744187 -0.0820341 0.0769812 0.102748 0.0638445 0.989667
1311867282.390746  -0.161395  0.0738162 -0.0823945 0.0772794 0.102014 0.0641657 0.989699
1311867282.417372  -0.162466  0.0761771 -0.0854479 0.0777823 0.101867 0.0646716 0.989642
1311867282.449215  -0.162382  0.0754573 -0.0862876 0.0776569 0.101186 0.0647976 0.989713
1311867282.485251 -0.163469 0.0770504  -0.08822 0.0786562 0.101501 0.0647528 0.989605
1311867282.517375  -0.165874  0.0789119 -0.0902836 0.0781809 0.101831 0.0653241 0.989571
1311867282.549242  -0.165016  0.0772873 -0.0904886 0.0769804 0.10043 0.0655359 0.989794
1311867282.585190  -0.165286  0.0800453 -0.0934726 0.0781304 0.100289 0.065167 0.989743
1311867282.617188  -0.169607  0.0798618 -0.0935996 0.0767894 0.102941 0.0647545 0.989603
1311867282.649230  -0.168947  0.0791072 -0.0955733 0.0761263 0.102589 0.0650433 0.989672
1311867282.685172  -0.170188   0.079069 -0.0958687 0.0765535 0.103324 0.0649344 0.989569
1311867282.717391    -0.1709  0.0807708 -0.0972664 0.0761113 0.103988 0.0654627 0.989499
1311867282.749855  -0.170226  0.0817172 -0.0977252 0.0760282 0.103513 0.0663649 0.989495
1311867282.785198  -0.170447  0.0824376 -0.0982787 0.0761353 0.103212 0.0676301 0.989433
1311867282.817434   -0.17067  0.0831268 -0.0993557 0.0754581 0.10302 0.0689835 0.989411
1311867282.849193  -0.168567  0.0808144 -0.0996906 0.0750297 0.103275 0.0692584 0.989398
1311867282.885734 -0.171959 0.0807107 -0.101247 0.0764723 0.105791 0.069395 0.989012
1311867282.917314 -0.175835 0.0819211  -0.10431 0.0772301 0.107547 0.0697171 0.988741
1311867282.950235 -0.175578  0.081343   -0.1055 0.0776486 0.107755 0.0696757 0.988688
1311867282.985476 -0.174907 0.0824661 -0.107358 0.0794798 0.108376 0.069915 0.988458
1311867283.017555 -0.175906 0.0858869 -0.110507 0.0812217 0.10863 0.0707819 0.988227
1311867283.049392 -0.176174 0.0869026 -0.112022 0.0808525 0.108588 0.0716436 0.9882
1311867283.085258 -0.174995 0.0856596 -0.112411 0.0811787 0.10836 0.0718688 0.988182
1311867283.117441 -0.175607 0.0872761 -0.113833 0.0821985 0.108372 0.0722367 0.988069
1311867283.149532 -0.176107 0.0875059 -0.114809 0.0807727 0.108423 0.0722933 0.988177
1311867283.185409 -0.177391 0.0864282 -0.115709 0.0807666 0.109327 0.0717267 0.988119
1311867283.217286 -0.177937 0.0884305 -0.115693 0.0820939 0.109469 0.0713461 0.988022
1311867283.249357 -0.179808 0.0892797 -0.116575 0.0803335 0.110195 0.0710803 0.988105
1311867283.285375 -0.179741  0.088075 -0.116004 0.0795678 0.109862 0.0710844 0.988204
1311867283.317623 -0.181265  0.089632 -0.117138 0.0801829 0.109819 0.0711699 0.988153
1311867283.349796 -0.181534 0.0912781 -0.118413 0.0798703 0.109276 0.0711381 0.98824
1311867283.385222 -0.181607 0.0915418 -0.119376 0.0789836 0.109224 0.0711519 0.988316
1311867283.417308 -0.182407 0.0911322 -0.119718 0.0788935 0.109597 0.0712792 0.988273
1311867283.449265 -0.183345 0.0920966 -0.120441 0.0791993 0.109604 0.0718097 0.988209
1311867283.485337 -0.185563 0.0918671 -0.120831 0.0773946 0.110083 0.0726697 0.988236
1311867283.517216 -0.183625 0.0874506 -0.118977 0.0748158 0.108325 0.0733084 0.988582
1311867283.549561 -0.182638 0.0885665 -0.119935 0.0751306 0.107269 0.0731788 0.988683
1311867283.585388 -0.183122  0.089091 -0.120654 0.0740329 0.107172 0.0730067 0.988789
1311867283.617318 -0.182976  0.087905 -0.120525 0.0736685 0.107255 0.0719074 0.988888
1311867283.649382 -0.183552 0.0875504 -0.120997 0.0742652 0.107447 0.0714409 0.988856
1311867283.685288  -0.18226 0.0890232 -0.123507 0.0751638 0.105967 0.0716665 0.988931
1311867283.717915 -0.178395 0.0864973 -0.123035 0.0749802 0.103514 0.0718543 0.989192
1311867283.749208 -0.180368 0.0870189 -0.124201 0.0762604 0.104242 0.0711444 0.989068
1311867283.785317 -0.182235 0.0879195 -0.126046 0.0761894 0.105402 0.0709169 0.988967
1311867283.817413 -0.181949 0.0873019 -0.126342 0.0756065 0.105171 0.0708619 0.989041
1311867283.849452 -0.179499  0.085999 -0.126501 0.0756986 0.104016 0.0707452 0.989164
1311867283.885346  -0.18059 0.0870908 -0.127918 0.0758723 0.104722 0.0705133 0.989093
1311867283.917540 -0.180273 0.0873053 -0.128496 0.0749536 0.105033 0.0701249 0.989158
1311867283.949890 -0.179274 0.0876418 -0.128593 0.0751 0.104879 0.0698662 0.989181
1311867283.985663 -0.179181 0.0900092 -0.129917 0.0753929 0.10483 0.0699974 0.989155
1311867284.017300 -0.179638 0.0902838 -0.130252 0.0737791 0.105367 0.0703919 0.989191
1311867284.049779 -0.176781 0.0880729 -0.130087 0.0725902 0.104547 0.0701943 0.98938
1311867284.085373 -0.176896 0.0885988 -0.130043 0.0738776 0.105414 0.069988 0.989208
1311867284.117504 -0.177751 0.0903586  -0.13127 0.0741999 0.105795 0.0701997 0.989128
1311867284.149411 -0.174716 0.0874783 -0.130812 0.0741454 0.104302 0.0703422 0.98928
1311867284.187489 -0.175887 0.0891561 -0.132071 0.0766151 0.104791 0.0705302 0.989027
1311867284.217337 -0.176199  0.089876 -0.133289 0.0767855 0.104916 0.0709386 0.988971
1311867284.249431 -0.174579 0.0883489 -0.132991 0.0773426 0.103996 0.0709033 0.989028
1311867284.285316 -0.174921 0.0886138 -0.133745 0.0784703 0.103735 0.0709532 0.988963
1311867284.317835 -0.175025   0.08854 -0.135726 0.0784026 0.103632 0.0709588 0.988978
1311867284.349424  -0.17336 0.0867516 -0.135553 0.0794127 0.102666 0.0708876 0.989004
1311867284.385433   -0.1743 0.0864762 -0.136913 0.0803644 0.102996 0.0710188 0.988883
1311867284.417580 -0.172954 0.0881132 -0.137681 0.0815271 0.101715 0.071339 0.988897
1311867284.449514 -0.173062 0.0868463  -0.13796 0.0819406 0.101351 0.0711901 0.988911
1311867284.485419 -0.175448 0.0880686 -0.138955 0.0823642 0.102522 0.0709885 0.98877
1311867284.517730 -0.175176 0.0882827 -0.139521 0.0819061 0.10226 0.0707 0.988856
1311867284.549454 -0.175423 0.0867587 -0.139051 0.081507 0.102773 0.0694467 0.988924
1311867284.585418 -0.176716 0.0874134 -0.139704 0.0822227 0.103442 0.0688062 0.98884
1311867284.617494 -0.177972 0.0861769 -0.139704 0.0808413 0.104176 0.068188 0.98892
1311867284.649523 -0.178123 0.0852453 -0.139698 0.0808295 0.105199 0.0667976 0.988907
1311867284.685378 -0.181324 0.0864856 -0.140753 0.0821217 0.106518 0.0667515 0.988663
1311867284.717486 -0.182512   0.08779 -0.141844 0.0816467 0.1063 0.0672447 0.988692
1311867284.749751 -0.180833 0.0861481 -0.141607 0.0813223 0.105745 0.0669124 0.988801
1311867284.785409   -0.1825 0.0867842 -0.142328 0.0827197 0.106995 0.0669567 0.988548
1311867284.818692 -0.183134 0.0877434 -0.143403 0.0822877 0.10732 0.0675569 0.988508
1311867284.849277 -0.182081 0.0843417 -0.142472 0.0817282 0.106498 0.0676837 0.988634
1311867284.885385 -0.183124 0.0857806 -0.143774 0.0835715 0.106712 0.0678101 0.988448
1311867284.917461 -0.183908 0.0864831 -0.144148 0.0829782 0.107738 0.0681075 0.988367
1311867284.949247   -0.1837 0.0851724  -0.14339 0.0833789 0.107713 0.0683692 0.988318
1311867284.985258 -0.184298 0.0865426 -0.143872 0.0841035 0.107964 0.0688173 0.988198
1311867285.017539 -0.184876 0.0871218 -0.143522 0.0830019 0.108493 0.0696268 0.988176
1311867285.049368 -0.183105 0.0870634 -0.142641 0.0826163 0.108269 0.0694218 0.988247
1311867285.085326 -0.183102 0.0883765 -0.141854 0.0833815 0.109101 0.0695169 0.988085
1311867285.117712 -0.185024 0.0905474 -0.141484 0.0826756 0.110546 0.070025 0.987948
1311867285.150212 -0.183527 0.0884575 -0.139817 0.0809078 0.11052 0.0699526 0.988102
1311867285.185580 -0.182399 0.0895991 -0.139391 0.0815376 0.110141 0.0703137 0.988067
1311867285.218761 -0.182439 0.0913114 -0.139093 0.0808339 0.110392 0.0707474 0.988066
1311867285.249366 -0.182858 0.0889651 -0.136803 0.0787974 0.110897 0.071156 0.988145
1311867285.285362 -0.181549 0.0885639 -0.135766 0.078616 0.110346 0.0711326 0.988222
1311867285.317503 -0.181932 0.0896802 -0.135363 0.0784229 0.110423 0.0713361 0.988214
1311867285.349345 -0.179701 0.0892878 -0.134404 0.0772273 0.109163 0.0715573 0.988433
1311867285.385541 -0.178674 0.0881103 -0.133513 0.0775146 0.10899 0.0713675 0.988443
1311867285.417581 -0.179633 0.0891651 -0.134093 0.0777243 0.109509 0.0719024 0.98833
1311867285.449284 -0.179262 0.0887101 -0.133949 0.077321 0.109054 0.0720181 0.988404
1311867285.485380 -0.179169  0.087972 -0.134315 0.0781211 0.109007 0.0714995 0.988384
1311867285.517648 -0.180204 0.0894597 -0.135532 0.0791091 0.109836 0.0715086 0.988213
1311867285.549451 -0.180121 0.0896331 -0.136036 0.0785572 0.109591 0.0716018 0.988277
1311867285.585574 -0.179687 0.0875824 -0.135699 0.0792263 0.108988 0.071082 0.988328
1311867285.617551 -0.182015 0.0901834 -0.137559 0.0801232 0.109859 0.0712835 0.988145
1311867285.649403 -0.182037 0.0885679 -0.137484 0.0790148 0.110429 0.0710203 0.988189
1311867285.685653 -0.180468 0.0877542 -0.137327 0.0800794 0.109683 0.0710801 0.988182
1311867285.717719 -0.181829  0.089129 -0.138565 0.0802323 0.109782 0.0716659 0.988117
1311867285.749708 -0.181197 0.0878502 -0.138674 0.0792906 0.109691 0.0715921 0.988208
1311867285.785478 -0.181347 0.0878584 -0.138837 0.0795775 0.109552 0.0716842 0.988194
1311867285.817971 -0.181425 0.0898291 -0.139615 0.0794215 0.109172 0.0720401 0.988223
1311867285.849628 -0.182178 0.0882333 -0.138261 0.0781146 0.110261 0.0721049 0.988201
1311867285.885286 -0.184118 0.0889477 -0.138704 0.0785031 0.111153 0.07224 0.988061
1311867285.918737 -0.186686 0.0903205   -0.1372 0.0774358 0.112025 0.0728098 0.988004
1311867285.949513 -0.184318 0.0894305  -0.13638 0.0758404 0.110709 0.0731538 0.988251
1311867285.985836 -0.183544 0.0895372  -0.13621 0.0763768 0.110604 0.0731276 0.988224
1311867286.018456 -0.184113 0.0915407 -0.137153 0.0765311 0.111059 0.0734691 0.988135
1311867286.049422 -0.182764  0.090902 -0.136942 0.0761753 0.110365 0.0736592 0.988226
1311867286.085402 -0.182249 0.0898972 -0.136972 0.0768575 0.110378 0.0735629 0.988179
1311867286.124098 -0.182156 0.0927068 -0.139127 0.0778137 0.110003 0.0740427 0.98811
1311867286.150632 -0.181242 0.0911755  -0.13876 0.077562 0.109876 0.0739243 0.988153
1311867286.185759 -0.181509 0.0904221 -0.138847 0.0782664 0.110387 0.0740505 0.988031
1311867286.217983 -0.182679 0.0913569 -0.139756 0.0784506 0.111142 0.074297 0.987913
1311867286.252521  -0.18262 0.0896454  -0.13962 0.0776527 0.111632 0.0746946 0.987891
1311867286.286163 -0.182145 0.0895564 -0.139998 0.0784868 0.111339 0.075238 0.987817
1311867286.320349 -0.183708 0.0928851 -0.141955 0.0795947 0.112233 0.0753065 0.987622
1311867286.352378 -0.185389 0.0928201  -0.14212 0.0783242 0.113649 0.0758789 0.987518
1311867286.385563 -0.185051 0.0904616 -0.140885 0.0769407 0.114237 0.075836 0.987562
1311867286.417777 -0.183601 0.0909543 -0.141267 0.0765873 0.115367 0.0751266 0.987512
1311867286.449420 -0.186588 0.0896621 -0.139935 0.0740947 0.119462 0.0749464 0.987229
1311867286.485571  -0.18691 0.0886387 -0.139165 0.0731365 0.120113 0.0755811 0.987173
1311867286.519022 -0.187263 0.0893664 -0.139222 0.0736284 0.120188 0.0754255 0.98714
1311867286.551199 -0.188256 0.0905848 -0.139684 0.0728087 0.120715 0.0757846 0.987109
1311867286.585520 -0.187545 0.0889483  -0.13903 0.0714432 0.120397 0.0765254 0.98719
1311867286.619073 -0.187075 0.0879564 -0.138989 0.0718126 0.120521 0.0765974 0.987143
1311867286.649991   -0.1886 0.0902226 -0.139413 0.0723269 0.121761 0.0768026 0.986937
1311867286.685643 -0.189827 0.0903802 -0.139058 0.0703253 0.122107 0.077505 0.986984
1311867286.717616 -0.189271 0.0887608  -0.13795 0.0692798 0.121123 0.0774236 0.987185
1311867286.749549 -0.188982 0.0898614 -0.138228 0.0696707 0.120526 0.077784 0.987203
1311867286.785646 -0.189763 0.0897706 -0.138327 0.069577 0.120858 0.0785941 0.987105
1311867286.817626 -0.188513 0.0887956 -0.137539 0.0701028 0.119835 0.0789471 0.987164
1311867286.853582 -0.189202  0.090321 -0.138341 0.071379 0.12035 0.0784943 0.987046
1311867286.886815 -0.192672 0.0897119 -0.137158 0.0701045 0.123959 0.0783579 0.986701
1311867286.917438 -0.195353 0.0877581 -0.137682 0.0692318 0.126054 0.0785683 0.986481
1311867286.954361 -0.194536 0.0868222 -0.136858 0.0708599 0.125736 0.07863 0.986401
1311867286.985412 -0.199333 0.0879295 -0.138477 0.0716716 0.128126 0.0784738 0.986047
1311867287.017431 -0.199235 0.0880817 -0.138673 0.0708755 0.128117 0.0793006 0.98604
1311867287.054702 -0.198092 0.0860268 -0.137858 0.0708685 0.127488 0.0784522 0.986189
1311867287.085686  -0.19749 0.0869903 -0.138039 0.0726767 0.128201 0.0774121 0.986048
1311867287.117817 -0.199477 0.0884367 -0.139022 0.0734102 0.129196 0.0775933 0.985849
1311867287.153705 -0.197956 0.0869997  -0.13855 0.0729794 0.127726 0.0775187 0.986079
1311867287.187445 -0.198529 0.0863057 -0.138519 0.0737166 0.127673 0.0781876 0.985978
1311867287.217558 -0.199257 0.0868909 -0.138591 0.0739825 0.126848 0.0796796 0.985945
1311867287.253668 -0.197727 0.0864456 -0.138495 0.0735002 0.125486 0.0797121 0.986153
1311867287.287011 -0.197138 0.0859561 -0.138507 0.0737188 0.125677 0.0797407 0.98611
1311867287.317563 -0.198502 0.0876819 -0.139005 0.0738394 0.126639 0.0801801 0.985942
1311867287.354094   -0.1975 0.0869329 -0.138715 0.0726493 0.126406 0.0793865 0.986124
1311867287.385542  -0.19774 0.0869991 -0.138497 0.0728289 0.126506 0.0788784 0.986139
1311867287.417576 -0.197439 0.0878678 -0.138768 0.0726373 0.126676 0.0792892 0.986098
1311867287.453529 -0.199028 0.0852913 -0.136689 0.0702469 0.127621 0.0790547 0.986169
1311867287.486720 -0.197955 0.0847796  -0.13698 0.07012 0.127102 0.0788365 0.986262
1311867287.517500 -0.198305 0.0855261 -0.137295 0.0705948 0.127384 0.0789618 0.986182
1311867287.553487 -0.197932 0.0849851 -0.137218 0.0705488 0.127421 0.0782874 0.986234
1311867287.586854 -0.197882 0.0857395 -0.138012 0.0710675 0.128363 0.0774848 0.986138
1311867287.617657 -0.199105 0.0848835 -0.137807 0.0699228 0.129226 0.0785251 0.986025
1311867287.653916 -0.197213 0.0844195 -0.137378 0.0693227 0.127135 0.0798204 0.986235
1311867287.687566  -0.19478 0.0837396 -0.137573 0.0696251 0.125948 0.0796975 0.986376
1311867287.717628 -0.196312 0.0843074 -0.137645 0.0705233 0.127169 0.0798991 0.986139
1311867287.755391 -0.196846 0.0845132 -0.137891 0.0704 0.127175 0.080161 0.986126
1311867287.787243 -0.195669 0.0828255 -0.137839 0.0703241 0.126338 0.0796832 0.986278
1311867287.826010  -0.1954 0.082608 -0.13801 0.0714596 0.125811 0.0794726 0.98628
1311867287.853651 -0.195894 0.0834963 -0.138881 0.0713011 0.125606 0.0794386 0.986321
1311867287.893111 -0.196337 0.0820052 -0.138362 0.0702308 0.125189 0.0786609 0.986513
1311867287.917571 -0.195756  0.080766 -0.138003 0.0715672 0.124518 0.0777525 0.986574
1311867287.953561 -0.198257 0.0834862 -0.139426 0.0722411 0.125247 0.0775515 0.986448
1311867287.986839 -0.199624 0.0820024 -0.137721 0.0694171 0.124814 0.0778606 0.986682
1311867288.017882 -0.198756 0.0788483 -0.135273 0.0683683 0.123244 0.0775654 0.986975
1311867288.053639 -0.198912 0.0814009 -0.136311 0.069738 0.122011 0.0777112 0.987021
1311867288.085418 -0.200571 0.0828023 -0.136684 0.0683322 0.12271 0.0774347 0.987055
1311867288.117594 -0.199977 0.0814533 -0.135737 0.0674356 0.122672 0.0764755 0.987196
1311867288.154082 -0.201931 0.0832645 -0.135772 0.0681734 0.122827 0.0767695 0.987103
1311867288.185455 -0.201442  0.084178 -0.135462 0.0660157 0.122301 0.0773321 0.987271
1311867288.217534 -0.198788 0.0816981 -0.133938 0.0648227 0.121529 0.0762537 0.987529
1311867288.253581 -0.198903 0.0827803 -0.134185 0.0664668 0.122075 0.075911 0.987379
1311867288.285472 -0.200298 0.0845145  -0.13474 0.0658289 0.122831 0.0765245 0.987281
1311867288.317583 -0.197754 0.0837987 -0.134235 0.064849 0.121695 0.0759481 0.987531
1311867288.353521 -0.197545 0.0837841 -0.133999 0.0655806 0.12186 0.075545 0.987493
1311867288.385883 -0.198221 0.0852141   -0.1347 0.0654957 0.12218 0.0760812 0.987418
1311867288.417761 -0.197237 0.0821951 -0.133566 0.0638687 0.122131 0.0759671 0.987539
1311867288.456019 -0.196775 0.0826713 -0.133761 0.0653441 0.122274 0.0757802 0.987439
1311867288.485465 -0.197052 0.0841131 -0.134806 0.0661985 0.122468 0.0765914 0.987296
1311867288.517689 -0.196048 0.0841718 -0.134772 0.0659688 0.121532 0.0769297 0.987401
1311867288.554472 -0.194495 0.0833611 -0.134747 0.0661909 0.120699 0.0769064 0.98749
1311867288.586600 -0.194386 0.0839508 -0.135024 0.0662351 0.121146 0.0774951 0.987386
1311867288.617541 -0.194152 0.0850974 -0.135537 0.0665123 0.120679 0.0778201 0.987399
1311867288.655102 -0.191752 0.0823279 -0.134286 0.0657534 0.119025 0.0777548 0.987656
1311867288.687379 -0.192408 0.0835611 -0.134642 0.0666244 0.119425 0.0778577 0.987541
1311867288.717702 -0.191204 0.0832969 -0.134798 0.066221 0.11935 0.0780475 0.987562
1311867288.756022  -0.19009 0.0818529 -0.134132 0.066299 0.118501 0.0780457 0.987659
1311867288.785509 -0.189976 0.0833522  -0.13438 0.0669261 0.117792 0.0784833 0.987667
1311867288.819223 -0.189056 0.0822991 -0.133489 0.0661382 0.116766 0.0783949 0.987849
1311867288.854331 -0.187896 0.0806156 -0.132962 0.0660385 0.115931 0.077937 0.98799
1311867288.885556 -0.188334 0.0816135 -0.133367 0.0668943 0.115893 0.0777171 0.987954
1311867288.917612 -0.188708 0.0816562 -0.133205 0.0670236 0.115234 0.0778693 0.988011
1311867288.954939 -0.187769 0.0805229 -0.132943 0.0671728 0.114417 0.0773633 0.988135
1311867288.985592 -0.188119 0.0822576 -0.133707 0.0683607 0.114997 0.0764856 0.988055
1311867289.017656 -0.189426   0.08201 -0.133718 0.0683144 0.11578 0.0759699 0.988006
1311867289.053512 -0.188784 0.0821871 -0.132256 0.0684024 0.114211 0.0762951 0.988158
1311867289.085511  -0.18792  0.081845 -0.132525 0.0682358 0.113089 0.0763068 0.988298
1311867289.117543  -0.18891 0.0824723 -0.132883 0.0688711 0.113653 0.0758945 0.98822
1311867289.154583 -0.188492 0.0829618  -0.13302 0.0686715 0.113647 0.0753481 0.988277
1311867289.185640 -0.189249 0.0837874 -0.132715 0.0685269 0.114061 0.0748442 0.988278
1311867289.218482 -0.189028 0.0829799 -0.132464 0.0682537 0.11399 0.0748078 0.988307
1311867289.255039 -0.189273 0.0839496 -0.132455 0.0684129 0.11439 0.0747046 0.988258
1311867289.285387 -0.189379 0.0841926 -0.132195 0.0675688 0.114545 0.0745375 0.988311
1311867289.317629 -0.188759 0.0835181 -0.131753 0.0672577 0.11438 0.0742745 0.988371
1311867289.353909 -0.188301 0.0842863 -0.132076 0.067832 0.115076 0.0737649 0.988289
1311867289.386185 -0.188549 0.0845709 -0.132503 0.0670908 0.116344 0.073821 0.988187
1311867289.417704 -0.188757 0.0822099 -0.131932 0.0666004 0.11706 0.0741176 0.988113
1311867289.453606 -0.188648 0.0829653 -0.132477 0.0682493 0.116726 0.0745457 0.988008
1311867289.485961 -0.189312  0.085372 -0.133582 0.0690115 0.116803 0.0757897 0.987851
1311867289.518318 -0.187001 0.0831668 -0.133572 0.0685273 0.116242 0.0760521 0.987931
1311867289.554869 -0.188291 0.0829839 -0.133152 0.0700892 0.117708 0.0759052 0.987659
1311867289.585613 -0.190004 0.0849011 -0.134369 0.0699085 0.118649 0.0768011 0.98749
1311867289.617649 -0.188238 0.0829507 -0.133822 0.068767 0.117793 0.0769778 0.987659
1311867289.653639 -0.187716 0.0822687 -0.133789 0.0703288 0.117942 0.0769104 0.987536
1311867289.685685 -0.190724 0.0840184 -0.135668 0.0718421 0.119866 0.0775592 0.987145
1311867289.720426 -0.190178 0.0843982 -0.137021 0.0729347 0.119991 0.0785878 0.986968
1311867289.756408 -0.189699 0.0837661 -0.137469 0.0747782 0.120272 0.0791504 0.986751
1311867289.785568 -0.190338 0.0865608 -0.139557 0.0767475 0.12039 0.0804922 0.986477
1311867289.824026  -0.19155 0.0873807 -0.140034 0.0761535 0.121053 0.0809204 0.986407
1311867289.854176  -0.18922  0.086662 -0.140317 0.0768841 0.120708 0.0805306 0.986425
1311867289.885568 -0.191497 0.0880106 -0.141247 0.078185 0.121589 0.0811804 0.986161
1311867289.920046 -0.191781 0.0893559 -0.141632 0.0780279 0.121776 0.0816937 0.986108
1311867289.953641 -0.191342 0.0890485 -0.141763 0.0781231 0.12203 0.0814728 0.986087
1311867289.985528 -0.191514 0.0899743 -0.142304 0.0786372 0.12277 0.0816703 0.985938
1311867290.020153 -0.192227 0.0915659 -0.142581 0.0773599 0.12277 0.0821611 0.985998
1311867290.053575 -0.191234 0.0907437 -0.142065 0.0764159 0.121689 0.0812071 0.986285
1311867290.085474 -0.191874 0.0918758 -0.142668 0.0767047 0.122089 0.0802815 0.986289
1311867290.124880 -0.192158 0.0918311 -0.142827 0.0755018 0.121971 0.0795567 0.986455
1311867290.153612 -0.190079 0.0904076  -0.14339 0.0749748 0.120737 0.0783161 0.986746
1311867290.185638 -0.190587   0.09086 -0.143963 0.0760557 0.120827 0.0773691 0.986727
1311867290.222529 -0.191364 0.0917652 -0.144857 0.0759679 0.121395 0.0769528 0.986697
1311867290.254027 -0.191515 0.0903966 -0.144643 0.0764458 0.121331 0.0762447 0.986723
1311867290.286994 -0.191743 0.0922542 -0.146157 0.0776888 0.121165 0.0763524 0.986638
1311867290.322046 -0.192253   0.09303 -0.146597 0.0768511 0.121617 0.076577 0.98663
1311867290.354777 -0.191506 0.0911213 -0.145785 0.0760348 0.121486 0.0763201 0.98673
1311867290.386415 -0.191409 0.0922439 -0.146499 0.076727 0.121467 0.0761971 0.986688
1311867290.421620 -0.191936 0.0927023 -0.146317 0.0756687 0.122423 0.0767636 0.986607
1311867290.457663 -0.191172 0.0913239 -0.145389 0.0752549 0.122831 0.0765219 0.986607
1311867290.485984 -0.193072 0.0926859 -0.146025 0.0761797 0.123595 0.0767951 0.98642
1311867290.522328 -0.192054 0.0936968 -0.146205 0.0752218 0.122824 0.078128 0.986485
1311867290.553706  -0.19013 0.0914863 -0.145585 0.0743414 0.121929 0.0781106 0.986664
1311867290.585554 -0.190245 0.0925442 -0.145705 0.0751899 0.122582 0.0778153 0.986542
1311867290.620155 -0.190332 0.0929739  -0.14575 0.0747718 0.123104 0.0780359 0.986491
1311867290.653602 -0.189166  0.091415 -0.145233 0.074654 0.122457 0.0778056 0.986599
1311867290.685718 -0.190873 0.0920224 -0.145538 0.0758669 0.123308 0.077749 0.986405
1311867290.725606 -0.191638 0.0933914 -0.145636 0.0754113 0.123429 0.0781877 0.98639
1311867290.753974 -0.190655 0.0921709  -0.14491 0.0746395 0.123191 0.0777903 0.98651
1311867290.786574 -0.191203 0.0922719 -0.144572 0.0751779 0.123667 0.0773175 0.986447
1311867290.823128 -0.191948 0.0937244   -0.1446 0.0746468 0.123903 0.0777744 0.986421
1311867290.855586 -0.191689 0.0924069 -0.143521 0.0737139 0.123705 0.0778917 0.986507
1311867290.887678 -0.192086 0.0922657 -0.142938 0.0739206 0.124168 0.0777852 0.986442
1311867290.922693 -0.193016 0.0932997 -0.142515 0.0740983 0.124429 0.0780312 0.986376
1311867290.953711 -0.193893 0.0930869 -0.141693 0.0734798 0.124355 0.0781699 0.986421
1311867290.990676  -0.19446 0.0910954   -0.1406 0.0725932 0.12461 0.0778937 0.986476
1311867291.023910 -0.195938 0.0921458  -0.14038 0.0730976 0.125101 0.0784217 0.986335
1311867291.055820 -0.196135 0.0919166 -0.139735 0.072092 0.124556 0.0784943 0.986472
1311867291.090338 -0.195836 0.0883114 -0.137145 0.0713784 0.12452 0.0777722 0.986586
1311867291.120272  -0.19856 0.0908261  -0.13757 0.0725801 0.125796 0.0778627 0.986329
1311867291.154182 -0.199176 0.0894999 -0.136626 0.0713119 0.12629 0.0780338 0.986345
1311867291.189179 -0.199195  0.088331 -0.135797 0.0716337 0.126091 0.0776845 0.986375
1311867291.221074  -0.20032  0.089401 -0.135844 0.0716431 0.126644 0.0775335 0.986315
1311867291.254380  -0.20102 0.0877962 -0.134663 0.070675 0.127817 0.0770981 0.986268
1311867291.287791 -0.200566 0.0880145 -0.134398 0.0713008 0.127992 0.0767761 0.986225
1311867291.321060 -0.202512 0.0886702 -0.134139 0.0711615 0.128811 0.0771628 0.986098
1311867291.354784 -0.201676 0.0878297 -0.133426 0.0701097 0.128536 0.0777255 0.986165
1311867291.387834 -0.200969 0.0875531 -0.132925 0.0700545 0.128804 0.0777796 0.98613
1311867291.422316 -0.202226 0.0886136 -0.132738 0.0701266 0.129933 0.0779543 0.985963
1311867291.453656 -0.202288 0.0881132 -0.132042 0.0690774 0.129875 0.0781391 0.98603
1311867291.488381 -0.201471 0.0874009  -0.13171 0.0689087 0.129788 0.0776862 0.986089
1311867291.520140 -0.202531 0.0878105 -0.131706 0.0692819 0.130863 0.078051 0.985892
1311867291.553645 -0.200814 0.0887273 -0.132478 0.0694686 0.129963 0.0786549 0.98595
1311867291.589498 -0.200686 0.0879735 -0.131912 0.0697285 0.130009 0.0788256 0.985912
1311867291.620673 -0.201003 0.0892458 -0.131979 0.0699447 0.130338 0.0792282 0.985821
1311867291.653970 -0.200543 0.0872972 -0.131454 0.0680993 0.130865 0.0796291 0.985848
1311867291.689647  -0.20044 0.0867251  -0.13109 0.0681919 0.130805 0.079726 0.985842
1311867291.720251 -0.201194 0.0881916  -0.13098 0.0681787 0.13096 0.0797762 0.985818
1311867291.753718 -0.200494 0.0873805 -0.130712 0.0667336 0.131443 0.0795651 0.98587
1311867291.788985 -0.201175 0.0870177 -0.130242 0.0669819 0.132125 0.079057 0.985802
1311867291.821719 -0.201398 0.0888212 -0.130371 0.0672479 0.131548 0.0795881 0.985819
1311867291.853864 -0.200085  0.087665  -0.13009 0.0663473 0.130209 0.0798225 0.986039
1311867291.887943 -0.199308 0.0882165 -0.130244 0.0670051 0.129301 0.0793936 0.986148
1311867291.920685 -0.199613 0.0882834 -0.130133 0.0666601 0.129196 0.0793065 0.986192
1311867291.953720 -0.200012 0.0876532 -0.129897 0.0668208 0.128601 0.0792512 0.986264
1311867291.990091 -0.199571 0.0880902 -0.130172 0.0669712 0.127219 0.0790401 0.98645
1311867292.022520 -0.199572 0.0881063 -0.130159 0.0668804 0.12683 0.0782733 0.986567
1311867292.053683 -0.200351 0.0878292 -0.130256 0.0668173 0.126655 0.078099 0.986608
1311867292.092254 -0.200242 0.0878769 -0.130494 0.0668867 0.126125 0.077875 0.986688
1311867292.124382 -0.199677 0.0876414 -0.130897 0.0669144 0.125991 0.077549 0.986729
1311867292.160249 -0.199962 0.0869188 -0.131037 0.0672331 0.126384 0.0770446 0.986697
1311867292.189973 -0.200353 0.0868775 -0.131629 0.0674501 0.126404 0.0769943 0.986684
1311867292.220732 -0.199897  0.087658 -0.132162 0.0677172 0.126084 0.0770819 0.986699
1311867292.257685 -0.200695 0.0877958 -0.132251 0.067789 0.126686 0.0770712 0.986618
1311867292.287816 -0.200675 0.0883037 -0.132747 0.0680274 0.126993 0.0770946 0.98656
1311867292.321387  -0.20038 0.0882933 -0.132986 0.0677512 0.127013 0.0774415 0.98655
1311867292.362160 -0.200646 0.0883489 -0.132798 0.0677918 0.127122 0.0778001 0.986505
1311867292.395350 -0.200052 0.0888303 -0.132979 0.0677584 0.127243 0.0777989 0.986491
1311867292.425930  -0.20103 0.0892001 -0.132614 0.0676529 0.128067 0.0781145 0.986367
1311867292.456448 -0.201071  0.089661  -0.13251 0.0676673 0.127983 0.0783537 0.986358
1311867292.488351 -0.199914 0.0902549 -0.132657 0.0673832 0.127612 0.0787412 0.986395
1311867292.522883 -0.200184 0.0891381 -0.132223 0.0663372 0.128089 0.0788122 0.986398
1311867292.558104 -0.200004 0.0884167 -0.132158 0.0665987 0.128439 0.0787008 0.986344
1311867292.588222 -0.200551 0.0889823 -0.132548 0.0671901 0.128787 0.0785486 0.986271
1311867292.623076 -0.199761 0.0889892 -0.133082 0.0673505 0.128308 0.0785181 0.986324
1311867292.659508 -0.199881 0.0882151 -0.132947 0.0678754 0.128217 0.0783802 0.986311
1311867292.688015 -0.200073 0.0904164 -0.133743 0.0682466 0.128144 0.0782281 0.986307
1311867292.720644 -0.199321 0.0888528 -0.133628 0.0670945 0.127696 0.0780274 0.98646
1311867292.756178 -0.199642 0.0883086 -0.133223 0.067601 0.127093 0.0780461 0.986502
