1311877977.145290 0.000146107 0.000426968 0.000561259 0.000455037 1.40852e-05 -0.000123165 1
1311877977.177364  0.000881695 -0.000376935  -0.00119108 0.00044125 -1.98116e-05 6.12056e-05 1
1311877977.213305  0.000454123 -0.000203071 -0.000653122 0.000479568 -0.000253944 -4.9275e-05 1
1311877977.245777   0.00145702 -0.000271853    -0.002137 0.000230404 -0.000146407 -8.84192e-05 1
1311877977.277663  0.000391245 -0.000127525  -0.00103631 9.62184e-05 -0.000210349 -9.37068e-05 1
1311877977.313321  4.45394e-05 -0.000514414  -0.00140177 -3.80226e-05 -0.000246485 -0.000265875 1
1311877977.345361 -0.00132833 0.000314933   0.0011605 0.000293809 -0.000110565 -0.000329976 1
1311877977.377279  -0.00079395  0.000214932 -0.000665846 0.000311018 -0.000215351 -9.29665e-06 1
1311877977.413210 -0.00288677 0.000459993  0.00166728 0.000468321 -0.000552845 0.000273152 1
1311877977.445420 -0.00474607 0.000265108  0.00148753 0.00116581 -0.00170433 -9.83749e-05 0.999998
1311877977.477360 -0.00733268 -0.00116664  0.00226319 0.000649206 -0.00279855 5.0383e-06 0.999996
1311877977.513388  -0.00779022 -0.000576861  0.000159248 0.00127325 -0.00498062 -0.000722736 0.999987
1311877977.545546 -0.00690874 -0.00409018 -0.00706629 -0.00115296 -0.00634903 -0.000617184 0.999979
1311877977.577444  -0.0105637 -0.00142011  0.00334869 -0.00158152 -0.00681599 -0.000806749 0.999975
1311877977.613330  -0.0125026 0.000136267  0.00628302 -0.00104177 -0.00863908 -0.00104053 0.999962
1311877977.645432   -0.0139465 -0.000438797   0.00379434 -0.000685066 -0.0110642 -0.00169583 0.999937
1311877977.677420   -0.0169508 -0.000813149   0.00572192 -0.00037542 -0.0136744 -0.00266567 0.999903
1311877977.713395  -0.0168774 -0.00114455  0.00439382 -7.16241e-05 -0.0168125 -0.00312024 0.999854
1311877977.745353    -0.017534 -0.000869115   0.00238069 -2.0662e-05 -0.02022 -0.00326305 0.99979
1311877977.777481  -0.0182369 -0.00524469  0.00730083 -0.00166918 -0.0239978 -0.00327639 0.999705
1311877977.813645 -0.0195915  0.0127553  0.0232347 0.00487123 -0.0283812 -0.00516148 0.999572
1311877977.845495  -0.0105911 0.000736213 0.000415436 -0.00119927 -0.0338967 -0.00594894 0.999407
1311877977.877280 -0.0118089  0.0031807  0.0225725 -0.00281989 -0.0381774 -0.00685079 0.999244
1311877977.913522 -0.0125909 0.00444451    0.02388 -0.00133456 -0.0405787 -0.0083882 0.99914
1311877977.945435 -0.0154745   0.005512  0.0230674 -0.000355565 -0.0424532 -0.00804769 0.999066
1311877977.977391 -0.0168847 0.00499812  0.0217414 9.53015e-05 -0.0473929 -0.00923083 0.998834
1311877978.013400 -0.0168125  0.0032556  0.0163111 -0.000366532 -0.0525121 -0.00990946 0.998571
1311877978.045870  -0.020928 0.00344193  0.0184208 -0.000291834 -0.0582857 -0.0106915 0.998243
1311877978.077424  -0.018433 -0.0011078  0.0198114 -0.00198304 -0.0661541 -0.0113897 0.997742
1311877978.113431 -0.0182486  0.0156923  0.0399278 0.00587505 -0.0742282 -0.0122045 0.997149
1311877978.145234 -0.00811497  0.00397504   0.0110511 0.00102123 -0.0814063 -0.0108931 0.996621
1311877978.177364 -0.00844058  0.00516862   0.0331389 -0.00287134 -0.0896267 -0.00988684 0.995922
1311877978.213320 -0.000597287   0.00850775    0.0401436 -0.00196867 -0.097115 -0.0109633 0.995211
1311877978.245415 -0.00241904  0.00870437   0.0406277 -0.00155248 -0.100129 -0.0104981 0.994918
1311877978.277398 -0.00149821  0.00715564   0.0401534 -0.00163815 -0.105588 -0.0113194 0.994344
1311877978.313419 -0.000899881   0.00660009    0.0417636 -0.00172921 -0.109927 -0.0121819 0.993864
1311877978.345403 0.00309255 0.00749773  0.0480083 -0.000639219 -0.11537 -0.0127175 0.993241
1311877978.377446 0.000531509  0.00380917   0.0512771 -0.00170438 -0.120347 -0.012713 0.992649
1311877978.413262 0.00498677  0.0102478   0.062417 0.00221497 -0.126848 -0.0134972 0.991828
1311877978.445369 0.00675697 0.00200931  0.0450424 -0.000968947 -0.131053 -0.0131044 0.991288
1311877978.477446  0.0077846 0.00345294  0.0589545 -0.00195344 -0.137327 -0.0126031 0.990444
1311877978.513411 0.00858998 0.00612438  0.0564805 -0.000668174 -0.141829 -0.0143384 0.989787
1311877978.545339 0.00449872  0.0065976   0.053802 -0.000367211 -0.144241 -0.0146635 0.989434
1311877978.577394 0.00204396 0.00552864  0.0554455 6.01681e-06 -0.149062 -0.0155279 0.988706
1311877978.613563 0.000600754  0.00424479   0.0522627 -0.000112929 -0.153649 -0.0167484 0.987984
1311877978.645387 -0.00148767  0.00432818   0.0495815 -0.000299827 -0.158329 -0.0173545 0.987234
1311877978.677320 -0.000461443   0.00450798    0.0513504 -0.00033583 -0.164013 -0.0175981 0.986301
1311877978.713395 0.000535419  0.00311327   0.0524588 -0.000709648 -0.169501 -0.017356 0.985377
1311877978.745378 -0.000247114     0.003153    0.0556771 -0.000361817 -0.174618 -0.017698 0.984477
1311877978.777537 0.00070427 0.00249278  0.0546583 -0.000250228 -0.179314 -0.01763 0.983634
1311877978.813507 0.00131294 0.00241543  0.0548143 -0.000350687 -0.18428 -0.0182025 0.982705
1311877978.845315 -0.00119494  0.00322009   0.0557061 -0.000169998 -0.188901 -0.0192954 0.981807
1311877978.877520 -0.00211059  0.00294196   0.0556313 -0.000176178 -0.193821 -0.0201242 0.98083
1311877978.913364 -0.00306764  0.00383979   0.0570378 0.000340009 -0.19859 -0.0205549 0.979867
1311877978.945227 -0.0013196 0.00453971  0.0595849 0.00142069 -0.203797 -0.0206122 0.978795
1311877978.977585 -0.00282878  0.00456712   0.0557117 0.00200706 -0.207946 -0.0211891 0.977909
1311877979.013398 -0.00287756  0.00322815   0.0528794 0.00185925 -0.213019 -0.0214747 0.97681
1311877979.045532 -4.96705e-05  8.15307e-05    0.0516174 0.000585287 -0.218941 -0.0224039 0.975481
1311877979.077393 -0.00142431 2.98349e-05   0.0541008 0.000556393 -0.224636 -0.0228228 0.974175
1311877979.113517  -0.00118896 -0.000140398    0.0493419 0.000394599 -0.229495 -0.0238014 0.973019
1311877979.145364  -0.00213526 -0.000626681    0.0507627 -0.000174153 -0.233876 -0.0241627 0.971966
1311877979.178599 -0.000864884   0.00189302    0.0543704 0.000743003 -0.238658 -0.0249331 0.970783
1311877979.213224  -0.0408397 -0.00418743  0.00906923 -0.000889113 -0.234669 -0.0244799 0.971767
1311877979.245455  -0.0408991 -0.00486062   0.0106746 -0.00120179 -0.239018 -0.02534 0.970684
1311877979.277758 -0.0446551 -0.0057671 0.00865989 -0.00112446 -0.242524 -0.0264959 0.969783
1311877979.313344  -0.0421035 -0.00878093  0.00523751 -0.00243517 -0.247205 -0.0272068 0.968578
1311877979.345373  -0.0461902 -0.00668429  0.00740732 -0.0026456 -0.251692 -0.0279457 0.9674
1311877979.377648  -0.0457869 -0.00543018  0.00996916 -0.00210104 -0.257401 -0.0283577 0.965886
1311877979.413486  -0.0463075 -0.00699277  0.00992729 -0.0026211 -0.26272 -0.0287649 0.96444
1311877979.445341  -0.0446539 -0.00616399   0.0130979 -0.00244711 -0.268338 -0.0289322 0.962887
1311877979.477270  -0.0425461 -0.00735286   0.0147761 -0.00260529 -0.273577 -0.0292463 0.961402
1311877979.513577  -0.0426131 -0.00884572   0.0161561 -0.00297116 -0.278504 -0.0298143 0.959967
1311877979.545722  -0.0410458 -0.00930711   0.0190716 -0.00285401 -0.283884 -0.0304066 0.958372
1311877979.577451  -0.0366195 -0.00643933   0.0218379 -0.00218085 -0.289449 -0.0313846 0.956676
1311877979.613566  -0.0377925 -0.00663151   0.0178342 -0.00238561 -0.29354 -0.0322729 0.955399
1311877979.645396  -0.0378824 -0.00728001   0.0198519 -0.00255888 -0.298512 -0.0326081 0.953845
1311877979.677434  -0.0381234 -0.00663372   0.0215075 -0.00235506 -0.303854 -0.0329593 0.952145
1311877979.713433 -0.0391919 -0.0087034  0.0238026 -0.00262321 -0.309394 -0.0336833 0.950333
1311877979.746035  -0.0374546 -0.00949771   0.0258089 -0.0029002 -0.315359 -0.0338323 0.948365
1311877979.777375  -0.0367029 -0.00917977   0.0292971 -0.00280125 -0.320777 -0.0340679 0.946538
1311877979.813375   -0.037111 -0.00995994   0.0325175 -0.00233885 -0.325851 -0.0341205 0.944802
1311877979.848224 -0.0365694 -0.0105902  0.0316079 -0.00120637 -0.330288 -0.0347421 0.94324
1311877979.877368 -0.0339688 -0.0130924  0.0287762 -0.00218924 -0.334697 -0.0351751 0.941667
1311877979.913187 -0.0376269 -0.0136528  0.0267875 -0.00243523 -0.338518 -0.0360204 0.940267
1311877979.946690  -0.036157 -0.0160156  0.0302637 -0.0032928 -0.343433 -0.0366297 0.938457
1311877979.977634 -0.0397096 -0.0147776  0.0338256 -0.00321202 -0.348182 -0.0369222 0.936694
1311877980.013291 -0.0404087 -0.0173073  0.0358501 -0.00398808 -0.35341 -0.0374752 0.934709
1311877980.045516 -0.0400681  -0.016408  0.0369362 -0.0041569 -0.358844 -0.0377982 0.932623
1311877980.077763 -0.0431034 -0.0170487  0.0362716 -0.00443242 -0.363496 -0.0386779 0.930782
1311877980.113328 -0.0421579 -0.0189266  0.0358447 -0.0055951 -0.368563 -0.0393289 0.928754
1311877980.146249 -0.0403809  -0.020697  0.0412465 -0.00633889 -0.37404 -0.0396369 0.926543
1311877980.177443 -0.0369895 -0.0215368  0.0481576 -0.00674291 -0.379351 -0.0395826 0.924381
1311877980.213514 -0.0393244 -0.0227942  0.0468078 -0.00650771 -0.382654 -0.0403354 0.922988
1311877980.246131 -0.0389455 -0.0224631  0.0459697 -0.00635287 -0.386598 -0.0408946 0.921319
1311877980.277535 -0.0419459 -0.0227324  0.0437559 -0.00608968 -0.390389 -0.0415199 0.919693
1311877980.313298 -0.0432049 -0.0238525  0.0407183 -0.00591891 -0.394204 -0.0425106 0.91802
1311877980.345370 -0.0442002 -0.0262683  0.0399145 -0.00636212 -0.398381 -0.0435302 0.916165
1311877980.377497 -0.0448299  -0.029053  0.0409515 -0.00736441 -0.403589 -0.0438063 0.913861
1311877980.413272 -0.0433905 -0.0304617  0.0469824 -0.00775097 -0.40943 -0.0438861 0.911252
1311877980.445312 -0.0413965 -0.0312403  0.0498465 -0.00746593 -0.414489 -0.0441005 0.908954
1311877980.477624 -0.0399157 -0.0325917  0.0524942 -0.00844427 -0.419773 -0.0444298 0.906502
1311877980.513479 -0.0422994 -0.0308128  0.0524888 -0.00748284 -0.42424 -0.0448475 0.904407
1311877980.545327 -0.0391298 -0.0340361  0.0498114 -0.00817072 -0.428377 -0.0458717 0.902398
1311877980.577403 -0.0411249 -0.0325991  0.0481804 -0.0080973 -0.43199 -0.0461067 0.900663
1311877980.613366 -0.0383681 -0.0373032  0.0535892 -0.00916315 -0.43708 -0.0467444 0.89816
1311877980.645777 -0.0381574 -0.0380571  0.0519558 -0.00967717 -0.440726 -0.0476143 0.896326
1311877980.677479 -0.0423113 -0.0388976  0.0535108 -0.0101115 -0.444662 -0.0480875 0.89435
1311877980.713417 -0.0432457  -0.038246  0.0526032 -0.00994974 -0.448802 -0.048572 0.892255
1311877980.745492 -0.0472488 -0.0369776  0.0540911 -0.00944672 -0.453131 -0.0486918 0.890063
1311877980.777455 -0.0418882 -0.0398891   0.050719 -0.0099127 -0.457808 -0.0492525 0.88763
1311877980.813297 -0.0454732 -0.0366398  0.0555355 -0.00934365 -0.46263 -0.0493565 0.885127
1311877980.845366 -0.0444578 -0.0371697  0.0525577 -0.00930889 -0.466791 -0.0500034 0.882904
1311877980.877458 -0.0474059 -0.0370228  0.0507331 -0.00913081 -0.471384 -0.0506973 0.880422
1311877980.913450 -0.0467297  -0.039655  0.0545354 -0.00977736 -0.477026 -0.0517789 0.877308
1311877980.945707 -0.0452973 -0.0387415  0.0564931 -0.0101881 -0.481678 -0.0523843 0.874722
1311877980.977574 -0.0501035 -0.0367517   0.054414 -0.0100107 -0.485315 -0.0530875 0.872669
1311877981.013441 -0.0476601 -0.0316794  0.0645203 -0.00897879 -0.491286 -0.0528013 0.86935
1311877981.045375 -0.0475712 -0.0324904  0.0618774 -0.00933487 -0.495346 -0.0538856 0.866973
1311877981.078382  -0.049449 -0.0257024    0.07195 -0.00817285 -0.501188 -0.0533498 0.863654
1311877981.113325 -0.0486052 -0.0290073  0.0708693 -0.00826301 -0.505604 -0.0543583 0.861012
1311877981.145366 -0.0486884 -0.0299987  0.0685215 -0.00893826 -0.509665 -0.0550725 0.858562
1311877981.177325 -0.0495404 -0.0290706  0.0685167 -0.00873986 -0.514133 -0.0555353 0.855866
1311877981.213334 -0.0522434 -0.0294467  0.0659245 -0.00883196 -0.517983 -0.0565116 0.853477
1311877981.245775 -0.0530673 -0.0288452  0.0681592 -0.00882232 -0.522486 -0.0569043 0.850701
1311877981.277707 -0.0552737 -0.0285867  0.0657286 -0.00860075 -0.525967 -0.0573339 0.848526
1311877981.313617 -0.0558857 -0.0294124  0.0659397 -0.00863053 -0.529927 -0.0577314 0.846032
1311877981.345350 -0.0563826 -0.0292274  0.0641911 -0.00844783 -0.53399 -0.0583197 0.843434
1311877981.377563 -0.0581864 -0.0279091  0.0628773 -0.00799488 -0.538306 -0.0588911 0.840652
1311877981.413966 -0.0554137 -0.0283866  0.0617973 -0.00837454 -0.542788 -0.0596955 0.837704
1311877981.445477 -0.0580374 -0.0235527  0.0607517 -0.00832175 -0.547038 -0.0597268 0.834933
1311877981.477399 -0.0622588 -0.0219664  0.0581906 -0.00738277 -0.551171 -0.0598163 0.832213
1311877981.513416 -0.0602058 -0.0234241   0.056532 -0.00770032 -0.555724 -0.0608159 0.829104
1311877981.546139 -0.0613981 -0.0254101  0.0541306 -0.00783127 -0.559983 -0.062163 0.826132
1311877981.577848 -0.0603184 -0.0252564  0.0518242 -0.00750248 -0.564256 -0.0628125 0.823172
1311877981.613536 -0.0586237 -0.0273883  0.0514686 -0.00793691 -0.568276 -0.0642307 0.820289
1311877981.645484 -0.0606951 -0.0266215  0.0512074 -0.00774396 -0.572381 -0.0646572 0.817398
1311877981.677425 -0.0566316 -0.0258241  0.0501519 -0.00761432 -0.576313 -0.0653635 0.814575
1311877981.713381 -0.0536517  -0.028802  0.0512851 -0.00887327 -0.580654 -0.0666634 0.811368
1311877981.745381 -0.0569289  -0.027683  0.0526243 -0.00895078 -0.584949 -0.0674828 0.808209
1311877981.777339 -0.0584007 -0.0263027  0.0517127 -0.00858148 -0.589095 -0.0675152 0.805193
1311877981.813531 -0.0569357 -0.0320241  0.0548441 -0.00920994 -0.593936 -0.0686186 0.801528
1311877981.846422 -0.0560524 -0.0318513  0.0509456 -0.00882859 -0.598513 -0.069336 0.798058
1311877981.877247 -0.0528801 -0.0344049  0.0474958 -0.00926547 -0.60326 -0.0704828 0.79437
1311877981.913490  -0.054217 -0.0343948  0.0486039 -0.0096691 -0.608431 -0.0712798 0.79034
1311877981.945417 -0.0538354 -0.0390342  0.0420972 -0.00954069 -0.612215 -0.0724619 0.787306
1311877981.977395 -0.0537243 -0.0412143  0.0405206 -0.0103798 -0.616659 -0.0737433 0.7837
1311877982.013421 -0.0568382 -0.0394873  0.0393841 -0.0102268 -0.621254 -0.0744669 0.779996
1311877982.045404 -0.0558007 -0.0416582  0.0397595 -0.0103108 -0.626065 -0.0754981 0.776039
1311877982.077359  -0.056994 -0.0411816  0.0378454 -0.0100367 -0.630181 -0.0763123 0.772624
1311877982.113438 -0.0557922 -0.0421238  0.0374027 -0.0100755 -0.634451 -0.0770064 0.769051
1311877982.145658 -0.0576329 -0.0433239  0.0383769 -0.010074 -0.638864 -0.0778861 0.7653
1311877982.177300 -0.0590919 -0.0417934  0.0373781 -0.00982041 -0.643063 -0.0783368 0.761733
1311877982.213407 -0.0592263 -0.0423635  0.0354258 -0.0102701 -0.64731 -0.078607 0.758093
1311877982.245296 -0.0587883 -0.0424743  0.0342439 -0.0105935 -0.651708 -0.0790519 0.754265
1311877982.278902 -0.0621568 -0.0424126  0.0343676 -0.0102338 -0.656301 -0.0793377 0.750247
1311877982.313369 -0.0595959 -0.0431633   0.033971 -0.010197 -0.660513 -0.0792939 0.746546
1311877982.345368 -0.0578223 -0.0445594  0.0334705 -0.0106071 -0.664619 -0.0797443 0.742839
1311877982.377456 -0.0567244 -0.0438284  0.0308717 -0.0102547 -0.668394 -0.0802722 0.739392
1311877982.413359 -0.0575533 -0.0438117   0.029358 -0.0102339 -0.672524 -0.0807111 0.73559
1311877982.445168 -0.0564175 -0.0437142  0.0273583 -0.00989031 -0.676338 -0.0809565 0.732062
1311877982.477449 -0.0557153 -0.0440655  0.0253461 -0.00980897 -0.68026 -0.0813021 0.728382
1311877982.513473  -0.055538 -0.0436592  0.0260741 -0.00980706 -0.684546 -0.0813675 0.724348
1311877982.545497 -0.0520084 -0.0426716  0.0244254 -0.00928606 -0.688607 -0.0816187 0.720467
1311877982.577398 -0.0494174 -0.0430023  0.0248884 -0.0092861 -0.692627 -0.0820131 0.716558
1311877982.613276 -0.0512691 -0.0423477   0.023965 -0.00926759 -0.696388 -0.0824854 0.712849
1311877982.645601 -0.0542492 -0.0421956   0.020021 -0.00908589 -0.699834 -0.0830334 0.709405
1311877982.677932 -0.0535328 -0.0428581  0.0203266 -0.00884431 -0.703614 -0.0833338 0.705623
1311877982.713233 -0.0529635 -0.0441883  0.0191026 -0.00902932 -0.707136 -0.0840541 0.702006
1311877982.745352 -0.0542175  -0.043694  0.0177621 -0.00884588 -0.710653 -0.0842813 0.698421
1311877982.778255  -0.052005 -0.0458948  0.0173652 -0.00900381 -0.714064 -0.0849574 0.694848
1311877982.813403 -0.0530208 -0.0455573  0.0166726 -0.00881184 -0.717626 -0.0849109 0.691177
1311877982.845560 -0.0479355 -0.0464601  0.0168866 -0.00894924 -0.721089 -0.0850789 0.68754
1311877982.878345 -0.0493346 -0.0466367  0.0151294 -0.00888823 -0.724612 -0.0852322 0.683808
1311877982.913721 -0.0445783 -0.0465221  0.0155786 -0.00866095 -0.728324 -0.0857298 0.679794
1311877982.945673  -0.045187 -0.0446133  0.0123412 -0.00843652 -0.731721 -0.0856533 0.676149
1311877982.977289 -0.0438074 -0.0454436  0.0125915 -0.00831304 -0.735391 -0.0859236 0.672122
1311877983.013268 -0.0432825 -0.0456865  0.0102584 -0.00792044 -0.738691 -0.0863734 0.66844
1311877983.045729 -0.0398226 -0.0465491 0.00990026 -0.00801841 -0.742115 -0.0870779 0.664544
1311877983.077698 -0.0406627 -0.0454859 0.00806513 -0.00769141 -0.74534 -0.0875571 0.660865
1311877983.113503 -0.0401963 -0.0460773 0.00806198 -0.00746031 -0.748326 -0.0881003 0.657413
1311877983.145334 -0.0409674 -0.0474442 0.00547258 -0.00778586 -0.751041 -0.0887236 0.654221
1311877983.177609 -0.0393747 -0.0471529 0.00522308 -0.00760405 -0.754096 -0.0893122 0.650619
1311877983.213195  -0.038891 -0.0469848  0.0032111 -0.00712252 -0.75696 -0.0900978 0.647181
1311877983.245184 -0.0412305 -0.0467495 0.00133141 -0.00689868 -0.759374 -0.0904081 0.644306
1311877983.277479   -0.0409912   -0.0472845 -0.000389577 -0.00679306 -0.761775 -0.0907609 0.641417
1311877983.313178    -0.038133   -0.0478696 -0.000592341 -0.00686779 -0.764409 -0.090977 0.638243
1311877983.347151  -0.0379987  -0.0478679 -0.00183535 -0.00674901 -0.767315 -0.0913551 0.634694
1311877983.377328  -0.0353236   -0.047495 -0.00415584 -0.00591449 -0.770277 -0.0915522 0.631076
1311877983.413326  -0.0345031  -0.0481731 -0.00499976 -0.00553549 -0.77358 -0.0917657 0.626995
1311877983.445329  -0.0343765  -0.0486091 -0.00691442 -0.00550067 -0.776659 -0.0921693 0.623118
1311877983.477432 -0.0332936 -0.0484943 -0.0056061 -0.00540629 -0.780171 -0.0918975 0.618756
1311877983.513316  -0.0277513  -0.0501814 -0.00641381 -0.00493349 -0.783047 -0.0928947 0.614967
1311877983.545438  -0.0288945   -0.049967 -0.00632941 -0.0057182 -0.786392 -0.0929549 0.610667
1311877983.577246  -0.0270322  -0.0502002 -0.00524616 -0.00547183 -0.789499 -0.0933707 0.606583
1311877983.613310   -0.027547   -0.051149 -0.00644268 -0.00571855 -0.792447 -0.0935821 0.602692
1311877983.645310  -0.0241004  -0.0517575 -0.00730914 -0.00528592 -0.794991 -0.094149 0.599247
1311877983.677866  -0.0217481  -0.0511054 -0.00923062 -0.00503855 -0.797497 -0.0948368 0.595801
1311877983.713356 -0.0213003 -0.0506977 -0.0100228 -0.00487052 -0.800531 -0.0953582 0.591636
1311877983.745341 -0.0211516 -0.0505139 -0.0107165 -0.00487404 -0.803655 -0.095822 0.58731
1311877983.777887 -0.0194159 -0.0505098  -0.012148 -0.00453071 -0.806595 -0.0963913 0.583175
1311877983.813123 -0.0172773 -0.0514906 -0.0124641 -0.00493415 -0.809719 -0.0969464 0.578734
1311877983.845602 -0.0147528 -0.0502003 -0.0127425 -0.00508643 -0.81298 -0.0976949 0.574016
1311877983.879316 -0.0174021 -0.0503803 -0.0146091 -0.00536345 -0.816601 -0.0987466 0.568668
1311877983.913159 -0.0176268 -0.0499748 -0.0113334 -0.00577884 -0.81989 -0.0989477 0.563876
1311877983.945294 -0.0186021 -0.0486913 -0.0151566 -0.00539833 -0.821838 -0.09948 0.560943
1311877983.977500 -0.0186937 -0.0495835 -0.0132992 -0.0061656 -0.824478 -0.100144 0.556928
1311877984.013561 -0.0187697 -0.0489242 -0.0147084 -0.00601855 -0.827065 -0.100773 0.552966
1311877984.045280 -0.0199548 -0.0489873 -0.0159045 -0.00585272 -0.829545 -0.101306 0.549143
1311877984.078499 -0.0223158 -0.0488963 -0.0186561 -0.00588801 -0.831931 -0.101829 0.545424
1311877984.113392   -0.02525 -0.0483687 -0.0175561 -0.00616357 -0.83466 -0.101924 0.541218
1311877984.145441 -0.0225039 -0.0481939 -0.0179393 -0.00615425 -0.837256 -0.101987 0.537181
1311877984.177837 -0.0215764 -0.0474856 -0.0192797 -0.00600951 -0.840037 -0.102297 0.532764
1311877984.213233 -0.0209537 -0.0495633 -0.0168299 -0.00655749 -0.843126 -0.102683 0.52778
1311877984.245642 -0.0185284 -0.0497744 -0.0164929 -0.00633197 -0.845969 -0.102793 0.523192
1311877984.278912 -0.0171042 -0.0499718 -0.0147769 -0.00650008 -0.848681 -0.103059 0.518727
1311877984.313228 -0.0147436 -0.0516198 -0.0154189 -0.00626025 -0.851084 -0.10354 0.51468
1311877984.345627 -0.0169302 -0.0513985 -0.0162885 -0.0065479 -0.853611 -0.103831 0.510416
1311877984.377402 -0.0176701 -0.0516783 -0.0165427 -0.00659296 -0.85622 -0.10416 0.505958
1311877984.413261 -0.0179835  -0.052684 -0.0165021 -0.00726397 -0.858748 -0.104654 0.501545
1311877984.445437 -0.0172806 -0.0524339 -0.0158661 0.00731685 0.861487 0.105045 -0.496741
1311877984.477451 -0.0199286 -0.0523776 -0.0157421 0.00761358 0.864149 0.105092 -0.492082
1311877984.513523 -0.0162204 -0.0527259  -0.016561 0.00711209 0.866674 0.105542 -0.48753
1311877984.545496 -0.0207589 -0.0531755 -0.0195737 0.00733042 0.869206 0.106304 -0.482832
1311877984.577702 -0.0233659 -0.0534568 -0.0198977 0.00752703 0.872078 0.106721 -0.477528
1311877984.613810 -0.0178178 -0.0536962 -0.0158755 0.00764749 0.874627 0.106826 -0.472819
1311877984.645470 -0.0185041  -0.053482  -0.014604 0.00768037 0.877088 0.10695 -0.468209
1311877984.677501 -0.0179562 -0.0540282 -0.0145108 0.00746157 0.879262 0.107638 -0.463958
1311877984.713706 -0.0184939 -0.0541226 -0.0161259 0.00762909 0.881354 0.107955 -0.459894
1311877984.745368 -0.0144263 -0.0558962 -0.0120533 0.00761627 0.88367 0.10817 -0.455378
1311877984.777303 -0.0106097 -0.0563359 -0.0125085 0.00742733 0.885784 0.108718 -0.451124
1311877984.813711 -0.00865771  -0.0561239   -0.012039 0.00726018 0.888207 0.108993 -0.446269
1311877984.845438 -0.00397944  -0.0557313  -0.0109453 0.00714985 0.890445 0.109385 -0.441692
1311877984.877241 -0.00453254  -0.0553104  -0.0103098 0.00692335 0.892892 0.109767 -0.436631
1311877984.913449 -0.00252409  -0.0549702 -0.00981633 0.0068833 0.894903 0.110069 -0.432419
1311877984.945414 -0.00289671  -0.0547386  -0.0101401 0.0072364 0.897044 0.110385 -0.427873
1311877984.978741 -0.00107429   -0.055078   -0.011584 0.00710631 0.899056 0.11105 -0.423457
1311877985.013449 0.000512404  -0.0570546  -0.0107094 0.00714383 0.901255 0.111741 -0.418572
1311877985.045490 0.000414577  -0.0576362 -0.00941816 0.00703 0.903451 0.112313 -0.413657
1311877985.077649 -0.00502206  -0.0567834  -0.0113659 0.0071477 0.905603 0.112612 -0.408841
1311877985.113410  0.00341631  -0.0579075 -0.00471843 0.00730459 0.907572 0.113138 -0.404301
1311877985.145256  0.00277571  -0.0565896 -0.00429054 0.00730746 0.909702 0.114233 -0.399173
1311877985.177269 0.00566864 -0.0584887 0.00021841 0.00812821 0.91196 0.115204 -0.393689
1311877985.214570   0.00685529   -0.0564495 -8.05829e-05 0.00773421 0.914334 0.115248 -0.388138
1311877985.245446  0.00348682  -0.0564232 -0.00321718 0.0073364 0.916657 0.115314 -0.382608
1311877985.277601  0.00610988  -0.0552143 -0.00121701 0.00691009 0.918986 0.114418 -0.377261
1311877985.313452 0.00708801 -0.0585887 0.00301946 0.00723761 0.921124 0.115448 -0.371684
1311877985.345304   0.011733 -0.0585463  0.0058389 0.00744223 0.923052 0.115667 -0.366798
1311877985.381356  0.0105508 -0.0570536 0.00488337 0.00784431 0.925004 0.115751 -0.361811
1311877985.413186  0.0130293 -0.0586385 0.00578308 0.00747561 0.926723 0.116855 -0.357034
1311877985.445532  0.0194371 -0.0588466 0.00780301 0.00737525 0.928241 0.11714 -0.352976
1311877985.481272  0.0193305 -0.0594194 0.00963222 0.00829813 0.930027 0.1177 -0.348034
1311877985.513868  0.0185817 -0.0572416 0.00770722 0.0085974 0.931751 0.117479 -0.34346
1311877985.546341  0.0250262 -0.0586927    0.01283 0.00899656 0.933304 0.117987 -0.33903
1311877985.581495  0.0252177 -0.0561779  0.0100672 0.00869537 0.934969 0.117765 -0.334497
1311877985.613478  0.031938 -0.058342 0.0135414 0.0092407 0.936635 0.118209 -0.329632
1311877985.645554  0.0336782 -0.0601143  0.0182848 0.00931913 0.938565 0.118721 -0.323904
1311877985.681205  0.0368678 -0.0610929  0.0222326 0.00966473 0.940311 0.119169 -0.318623
1311877985.713358  0.0431848 -0.0620987  0.0254441 0.00941109 0.941787 0.119541 -0.3141
1311877985.745681  0.0422336 -0.0629823  0.0268977 0.00972188 0.943286 0.119884 -0.309428
1311877985.781341  0.0461852 -0.0641704  0.0286997 0.0096532 0.944425 0.120663 -0.305627
1311877985.814727  0.0449429 -0.0646264  0.0283902 0.01028 0.945663 0.121852 -0.301278
1311877985.845391  0.0421434 -0.0630241  0.0304095 0.0100721 0.947191 0.122244 -0.296284
1311877985.881341  0.0480321 -0.0634244   0.031221 0.00970805 0.948379 0.122748 -0.292261
1311877985.913466  0.0430133 -0.0618814  0.0298933 0.0102935 0.949909 0.123062 -0.287092
1311877985.945428  0.0475086 -0.0621937  0.0294727 0.00993629 0.951092 0.123537 -0.282956
1311877985.981434 0.0495029 -0.061425 0.0291735 0.0101124 0.952517 0.123702 -0.278042
1311877986.013642  0.0480861 -0.0650683  0.0333081 0.0111332 0.954173 0.125048 -0.271649
1311877986.045483  0.0504999 -0.0650779  0.0340042 0.0115386 0.955728 0.126358 -0.265491
1311877986.081429  0.0511461 -0.0627772  0.0330188 0.0102346 0.957356 0.126552 -0.259519
1311877986.113360  0.0512127 -0.0642925  0.0388552 0.0107636 0.958884 0.126686 -0.253725
1311877986.146199  0.0517762 -0.0652047  0.0417045 0.0117609 0.960071 0.12698 -0.249003
1311877986.181425  0.0532947 -0.0651151   0.040687 0.0117989 0.96112 0.127668 -0.244561
1311877986.213525   0.052497 -0.0659896  0.0403825 0.0122708 0.962414 0.127715 -0.239369
1311877986.245560  0.0535865 -0.0671923  0.0430288 0.0123628 0.963689 0.127707 -0.234182
1311877986.281452  0.0548732 -0.0672569  0.0447019 0.0126169 0.964815 0.127782 -0.229443
1311877986.313346  0.0595832 -0.0691009  0.0502056 0.0128007 0.965867 0.128365 -0.22463
1311877986.346074  0.0621047 -0.0679565  0.0551606 0.0129945 0.966949 0.129719 -0.219119
1311877986.381461  0.0636294 -0.0674246  0.0591835 0.0128336 0.968034 0.130976 -0.213518
1311877986.413806  0.0648976 -0.0706508  0.0646702 0.0139452 0.968945 0.133507 -0.207668
1311877986.445394  0.0682587 -0.0698541   0.065045 0.0143332 0.970022 0.135224 -0.201411
1311877986.481316  0.0714857 -0.0711198  0.0677673 0.0145916 0.971138 0.136122 -0.195317
1311877986.513161  0.0755013 -0.0742681  0.0753184 0.0147185 0.972359 0.136217 -0.189065
1311877986.545422  0.0786186 -0.0746574  0.0810596 0.0149242 0.973725 0.134139 -0.183423
1311877986.581499  0.0821669 -0.0750683  0.0898568 0.0133949 0.975193 0.131018 -0.177916
1311877986.613341 0.0860464  -0.08195 0.0990959 0.0150051 0.976096 0.131012 -0.172766
1311877986.645335  0.0894444 -0.0835312   0.103761 0.0149499 0.977149 0.131408 -0.166396
1311877986.681432 0.0938737 -0.087021  0.115854 0.0148636 0.978121 0.131175 -0.160782
1311877986.713397  0.0961278 -0.0877267   0.122273 0.0157295 0.978836 0.132072 -0.155531
1311877986.745415    0.09974 -0.0874348   0.128815 0.0166134 0.979451 0.134146 -0.149683
1311877986.781325  0.0991445 -0.0830372   0.128814 0.016825 0.980181 0.136736 -0.142353
1311877986.813337   0.101229 -0.0837078   0.139115 0.0173626 0.981072 0.13736 -0.135379
1311877986.845775   0.104622 -0.0846053   0.143997 0.0180927 0.981676 0.137603 -0.130578
1311877986.881402   0.107061 -0.0876859   0.155684 0.0170245 0.983068 0.133694 -0.124152
1311877986.913399   0.109945 -0.0914832   0.161435 0.0183445 0.98373 0.133841 -0.118426
1311877986.945330   0.115308 -0.0921281   0.175715 0.0162905 0.98468 0.132998 -0.111582
1311877986.981339   0.118577 -0.0970426    0.18255 0.0176155 0.984611 0.137395 -0.106555
1311877987.013439   0.120473 -0.0939238   0.187798 0.0179092 0.985167 0.138247 -0.100061
1311877987.045078    0.12466 -0.0956231   0.198946 0.0169486 0.985995 0.136845 -0.0938079
1311877987.081284  0.129008 -0.097145  0.207365 0.0182175 0.986532 0.136918 -0.0876103
1311877987.113420   0.130905 -0.0991447   0.222004 0.0183158 0.987251 0.136725 -0.0794135
1311877987.145819  0.130739 -0.099478  0.229674 0.0180289 0.988257 0.133517 -0.0720837
1311877987.181758  0.134705 -0.103697  0.257534 0.0183708 0.989297 0.128148 -0.0673175
1311877987.214129 0.135266 -0.10913 0.269484 0.0217831 0.989487 0.129566 -0.0604507
1311877987.245947  0.139145 -0.107895  0.282703 0.0198403 0.989967 0.129713 -0.0524075
1311877987.281171   0.14078 -0.110105  0.292276 0.0195505 0.990121 0.130955 -0.0461515
1311877987.313198  0.144815 -0.111306  0.302955 0.0192399 0.990544 0.130011 -0.0393634
1311877987.345129  0.147521 -0.112462  0.310174 0.0184162 0.990695 0.13098 -0.0320727
1311877987.381409  0.148616 -0.111188  0.319506 0.0173086 0.99088 0.131054 -0.0261204
1311877987.413251  0.147884 -0.111824  0.327436 0.020856 0.990833 0.132085 -0.0191742
1311877987.445239  0.147148 -0.114565  0.337942 0.0211819 0.990671 0.134123 -0.0114998
1311877987.481360  0.145514 -0.116029  0.349833 0.0233603 0.991219 0.130084 -0.00420532
1311877987.513445  0.147229 -0.118013  0.358609 0.0244328 0.990521 0.135161 0.00178856
1311877987.545257  0.147277 -0.116401  0.369585 0.024045 0.991209 0.129691 0.0103264
1311877987.581147   0.14554 -0.118779  0.378028 0.0240142 0.990647 0.133253 0.0169232
1311877987.613286  0.148229 -0.124715  0.384381 0.0216895 0.990239 0.13545 0.0246984
1311877987.645999  0.149971 -0.133581  0.410889 0.0210531 0.990488 0.133297 0.0268822
1311877987.681758   0.15058 -0.130323  0.420852 0.0243302 0.990227 0.133666 0.0315043
1311877987.713370  0.154757 -0.126453  0.429901 0.0266495 0.9895 0.136607 0.0389636
1311877987.746043   0.15532 -0.128326  0.443173 0.0272896 0.989947 0.131703 0.0437494
1311877987.781300  0.154483 -0.129965  0.452956 0.028105 0.990007 0.128879 0.0498716
1311877987.813757  0.155692 -0.133126   0.46261 0.0279316 0.989519 0.129974 0.0563723
1311877987.845189 0.154602 -0.13488 0.475547 0.0284808 0.98914 0.129789 0.0628108
1311877987.881560  0.152112 -0.131526  0.480306 0.0292638 0.988662 0.129423 0.0702891
1311877987.913317  0.155008 -0.135086  0.491162 0.0282485 0.988039 0.131186 0.0759734
1311877987.945829  0.148836 -0.133494   0.49712 0.0287909 0.98737 0.131046 0.0842503
1311877987.981225  0.146157 -0.132585  0.506208 0.0282289 0.986909 0.129943 0.0912645
1311877988.013352  0.148409 -0.137447  0.530142 0.0296501 0.986584 0.128453 0.0962946
1311877988.045226  0.145045 -0.137662  0.538549 0.0291482 0.985415 0.13078 0.104897
1311877988.081316   0.13972 -0.135363  0.544869 0.0290538 0.98484 0.127556 0.113912
1311877988.115233   0.13977 -0.140274   0.55617 0.028954 0.98426 0.127488 0.118918
1311877988.145291  0.137327 -0.141992  0.567652 0.0288905 0.983673 0.126149 0.125057
1311877988.182411  0.136692 -0.144737  0.579276 0.0293651 0.983019 0.12519 0.130914
1311877988.213849  0.138525 -0.150412  0.594745 0.0281792 0.982081 0.127019 0.136341
1311877988.245209 0.134463 -0.13219 0.582856 0.0239431 0.981545 0.123155 0.144326
1311877988.281395  0.141154 -0.142947  0.620367 0.0228867 0.981036 0.122538 0.148421
1311877988.313351   0.13917 -0.144649  0.629832 0.0218362 0.97961 0.123976 0.15658
1311877988.345582  0.134324 -0.140974  0.631028 0.0208501 0.978682 0.122168 0.163771
1311877988.382561  0.131145 -0.147086  0.655717 0.0224533 0.97814 0.120885 0.167705
1311877988.413342  0.130176 -0.144831  0.646188 0.0226433 0.976948 0.121106 0.174337
1311877988.445373  0.130419 -0.167478  0.698499 0.023339 0.975818 0.124307 0.178277
1311877988.481323  0.12009 -0.15242 0.673962 0.0250318 0.974004 0.124427 0.187638
1311877988.513367  0.117351 -0.159496  0.675836 0.0257606 0.971848 0.12809 0.196064
1311877988.545264   0.11294 -0.162072  0.683807 0.0292577 0.971371 0.121727 0.201901
1311877988.581553  0.110917 -0.167127  0.699245 0.0305857 0.970558 0.119697 0.206769
1311877988.613488  0.101711 -0.208554  0.742289 0.034477 0.967307 0.131868 0.213868
1311877988.645244 0.0820415 -0.184753  0.706007 0.0360507 0.96473 0.128635 0.226827
1311877988.681668 0.0821707 -0.186268  0.716696 0.0355363 0.964557 0.124936 0.229692
1311877988.713128 0.0821216 -0.193567   0.74476 0.0339434 0.963609 0.123596 0.234583
1311877988.745247 0.0766503 -0.195526  0.753184 0.0326901 0.961831 0.123708 0.241887
1311877988.781365 0.0741057 -0.194964  0.762685 0.0320256 0.960729 0.123323 0.246509
1311877988.813263 0.0729644 -0.194666  0.768838 0.0324551 0.959429 0.121555 0.252324
1311877988.845323  0.065188 -0.197533  0.784701 0.0333963 0.958131 0.119262 0.258158
1311877988.881274 0.0627406 -0.248115  0.847836 0.0322186 0.956521 0.130286 0.258952
1311877988.913144 0.0824991 -0.199396  0.799259 0.0289327 0.955631 0.121654 0.266706
1311877988.947026 0.0798593 -0.197202  0.798291 0.0291128 0.954469 0.117225 0.272763
1311877988.981596 0.0974353 -0.165398  0.904415 0.018197 0.959059 0.0978726 0.265133
1311877989.014453  0.122321 -0.151681  0.868406 0.0148985 0.956807 0.100735 0.272306
1311877989.045946  0.113751 -0.125523  0.850194 0.0147229 0.95508 0.0911924 0.281583
1311877989.081595  0.100723 -0.155777  0.927816 0.0104104 0.955091 0.0963361 0.280021
1311877989.113234 0.0939765 -0.137727  0.889897 0.00940145 0.949724 0.101121 0.296158
1311877989.145299  0.093427 -0.141166   0.88185 0.00778505 0.948472 0.105308 0.298748
1311877989.181221   0.152066 -0.0297929    0.84609 0.0195501 0.952467 0.0792009 0.293516
1311877989.213160  0.0848872 -0.0540165    0.89703 0.0261958 0.949139 0.0831105 0.302559
1311877989.245655  0.0600843 -0.0552664   0.933368 0.025585 0.94805 0.0828976 0.306063
1311877989.282306  0.0688905 -0.0550045   0.936582 0.0231622 0.947354 0.0896888 0.306496
1311877989.313299  0.0612975 -0.0603649   0.946606 0.0229406 0.945311 0.0954704 0.311041
1311877989.381400 -0.00520339   -0.107923     1.01366 0.0141432 0.943607 0.100287 0.315196
1311877989.413184 0.0326362 -0.103899   1.01199 0.0126275 0.942055 0.110144 0.316609
1311877989.445504 -0.0538687  -0.313767    1.02132 -0.00674911 0.931508 0.164227 0.324465
1311877989.545487 0.0537417  -0.27901  0.982589 -0.0149002 0.931983 0.173086 0.318162
1311877989.581946 0.0619438 -0.460963    1.1743 -0.0370827 0.932451 0.210281 0.291447
1311877989.613197  0.108365 -0.494824   1.18227 -0.0457632 0.933923 0.2125 0.283791
1311877989.681089  0.116601 -0.475434   1.18266 -0.0339793 0.932856 0.221093 0.282388
1311877989.713110 -0.0753276  -0.634538    1.20132 -0.0297473 0.914681 0.256192 0.311191
1311877989.745308 -0.111826  0.235288   1.38541 0.0266978 0.942163 0.120252 0.311699
1311877989.813204 -0.163746  0.225566   1.44973 0.0294791 0.941851 0.121816 0.311784
1311877989.845377 -0.155826  0.237775    1.4357 0.0289001 0.942266 0.120387 0.311137
1311877989.881101 -0.167165  0.232502   1.45668 0.0297972 0.943176 0.120916 0.308076
1311877989.913151 -0.181938  0.228197   1.47334 0.0300991 0.943197 0.126133 0.305881
1311877989.945276 -0.167698  0.228926   1.45238 0.0277505 0.941959 0.133709 0.3067
1311877989.981106 -0.177125  0.263169   1.40118 0.0350344 0.939826 0.124067 0.316396
1311877990.013239 -0.192002  0.253861   1.43669 0.0344968 0.942653 0.116434 0.3109
1311877990.045910 -0.225809  0.254179   1.50702 0.0343076 0.94311 0.117907 0.308974
1311877990.081043 -0.221638  0.281594   1.44969 0.0577114 0.94019 0.128937 0.30998
1311877990.113158 -0.21823 0.306359  1.43271 0.059449 0.941751 0.123436 0.307139
1311877990.145112 -0.226027  0.307934    1.3905 0.0694027 0.940801 0.122347 0.308396
1311877990.181628 -0.240964  0.305088   1.40945 0.0710629 0.941454 0.116644 0.308234
1311877990.213338 -0.26724 0.211307   1.4702 0.070792 0.941352 0.136375 0.300411
1311877990.246971 -0.258722  0.219942   1.48033 0.0683604 0.940598 0.145882 0.298864
1311877990.281766 -0.202358  0.262101   1.43539 0.0743724 0.944072 0.132836 0.292492
1311877990.313216 -0.234437  0.264329   1.47033 0.0784126 0.946221 0.122311 0.289064
1311877990.345485 -0.27173 0.244846  1.55079 0.077073 0.94643 0.124983 0.287593
1311877990.381027 -0.261245  0.242118   1.49776 0.0793249 0.943617 0.133708 0.292262
1311877990.413154 -0.274088  0.229159   1.53222 0.0748023 0.944168 0.137646 0.289836
1311877990.445390 -0.255488  0.240352   1.48828 0.0774431 0.944449 0.136223 0.288896
1311877990.481261 -0.278129  0.245608   1.54098 0.0772288 0.944979 0.13149 0.289416
1311877990.513067 -0.256138  0.266107   1.51945 0.0762499 0.945883 0.127088 0.288687
1311877990.545278 -0.265807  0.265605    1.5315 0.0774243 0.94651 0.123751 0.287767
1311877990.581216 -0.293306  0.261903   1.56491 0.0762196 0.946146 0.123228 0.289505
1311877990.613361 -0.285617  0.269806   1.54999 0.0751364 0.944865 0.125256 0.293079
1311877990.645422 -0.27712 0.267846  1.51517 0.0752138 0.944243 0.12528 0.295046
1311877990.681211 -0.288305  0.265888   1.53184 0.0768723 0.945577 0.120306 0.292406
1311877990.716375 -0.353779  0.225258   1.56412 0.0803717 0.941537 0.133847 0.298552
1311877990.749050 -0.340512  0.260358   1.51711 0.0832232 0.940713 0.127903 0.302943
1311877990.781570 -0.358142  0.248818   1.54314 0.0849533 0.941384 0.127886 0.300373
1311877990.813208 -0.353151  0.253084   1.52696 0.0879263 0.941411 0.125625 0.300387
1311877990.846338 -0.373553  0.240534   1.56998 0.0877141 0.94197 0.124403 0.299203
1311877990.881388 -0.385195   0.23299    1.5971 0.0869155 0.941821 0.129649 0.297674
1311877990.913255 -0.38452 0.255986  1.56772 0.0879431 0.940379 0.127818 0.30268
1311877990.947856 -0.385913  0.257685   1.56897 0.08873 0.940555 0.126412 0.302496
1311877990.981239 -0.393769  0.251628   1.58859 0.0886176 0.940751 0.125913 0.302128
1311877991.013292 -0.396802  0.252868   1.58985 0.0890922 0.940185 0.1257 0.303833
1311877991.046012 -0.400099  0.252576    1.5881 0.0895432 0.939843 0.126729 0.304329
1311877991.081282 -0.411092  0.251453   1.59788 0.0898242 0.939955 0.125853 0.304266
1311877991.113223 -0.403765  0.253818   1.58935 0.0908688 0.939984 0.124942 0.304242
1311877991.146984 -0.414138  0.250354   1.60911 0.0914377 0.940471 0.122757 0.303453
1311877991.181164 -0.420899  0.248434   1.61453 0.0913885 0.940448 0.122879 0.303491
1311877991.213206 -0.419205  0.250776   1.61121 0.0905526 0.940427 0.122691 0.303882
1311877991.247454 -0.428969  0.247963    1.6268 0.0903267 0.940431 0.122382 0.30406
1311877991.281199 -0.42311 0.250261  1.61882 0.0904122 0.940303 0.122568 0.304358
1311877991.313119 -0.424245   0.25291   1.62696 0.0920761 0.940762 0.11911 0.303813
1311877991.346808 -0.470613  0.245729   1.66085 0.0902019 0.940087 0.121179 0.305641
1311877991.381473 -0.649276  0.166206   1.70741 0.0934915 0.926023 0.153997 0.331702
1311877991.413254 -0.511243   0.20738   1.60869 0.0772283 0.933735 0.155904 0.31284
1311877991.445950 -0.533241  0.191844   1.64604 0.0784107 0.935464 0.147977 0.311226
1311877991.482433 -0.558845  0.186007   1.67971 0.0795563 0.936337 0.141626 0.311265
1311877991.513332 -0.556204  0.184297   1.67573 0.078539 0.93622 0.14315 0.311179
1311877991.549059 -0.567568   0.18269   1.69081 0.0794208 0.937275 0.140597 0.308933
1311877991.581527 -0.57114 0.182446   1.6921 0.0792317 0.937706 0.143039 0.306545
1311877991.614020 -0.569889  0.181816   1.69285 0.0792358 0.938263 0.142571 0.305053
1311877991.648788 -0.577502  0.180916   1.69256 0.0809628 0.938479 0.139523 0.305346
1311877991.681496 -0.57477 0.166162  1.77622 0.0749444 0.942743 0.141917 0.292368
1311877991.713272 -0.576396  0.193271   1.71896 0.0795057 0.939149 0.145239 0.30097
1311877991.745535 -0.575508  0.191467   1.72158 0.0792371 0.940777 0.141879 0.29754
1311877991.781179 -0.584611  0.164807   1.74698 0.0792662 0.941876 0.147134 0.291442
1311877991.813164 -0.583488  0.151911    1.7422 0.0781637 0.940091 0.157046 0.292327
1311877991.848858 -0.587916  0.149854   1.76108 0.0776172 0.941875 0.155412 0.287565
1311877991.881256 -0.584142  0.152523   1.76595 0.075999 0.943029 0.160692 0.281245
1311877991.913383 -0.587508  0.152481   1.77146 0.075237 0.942808 0.163192 0.28075
1311877991.947388 -0.583307  0.174831   1.69492 0.079982 0.941849 0.160188 0.284365
1311877991.982780 -0.597323  0.166558   1.70605 0.0810943 0.942496 0.161658 0.281055
1311877992.014831 -0.596241  0.164877   1.70426 0.0816298 0.943315 0.161528 0.278211
1311877992.045496 -0.603444   0.16519   1.71395 0.0817532 0.945684 0.155887 0.273308
1311877992.081334 -0.60691 0.161861  1.72298 0.0824995 0.947796 0.154024 0.266747
1311877992.116861 -0.61359 0.152124  1.77036 0.0800389 0.949623 0.154099 0.26089
1311877992.145355 -0.615274  0.153408   1.77361 0.0783501 0.951122 0.154702 0.255531
1311877992.181311 -0.61304 0.154596  1.77085 0.0791723 0.952478 0.15563 0.249594
1311877992.215291 -0.61486  0.16118  1.76581 0.0795024 0.953359 0.151047 0.248939
1311877992.245446 -0.621617  0.141757   1.81404 0.0779953 0.954327 0.155078 0.243162
1311877992.281279 -0.614981  0.149906   1.79912 0.0772065 0.954865 0.157006 0.240045
1311877992.315749 -0.613689  0.151196     1.798 0.0770372 0.955835 0.157599 0.235811
1311877992.346330 -0.614859  0.153759   1.80201 0.0775748 0.957335 0.154474 0.231579
1311877992.381176 -0.622996  0.149371   1.81956 0.0774339 0.958327 0.154618 0.227392
1311877992.415261 -0.622924  0.150283   1.81544 0.0775594 0.958971 0.15522 0.224201
1311877992.445887 -0.632629   0.14331   1.83663 0.0788643 0.95966 0.15641 0.219929
1311877992.481103 -0.633705  0.145279   1.83542 0.0789409 0.960178 0.158019 0.216464
1311877992.513476 -0.633223  0.140972   1.83625 0.0777956 0.960153 0.162967 0.213299
1311877992.549138 -0.632456  0.141584   1.85221 0.0791405 0.961065 0.162779 0.208791
1311877992.582464 -0.645414  0.140062   1.82839 0.0785907 0.959481 0.170517 0.210105
1311877992.613674 -0.635007  0.152183   1.83545 0.0791173 0.961575 0.163814 0.205619
1311877992.713256 -0.65488 0.147002  1.82877 0.0814085 0.963183 0.157084 0.202425
1311877992.745085 -0.685908  0.133374   1.87722 0.0844101 0.965083 0.150975 0.196715
1311877992.781291 -0.694213  0.126374   1.87973 0.0839181 0.964335 0.155864 0.196779
1311877992.813491 -0.706399  0.124069   1.90811 0.085072 0.965234 0.154401 0.192994
1311877992.845104 -0.700331  0.124749   1.90348 0.0824107 0.96612 0.159248 0.185633
1311877992.881253 -0.704933  0.135089   1.87969 0.083913 0.966695 0.156584 0.18423
1311877992.915205 -0.711983  0.138813   1.88717 0.086122 0.968196 0.152488 0.178682
1311877992.947255 -0.704855  0.138373   1.89778 0.0860662 0.97056 0.147047 0.170245
1311877992.981664 -0.70935 0.126605  1.92445 0.0860014 0.971346 0.147182 0.165616
1311877993.014354 -0.706657  0.119327   1.94656 0.0853636 0.972026 0.149016 0.160224
1311877993.045661 -0.706473  0.119166   1.95187 0.0835481 0.972226 0.154085 0.155096
1311877993.081979 -0.725033  0.132559   1.94294 0.0862017 0.973987 0.14281 0.153374
1311877993.114622 -0.714695  0.112878   1.97493 0.0884616 0.974487 0.15034 0.141239
1311877993.145198 -0.714328    0.1145   1.97431 0.0862265 0.973596 0.158171 0.140207
1311877993.181241 -0.703974  0.124588   1.95052 0.0888327 0.97424 0.159681 0.132166
1311877993.215612 -0.70757  0.13055  1.94745 0.0882749 0.97537 0.160094 0.123416
1311877993.245044 -0.692381  0.103998   1.96599 0.0884474 0.975173 0.166878 0.115615
1311877993.283277 -0.701538  0.111195   1.96759 0.0871561 0.975554 0.166549 0.113839
1311877993.315926 -0.702366  0.112404   1.96857 0.0883551 0.976269 0.166942 0.105934
1311877993.346529 -0.704549  0.102038   1.98771 0.0877132 0.97663 0.170437 0.0972218
1311877993.383811 -0.722671  0.117027   1.98452 0.088549 0.977435 0.167109 0.0941026
1311877993.413001 -0.722107  0.102908   2.00136 0.086665 0.97788 0.169805 0.0860623
1311877993.445060 -0.725064  0.107969   2.00081 0.0855537 0.979013 0.165808 0.0819856
1311877993.483140 -0.731073 0.0964755   2.02736 0.0859552 0.979739 0.164763 0.0746696
1311877993.515915 -0.724192 0.0897872   2.03438 0.0874337 0.979836 0.167279 0.0655367
1311877993.555473 -0.724008 0.0915505   2.03861 0.0869233 0.979863 0.169192 0.0607293
1311877993.585891 -0.721802 0.0793073   2.05986 0.0853568 0.979789 0.17284 0.0534189
1311877993.619446 -0.722497 0.0940352    2.0499 0.0841999 0.980626 0.170016 0.0487644
1311877993.646090 -0.718517 0.0788958   2.06614 0.0838564 0.980661 0.17194 0.0413307
1311877993.688203 -0.715183 0.0810101   2.07674 0.0829319 0.981015 0.171815 0.0348103
1311877993.722785 -0.715276 0.0633047   2.09807 0.0820154 0.980058 0.17873 0.0285677
1311877993.749718 -0.719715 0.0722839   2.09988 0.0812507 0.980669 0.176162 0.0255721
1311877993.783115 -0.724885 0.0606591    2.0856 0.0799475 0.980476 0.178404 0.0211369
1311877993.815232 -0.726485 0.0561207   2.10417 0.0787719 0.981754 0.172488 0.0142332
1311877993.847836 -0.723004 0.0499366    2.1172 0.0783025 0.981992 0.171817 0.00632613
1311877993.882874 -0.713832 0.0523492   2.12157 0.0775713 0.981763 0.173557 -0.00145776
1311877993.915841 -0.715615 0.0530392   2.12869 0.0775624 0.981933 0.172473 -0.00673819
1311877993.947127 -0.716493 0.0500885   2.14224 0.0778896 0.981857 0.172452 -0.0122907
1311877993.983200 -0.714325 0.0493063   2.14724 0.0775349 0.981545 0.173961 -0.0172011
1311877994.017110 -0.719555 0.0536297   2.15591 0.0781633 0.981674 0.172482 -0.0213697
1311877994.054266 -0.715738 0.0462142    2.1625 0.0776255 0.981299 0.173956 -0.0276718
1311877994.085465 -0.710356  0.042396   2.17586 0.0771528 0.981152 0.173841 -0.03416
1311877994.117556 -0.705886 0.0417595   2.18322 0.0753517 0.98124 0.172787 -0.0404418
1311877994.145400   -0.7049 0.0406019   2.19632 0.074145 0.981294 0.171563 -0.0461566
1311877994.183353 -0.706616 0.0393674    2.2032 0.0733893 0.980997 0.172029 -0.0516158
1311877994.213144 -0.707418 0.0387119   2.21042 0.0732047 0.98081 0.171451 -0.0570721
1311877994.245272 -0.709438 0.0389885   2.22036 0.074048 0.98035 0.171877 -0.06236
1311877994.282241 -0.705334 0.0384961   2.22106 0.0738018 0.979672 0.173467 -0.0685971
1311877994.314073 -0.701176 0.0339143   2.23855 0.0737277 0.979267 0.173355 -0.0744853
1311877994.346663 -0.696366 0.0365398   2.23465 0.072677 0.978821 0.173881 -0.0799484
1311877994.382802 -0.693823 0.0324143   2.24685 0.0726245 0.978375 0.173729 -0.0855915
1311877994.413234 -0.696951 0.0278065   2.25746 0.0735819 0.977398 0.176249 -0.0906392
1311877994.451762 -0.696945 0.0279026   2.26191 0.0730668 0.977108 0.175297 -0.0958772
1311877994.493583 -0.699397 0.0242776   2.27282 0.0727833 0.976501 0.175585 -0.101579
1311877994.524996 -0.696187 0.0225122   2.28343 0.072298 0.975736 0.176729 -0.107139
1311877994.555597 -0.698104 0.0253773   2.28374 0.0718581 0.975426 0.175742 -0.111779
1311877994.615634 -0.692154 0.0150475   2.30238 0.0718865 0.973581 0.177441 -0.124447
1311877994.648927 -0.691762 0.0168971   2.31319 0.071555 0.973264 0.175557 -0.129678
1311877994.681097 -0.687312 0.0127843   2.32757 0.0712062 0.97229 0.176459 -0.135807
1311877994.715925 -0.686294 0.0119657   2.33316 0.0713879 0.971528 0.17634 -0.141215
1311877994.750867   -0.67916 0.00714896    2.34984 0.0703738 0.970611 0.176705 -0.147433
1311877994.780987  -0.676731 0.00540988    2.35777 0.0707517 0.969809 0.176269 -0.152954
1311877994.814013   -0.672082 -0.00323899     2.36607 0.0702727 0.968315 0.1791 -0.159222
1311877994.851548    -0.676923 -0.000931242      2.37004 0.0702488 0.967864 0.177267 -0.163957
1311877994.880999   -0.676041 -0.00132276     2.37507 0.0700497 0.966887 0.176911 -0.170075
1311877994.915270    -0.67551 -0.00349601     2.38033 0.0701421 0.966099 0.176663 -0.174711
1311877994.948958  -0.667423 -0.0112756    2.40175 0.0692476 0.965172 0.177404 -0.179374
1311877994.980970   -0.671974 -0.00781324     2.39813 0.0699934 0.964488 0.177152 -0.182978
1311877995.014587  -0.669514 -0.0112469    2.40698 0.0695222 0.963673 0.17747 -0.187096
1311877995.050453  -0.659114 -0.0156925    2.41556 0.0690637 0.962454 0.178274 -0.192694
1311877995.082149  -0.654548 -0.0142557    2.43229 0.0681918 0.962065 0.176396 -0.196637
1311877995.115362  -0.655861 -0.0189065    2.43717 0.0697848 0.960596 0.179356 -0.20054
1311877995.148943 -0.656965 -0.020681   2.44508 0.0689239 0.960239 0.17794 -0.203785
1311877995.180977 -0.653565 -0.023733   2.44988 0.0690427 0.958883 0.178611 -0.209464
1311877995.214302  -0.653978 -0.0291926    2.45228 0.0694694 0.957583 0.180572 -0.213548
1311877995.250422  -0.645007 -0.0297577    2.45875 0.0677229 0.956832 0.178961 -0.218768
1311877995.281264  -0.642697 -0.0327743     2.4612 0.0676148 0.955234 0.181172 -0.223906
1311877995.313671  -0.639812 -0.0347455    2.46727 0.0665958 0.954226 0.181101 -0.228517
1311877995.350175  -0.635129 -0.0376771    2.47696 0.0657026 0.952972 0.181956 -0.233279
1311877995.381330   -0.63134 -0.0388125    2.48185 0.0651199 0.951896 0.182322 -0.237511
1311877995.412952  -0.625945 -0.0415444    2.49065 0.0641861 0.95078 0.182767 -0.241856
1311877995.450269  -0.624838 -0.0429683    2.49301 0.0643262 0.949592 0.183607 -0.245816
1311877995.482895  -0.624432 -0.0429889    2.50008 0.0645963 0.948664 0.183351 -0.249492
1311877995.514560  -0.618828 -0.0447916    2.50447 0.0645104 0.947357 0.183434 -0.254371
1311877995.550607  -0.612546 -0.0496312    2.51607 0.0648236 0.946078 0.184181 -0.258478
1311877995.581014  -0.616848 -0.0508941     2.5188 0.0657397 0.944854 0.186497 -0.261054
1311877995.613025  -0.616771 -0.0524535    2.52289 0.0647261 0.944146 0.185484 -0.264564
1311877995.649205 -0.609267 -0.055002   2.52949 0.0642935 0.942259 0.187307 -0.270056
1311877995.681004  -0.609025 -0.0551466    2.53148 0.0639945 0.941341 0.187164 -0.273407
1311877995.713084  -0.604324 -0.0570352    2.54085 0.0630991 0.94024 0.185589 -0.278432
1311877995.749212 -0.597549 -0.060744   2.54913 0.062599 0.938384 0.185869 -0.284551
1311877995.781775  -0.594736 -0.0637227    2.55638 0.0618461 0.937214 0.184967 -0.289124
1311877995.813220  -0.583185 -0.0686272    2.56394 0.060577 0.935032 0.185945 -0.295752
1311877995.849635  -0.578061 -0.0695711    2.56704 0.0597208 0.933436 0.185742 -0.301049
1311877995.881634  -0.568403 -0.0726186    2.57567 0.0586743 0.931629 0.185593 -0.306888
1311877995.913052 -0.567634 -0.070728   2.58532 0.0592477 0.93027 0.185199 -0.311108
1311877995.948987  -0.561431 -0.0747874     2.5926 0.0587998 0.928606 0.185022 -0.316229
1311877995.980941  -0.552237 -0.0761089    2.59636 0.0574567 0.926608 0.184935 -0.322327
1311877996.013190  -0.547482 -0.0799598    2.60457 0.0572015 0.924932 0.18528 -0.326955
1311877996.048925    -0.5364 -0.0834279    2.60693 0.0560212 0.922405 0.186527 -0.333524
1311877996.082011  -0.530103 -0.0842305    2.61483 0.0552295 0.920577 0.186745 -0.338547
1311877996.113055   -0.53379 -0.0855918    2.62346 0.0549742 0.919721 0.185671 -0.341494
1311877996.149588  -0.523944 -0.0883834    2.63589 0.05483 0.917502 0.185516 -0.347517
1311877996.180854  -0.517381 -0.0923395    2.63914 0.0550923 0.914968 0.186532 -0.353561
1311877996.213077  -0.508821 -0.0974124    2.64773 0.0545706 0.912927 0.186335 -0.358979
1311877996.248888 -0.499152 -0.101446   2.65207 0.0539335 0.910379 0.187043 -0.365125
1311877996.280844 -0.497913  -0.10401   2.65601 0.0546889 0.908202 0.188425 -0.369695
1311877996.313128 -0.490641 -0.107365   2.66199 0.0541805 0.905877 0.189128 -0.375075
1311877996.348838 -0.484725 -0.109531   2.66507 0.0531855 0.9037 0.188492 -0.380746
1311877996.382897 -0.477245 -0.109974   2.67165 0.0530659 0.901432 0.188166 -0.386262
1311877996.412924 -0.469175 -0.113492   2.67539 0.0525336 0.898657 0.189586 -0.392062
1311877996.449730 -0.463776 -0.115137   2.67909 0.0519745 0.896422 0.18923 -0.39739
1311877996.486164 -0.457982 -0.118082   2.68095 0.0507838 0.894114 0.188531 -0.403034
1311877996.512906 -0.446083 -0.118512   2.68608 0.0503258 0.89119 0.188943 -0.409327
1311877996.550474  -0.44116 -0.120792   2.69284 0.0497455 0.889247 0.188379 -0.413859
1311877996.582871 -0.431204 -0.121133   2.70254 0.049684 0.886839 0.187595 -0.419351
1311877996.613342 -0.428672  -0.11901   2.70723 0.0506824 0.884445 0.187226 -0.424423
1311877996.652087 -0.419058 -0.121707   2.70817 0.0495252 0.881452 0.187041 -0.430819
1311877996.686324 -0.413378 -0.124574    2.7102 0.0497448 0.878247 0.188856 -0.43651
1311877996.712950 -0.401805 -0.126545   2.71727 0.0484672 0.875782 0.187944 -0.441967
1311877996.749316 -0.396295 -0.128407   2.71865 0.0474477 0.872833 0.188129 -0.447794
1311877996.782930 -0.389407  -0.13156    2.7191 0.0459359 0.869864 0.188696 -0.453454
1311877996.813057 -0.379946 -0.135155   2.71841 0.0445699 0.866364 0.189558 -0.459885
1311877996.850973 -0.370283  -0.13499   2.72092 0.0434162 0.863447 0.188602 -0.465836
1311877996.881723 -0.362718 -0.139284   2.72495 0.0421443 0.860712 0.188759 -0.470923
1311877996.913267 -0.352534 -0.141093   2.72443 0.0410156 0.857268 0.188581 -0.477332
1311877996.948816 -0.342803 -0.140451   2.72785 0.0407131 0.854396 0.187227 -0.483006
1311877996.981214 -0.335432 -0.141572   2.73355 0.0406993 0.851631 0.187322 -0.48783
1311877997.013213 -0.329655 -0.143364   2.73452 0.0394042 0.848871 0.186455 -0.493052
1311877997.049126 -0.319031 -0.142586   2.73665 0.0394795 0.845353 0.185804 -0.499297
1311877997.081207 -0.312287 -0.144083   2.74216 -0.0385128 -0.843031 -0.185092 0.503544
1311877997.113218 -0.304323 -0.145248   2.74516 -0.0381649 -0.83981 -0.185198 0.508885
1311877997.151064 -0.296951 -0.144335    2.7493 -0.0363292 -0.837581 -0.182813 0.513534
1311877997.180999 -0.288882 -0.147823   2.74986 -0.0354741 -0.833761 -0.185037 0.518985
1311877997.213027 -0.280263 -0.149982   2.75418 -0.0343696 -0.831284 -0.183756 0.523468
1311877997.251305 -0.270631 -0.152238   2.75815 -0.0336777 -0.828036 -0.183365 0.528772
1311877997.282113 -0.261676 -0.155253   2.76325 -0.0337906 -0.825094 -0.182809 0.533535
1311877997.313048 -0.253972  -0.15638    2.7673 -0.0336976 -0.822063 -0.182141 0.538425
1311877997.351543 -0.247525 -0.159046   2.76996 -0.0338356 -0.819003 -0.182271 0.543017
1311877997.381191  -0.24079 -0.161685   2.77134 -0.0334396 -0.815506 -0.183096 0.548003
1311877997.413415 -0.234948 -0.164055   2.77571 -0.0324492 -0.81342 -0.181493 0.551684
1311877997.449911 -0.225399  -0.16753   2.77792 -0.0313228 -0.810147 -0.18104 0.556691
1311877997.480947 -0.217848 -0.168878   2.78177 -0.0313966 -0.80718 -0.180762 0.56107
1311877997.513030 -0.208875 -0.170729   2.78512 -0.0305286 -0.804459 -0.180216 0.565187
1311877997.549262 -0.199334 -0.172827   2.78761 -0.0299332 -0.801361 -0.180549 0.569498
1311877997.580987 -0.191727 -0.174669   2.79055 -0.0294415 -0.798662 -0.18039 0.573351
1311877997.612970 -0.184257 -0.176154    2.7931 -0.0290726 -0.795682 -0.180277 0.577534
1311877997.650644 -0.175426 -0.177279   2.79564 -0.0289497 -0.792608 -0.179647 0.581947
1311877997.680964 -0.168349 -0.179103   2.79915 -0.0282994 -0.790161 -0.178471 0.585656
1311877997.713016 -0.160309 -0.178975   2.80281 -0.0289129 -0.787124 -0.178073 0.589822
1311877997.749580 -0.152411 -0.180818   2.80539 -0.0295749 -0.78397 -0.179198 0.593636
1311877997.780955 -0.143289 -0.182544   2.80746 -0.0273104 -0.781791 -0.178093 0.596942
1311877997.812999 -0.137028 -0.185892    2.8093 -0.0268571 -0.778963 -0.178913 0.600404
1311877997.849242 -0.127323 -0.185036   2.81314 -0.0253309 -0.777572 -0.176901 0.602864
1311877997.881100 -0.117941 -0.188221     2.814 -0.0245681 -0.77509 -0.177568 0.605889
1311877997.913031 -0.108454 -0.190354   2.81604 -0.0237254 -0.773346 -0.176266 0.608525
1311877997.950855 -0.0976789  -0.191097    2.82048 -0.0227555 -0.772625 -0.174681 0.609934
1311877997.981021 -0.0880703  -0.193981    2.82245 -0.022745 -0.771311 -0.174365 0.611685
1311877998.013052 -0.0785285  -0.195342     2.8258 -0.0232156 -0.771075 -0.172525 0.612486
1311877998.050066 -0.0697745  -0.195212    2.82926 -0.023697 -0.770831 -0.17228 0.612844
1311877998.080982 -0.0610249  -0.196462     2.8316 -0.0251662 -0.770813 -0.171615 0.612995
1311877998.113001 -0.0527543  -0.198155    2.83471 -0.0262287 -0.770907 -0.173206 0.612384
1311877998.149028 -0.0450703  -0.198992    2.83731 -0.0272581 -0.771079 -0.173383 0.612072
1311877998.180937 -0.0361332  -0.200565    2.83893 -0.0275183 -0.77142 -0.173384 0.61163
1311877998.213120 -0.0275427  -0.201294    2.84115 -0.0285801 -0.772116 -0.173627 0.610634
1311877998.249166 -0.0176829  -0.202519    2.84379 -0.0280252 -0.773906 -0.172891 0.608599
1311877998.281045 -0.00790767   -0.204032     2.84442 -0.0269234 -0.774998 -0.172488 0.607372
1311877998.312942 0.00172451  -0.205525    2.84598 -0.0277687 -0.776619 -0.171635 0.605502
1311877998.349093  0.011199 -0.206454    2.8482 -0.0278702 -0.778803 -0.17182 0.602634
1311877998.380973 0.0209071 -0.208279   2.84991 -0.0281315 -0.781113 -0.171061 0.599841
1311877998.413085 0.0302991 -0.209832   2.85127 -0.028365 -0.7835 -0.17056 0.596852
1311877998.449293 0.0391215 -0.211262   2.85381 -0.028822 -0.786293 -0.170174 0.593256
1311877998.481183  0.048096 -0.211883   2.85576 -0.0297572 -0.789067 -0.1697 0.589652
1311877998.512957 0.0565356 -0.212696   2.85716 -0.0304383 -0.792026 -0.170046 0.585536
1311877998.548936 0.063562 -0.21378    2.857 -0.0307053 -0.795193 -0.17004 0.581216
1311877998.581071 0.0739311 -0.215334   2.85884 -0.031388 -0.798717 -0.170145 0.576296
1311877998.613049 0.0798764 -0.216432   2.85955 -0.0323797 -0.802493 -0.171166 0.570666
1311877998.648939 0.0881292 -0.217701   2.86016 -0.0321825 -0.806361 -0.171193 0.56519
1311877998.680937 0.0976244 -0.218697   2.86357 -0.032807 -0.810715 -0.170373 0.559141
1311877998.712990  0.105915 -0.221099   2.86448 -0.0337248 -0.814254 -0.170733 0.553808
1311877998.749068  0.114708 -0.222553    2.8675 -0.0346117 -0.818042 -0.170565 0.548194
1311877998.781029  0.122914 -0.224131   2.87042 -0.0342214 -0.821997 -0.169895 0.54248
1311877998.813039   0.13226 -0.226604   2.87219 -0.0358274 -0.825142 -0.170972 0.537238
1311877998.848903  0.140013 -0.228001   2.87458 -0.0354798 -0.829243 -0.170787 0.53097
1311877998.880924  0.149132 -0.231113   2.87804 -0.0356693 -0.83258 -0.171616 0.52544
1311877998.913085  0.157869 -0.230919    2.8844 -0.0358736 -0.836424 -0.170136 0.519771
1311877998.948962  0.164993 -0.233245    2.8877 -0.036908 -0.839675 -0.171102 0.514109
1311877998.980993  0.172502 -0.235583   2.88965 -0.037213 -0.842707 -0.171725 0.508892
1311877999.013012  0.182163 -0.234373   2.89727 -0.0371291 -0.84671 -0.169973 0.502805
1311877999.048964  0.190013 -0.237557   2.89931 0.037663 0.849648 0.171389 -0.497299
1311877999.081058 0.197656 -0.23783  2.90228 0.0384229 0.852633 0.171585 -0.492036
1311877999.112999 0.204321 -0.24102   2.9039 0.0386258 0.855699 0.172894 -0.486205
1311877999.149007  0.212705 -0.245337    2.9067 0.0394883 0.858475 0.174313 -0.480704
1311877999.180996  0.221495 -0.246839   2.91166 0.0405807 0.861585 0.174335 -0.475007
1311877999.213074  0.229039 -0.247843    2.9179 0.0415739 0.864944 0.17443 -0.468741
1311877999.249008  0.236056 -0.250511   2.92016 0.0421737 0.867899 0.175075 -0.462949
1311877999.280954  0.245267 -0.252697   2.92333 0.043002 0.870506 0.176252 -0.457499
1311877999.312964  0.251338 -0.257219   2.92378 0.0423542 0.873569 0.177631 -0.451144
1311877999.349099  0.25796 -0.26103  2.92747 0.0417241 0.876344 0.178121 -0.445594
1311877999.380892  0.267435 -0.260531   2.93434 0.043367 0.878803 0.177023 -0.441007
1311877999.413111 0.275841 -0.26176  2.94192 0.0446023 0.881781 0.177001 -0.434906
1311877999.449043  0.280901 -0.269635   2.94216 0.046184 0.883434 0.18203 -0.429275
1311877999.481009  0.288338 -0.271412     2.949 0.0459586 0.886761 0.17978 -0.423346
1311877999.512938  0.294431 -0.273968   2.95091 0.0457266 0.889334 0.17905 -0.418253
1311877999.549042  0.302021 -0.277233   2.95427 0.0454206 0.892101 0.179429 -0.412187
1311877999.581031 0.312416 -0.28247  2.95753 0.0464846 0.893629 0.181746 -0.407719
1311877999.613018  0.316428 -0.288293   2.95759 0.0466206 0.895916 0.185071 -0.401135
1311877999.649034 0.323163 -0.28844   2.9653 0.0479165 0.898987 0.183539 -0.394765
1311877999.680781  0.328872 -0.291881   2.97115 0.0473617 0.901882 0.182928 -0.388463
1311877999.713050  0.337179 -0.295539   2.97832 0.0486698 0.90404 0.184186 -0.382646
1311877999.748966  0.341502 -0.301043   2.98225 0.0481164 0.907056 0.184331 -0.375442
1311877999.780926  0.350467 -0.298227   2.99275 0.0487415 0.909573 0.182441 -0.370158
1311877999.812992  0.357695 -0.302952   2.99771 0.051736 0.91161 0.187117 -0.362324
1311877999.849107  0.361053 -0.305606   3.00225 0.0521658 0.914498 0.188252 -0.354307
1311877999.880939  0.365829 -0.308442   3.00753 0.0528181 0.916688 0.186126 -0.349644
1311877999.912888  0.373543 -0.310197   3.01549 0.0533422 0.918944 0.184684 -0.344367
1311877999.948812 0.376934 -0.31346  3.02397 0.0544532 0.92137 0.18533 -0.33729
1311877999.980941 0.382466  -0.3142  3.02783 0.0550507 0.923439 0.185502 -0.331389
1311878000.012912  0.387584 -0.318426   3.03356 0.0546978 0.925595 0.185662 -0.325288
1311878000.048933 0.397355  -0.3217  3.04054 0.0564017 0.92666 0.188931 -0.32004
1311878000.080909  0.399644 -0.324298   3.04402 0.0560419 0.928655 0.190153 -0.313528
1311878000.112944  0.404295 -0.328735   3.05055 0.0568214 0.929864 0.190804 -0.309384
1311878000.149124  0.408545 -0.330442   3.05582 0.0569797 0.930893 0.190701 -0.306307
1311878000.180962  0.413378 -0.332766   3.05971 0.058492 0.932508 0.188437 -0.302487
1311878000.212837    0.4151 -0.336878   3.06335 0.0563823 0.935053 0.185568 -0.296751
1311878000.248987  0.422547 -0.338715   3.07429 0.0553297 0.935921 0.181479 -0.296743
1311878000.280998  0.426266 -0.338292   3.08065 0.0575154 0.935957 0.182646 -0.295493
1311878000.312984  0.424896 -0.340394   3.08169 0.0571174 0.93677 0.182708 -0.292947
1311878000.349095  0.429769 -0.342391   3.08537 0.056749 0.936766 0.182793 -0.292977
1311878000.381151  0.431575 -0.341052   3.08617 0.0569878 0.937394 0.182977 -0.2908
1311878000.413021  0.432475 -0.342138     3.089 0.0571956 0.937777 0.183332 -0.289297
1311878000.449102  0.432119 -0.342798   3.08865 0.057487 0.938135 0.183127 -0.288204
1311878000.480805  0.433449 -0.343095    3.0915 0.05767 0.938639 0.183014 -0.286595
1311878000.512967  0.431674 -0.342174   3.09046 0.0579548 0.938876 0.182693 -0.285966
1311878000.549112  0.433372 -0.341634   3.09148 0.0576667 0.938901 0.182392 -0.286134
1311878000.580904  0.431766 -0.342963   3.09099 0.0580447 0.938783 0.183682 -0.285618
1311878000.612923  0.432162 -0.342667   3.08961 0.0576378 0.938951 0.183052 -0.285554
1311878000.649107  0.431615 -0.341868   3.08708 0.0569287 0.939051 0.181851 -0.286135
1311878000.680971  0.432212 -0.340194   3.08782 0.0525641 0.939204 0.181314 -0.286808
1311878000.712985 0.432196 -0.33356   3.0892 0.0575095 0.936806 0.191853 -0.286845
1311878000.748932  0.430301 -0.335223   3.08116 0.057734 0.93648 0.196641 -0.284614
1311878000.780978  0.427433 -0.336598   3.07834 0.0535718 0.93777 0.188151 -0.28691
1311878000.812921 0.427073 -0.33588  3.08074 0.050667 0.938214 0.182399 -0.289686
1311878000.849092  0.428879 -0.336884   3.08361 0.0516025 0.938478 0.181316 -0.289344
1311878000.880935   0.43018 -0.336287   3.08592 0.0501441 0.93898 0.180654 -0.288384
1311878000.913079  0.430792 -0.336438   3.08709 0.0507103 0.938604 0.18204 -0.28864
1311878000.949034  0.430043 -0.334794   3.08647 0.0514454 0.938564 0.182174 -0.288554
1311878000.981071  0.428923 -0.336055    3.0878 0.051962 0.938616 0.182309 -0.288208
1311878001.012855 0.429463  -0.3353  3.08615 0.0517043 0.938519 0.182167 -0.288659
1311878001.049117  0.428728 -0.335787   3.08733 0.0518723 0.93875 0.181564 -0.288257
1311878001.081133  0.429231 -0.336765   3.08749 0.0515204 0.938706 0.181821 -0.288303
1311878001.112970  0.428397 -0.335643   3.08637 0.0517819 0.938697 0.181812 -0.28829
1311878001.149135   0.43039 -0.335367   3.08397 0.0510035 0.938439 0.182534 -0.288813
1311878001.180953  0.429305 -0.336245    3.0862 0.0516695 0.938575 0.182439 -0.288311
1311878001.212949  0.430008 -0.334731   3.08519 0.0512553 0.938591 0.182109 -0.288542
1311878001.249017  0.429084 -0.335301   3.08869 0.0517625 0.938872 0.181403 -0.287982
1311878001.280864  0.427944 -0.334989   3.08776 0.0516368 0.938886 0.18157 -0.287853
1311878001.313000  0.426744 -0.336348   3.08836 0.0520039 0.938901 0.181971 -0.287485
1311878001.349015  0.425665 -0.335536   3.08728 0.052051 0.938896 0.181951 -0.287506
1311878001.381039  0.426849 -0.336312   3.08838 0.0521028 0.938904 0.181924 -0.287487
1311878001.412901   0.42773 -0.336473   3.08768 0.0518966 0.93882 0.182107 -0.287681
1311878001.449001  0.426357 -0.336752   3.08809 0.0520825 0.9389 0.182079 -0.287404
1311878001.481073  0.426157 -0.337997   3.08928 0.052345 0.938913 0.182159 -0.287263
1311878001.513009  0.427279 -0.338389   3.08999 0.0522715 0.938904 0.18215 -0.287311
1311878001.548871 0.426398 -0.33873  3.08984 0.0522566 0.93891 0.182303 -0.287199
1311878001.580921  0.427507 -0.339108   3.09061 0.0523315 0.938906 0.18222 -0.287249
1311878001.612929  0.426785 -0.339188   3.09005 0.0521673 0.938887 0.182423 -0.287214
1311878001.649063  0.426677 -0.338607   3.08909 0.0521921 0.938826 0.182401 -0.287421
1311878001.680899  0.424738 -0.339724   3.09109 0.0524528 0.939007 0.182465 -0.286741
1311878001.713108 0.425834 -0.33951  3.09037 0.052368 0.93893 0.182433 -0.287032
1311878001.749059    0.4249 -0.339204   3.08942 0.0521337 0.938894 0.182668 -0.287041
1311878001.780917    0.4257 -0.339398   3.08977 0.0521611 0.938901 0.182573 -0.287072
1311878001.812933  0.427256 -0.339318   3.09093 0.0521822 0.938902 0.182239 -0.287278
1311878001.849061  0.426654 -0.338836   3.09078 0.0520945 0.93896 0.1822 -0.287131
1311878001.880888  0.426562 -0.338716   3.09089 0.0521461 0.938965 0.182157 -0.287131
1311878001.913062   0.42486 -0.338238   3.09064 0.0523348 0.939059 0.182077 -0.286839
1311878001.948972  0.425709 -0.338712    3.0905 0.0523204 0.93897 0.182209 -0.287049
1311878001.980903  0.42542 -0.33746  3.09012 0.0523324 0.939009 0.181769 -0.287198
1311878002.013077  0.425336 -0.337746   3.09084 0.052308 0.939057 0.181801 -0.287028
1311878002.048982 0.425634 -0.33732  3.09043 0.0522466 0.93903 0.181719 -0.287177
1311878002.080947 0.424407 -0.33835  3.09116 0.0525328 0.939072 0.181901 -0.286874
1311878002.112800  0.424265 -0.338414    3.0915 0.052575 0.939118 0.181816 -0.286767
1311878002.149060 0.423687 -0.33882  3.09201 0.0526747 0.939155 0.1819 -0.286576
1311878002.181018  0.425054 -0.338724   3.09191 0.0526429 0.939075 0.181815 -0.286898
1311878002.213029  0.423671 -0.338759   3.09128 0.0527084 0.939082 0.182003 -0.286744
1311878002.249025  0.423295 -0.339013   3.09089 0.0528061 0.939083 0.182134 -0.286639
1311878002.280915  0.424659 -0.339071   3.09079 0.0526526 0.939011 0.182136 -0.286903
1311878002.313100  0.423834 -0.338666   3.09065 0.0526395 0.939059 0.182071 -0.286789
1311878002.348829  0.424627 -0.338797   3.09125 0.0527733 0.939042 0.182028 -0.286846
1311878002.380783  0.424798 -0.339479   3.09137 0.0526502 0.939046 0.182197 -0.28675
1311878002.413052  0.424557 -0.338898   3.09277 0.0528552 0.939152 0.181783 -0.286625
1311878002.448893  0.424259 -0.338604   3.09212 0.0528229 0.939149 0.181835 -0.28661
1311878002.480953  0.423336 -0.338536     3.093 0.0528805 0.939254 0.181695 -0.286342
1311878002.512923  0.424349 -0.337542   3.09108 0.0525234 0.939103 0.181777 -0.286853
1311878002.549075  0.423425 -0.336247   3.08988 0.0524613 0.93903 0.18181 -0.287083
1311878002.581063 0.422335 -0.33615  3.08934 0.0524482 0.938994 0.181875 -0.28716
1311878002.612787  0.423592 -0.336448   3.08934 0.0522054 0.938825 0.181947 -0.287712
1311878002.648940  0.424089 -0.337448   3.09088 0.0524925 0.938833 0.181827 -0.28771
1311878002.680749  0.425104 -0.336563   3.09028 0.0522508 0.938768 0.181777 -0.287994
1311878002.712849  0.426118 -0.335901   3.08989 0.0523306 0.938683 0.181641 -0.288343
1311878002.748826  0.428146 -0.335737   3.08916 0.0519649 0.938479 0.181796 -0.288975
1311878002.780777  0.428351 -0.336608   3.09122 0.0523569 0.938481 0.181568 -0.289043
1311878002.812809  0.427645 -0.336149   3.09095 0.0522352 0.938439 0.181449 -0.289274
1311878002.848908   0.42575 -0.335799   3.09076 0.0524505 0.938369 0.181094 -0.289686
1311878002.880765   0.42729 -0.336442    3.0918 0.0523904 0.938072 0.180903 -0.290777
1311878002.912843  0.427903 -0.335111   3.09054 0.051505 0.9376 0.18149 -0.292087
1311878002.948875  0.425066 -0.335251   3.08988 0.0515857 0.936772 0.182892 -0.293851
1311878002.980743  0.422964 -0.333978    3.0884 0.0514443 0.935889 0.182512 -0.29691
1311878003.012837  0.423638 -0.334239   3.08889 0.0508233 0.934927 0.18247 -0.300055
1311878003.048876  0.424431 -0.334839   3.09097 0.0505053 0.934107 0.181961 -0.302957
1311878003.080951 0.423796   -0.336  3.09234 0.0498256 0.933248 0.182151 -0.305594
1311878003.112888  0.423547 -0.334686   3.09188 0.0493386 0.932147 0.181825 -0.309204
1311878003.148782  0.423372 -0.334295    3.0903 0.0485699 0.930664 0.182356 -0.313451
1311878003.180903 0.423286 -0.33369  3.09142 0.0482338 0.929085 0.181502 -0.31864
1311878003.212780 0.423626 -0.33252  3.08912 0.0474697 0.926932 0.181781 -0.324808
1311878003.248822  0.423057 -0.332195    3.0899 0.0469972 0.925022 0.181831 -0.330247
1311878003.280742  0.423807 -0.331068   3.08766 0.0459379 0.922816 0.182166 -0.336328
1311878003.313117  0.424717 -0.329591    3.0863 0.0447981 0.92078 0.18195 -0.342128
1311878003.348881  0.422293 -0.329225   3.08611 0.044531 0.919059 0.181367 -0.347064
1311878003.380891  0.424131 -0.329597   3.08722 0.044626 0.917322 0.180512 -0.352058
1311878003.412829  0.428163 -0.328555   3.08877 0.0448871 0.91715 0.178811 -0.353337
1311878003.448794  0.428703 -0.329118   3.09022 0.0446197 0.917651 0.178886 -0.352029
1311878003.480737  0.427727 -0.329005   3.08956 0.0450834 0.917492 0.178849 -0.352403
1311878003.516881  0.428691 -0.329057   3.09104 0.0457644 0.917087 0.17822 -0.353688
1311878003.548957  0.428266 -0.329211   3.09292 0.0465213 0.917599 0.177744 -0.352498
1311878003.581019  0.427126 -0.330373   3.09177 0.0462005 0.917424 0.179209 -0.352253
1311878003.616902  0.427499 -0.330434   3.09228 0.0458394 0.917444 0.178637 -0.352538
1311878003.648832  0.428808 -0.331699   3.09436 0.0458043 0.917612 0.178598 -0.352125
1311878003.680929  0.427873 -0.330564   3.09433 0.0462724 0.917643 0.178218 -0.352177
1311878003.716782  0.427638 -0.329258   3.09364 0.0469249 0.917559 0.177685 -0.35258
1311878003.748939  0.428424 -0.331927   3.09677 0.0474287 0.917678 0.177804 -0.352141
1311878003.780927  0.428064 -0.330366   3.09185 0.0467452 0.91734 0.178372 -0.352826
1311878003.816816  0.427633 -0.330149   3.09084 0.0464545 0.917334 0.17855 -0.352789
1311878003.848858 0.428063 -0.33164  3.09395 0.0469991 0.917468 0.178287 -0.352502
1311878003.880954  0.427828 -0.330233   3.09299 0.0467005 0.917487 0.178166 -0.352553
1311878003.916860  0.427408 -0.330862   3.09156 0.0464581 0.917363 0.178844 -0.352565
1311878003.949079  0.428051 -0.331707   3.09372 0.0467777 0.917443 0.178579 -0.352449
1311878003.980848 0.427721 -0.33086  3.09167 0.0465993 0.917271 0.178693 -0.352863
1311878004.016949  0.428494 -0.331046   3.09271 0.0465597 0.917321 0.178406 -0.352882
1311878004.048876  0.428238 -0.331226   3.09427 0.0468378 0.917394 0.178191 -0.352763
1311878004.080849 0.428724 -0.33093  3.09394 0.0468321 0.917329 0.178088 -0.352987
1311878004.116883  0.428251 -0.331764   3.09344 0.0467617 0.917237 0.178672 -0.352939
1311878004.148854  0.428258 -0.331969   3.09388 0.0467154 0.917296 0.178622 -0.352817
1311878004.180842  0.428127 -0.331358   3.09251 0.0466652 0.917242 0.178618 -0.352967
1311878004.216832  0.428435 -0.331787   3.09348 0.04641 0.917432 0.178554 -0.352537
1311878004.248796   0.42717 -0.331399   3.09146 0.0461155 0.917307 0.178708 -0.352825
1311878004.280992  0.427291 -0.330745   3.09177 0.0460868 0.917386 0.17835 -0.352802
1311878004.316956  0.427292 -0.329944      3.09 0.0460124 0.917344 0.178904 -0.352643
1311878004.348824  0.426706 -0.330911   3.08831 0.0452769 0.917721 0.180365 -0.351007
1311878004.380992  0.424902 -0.331543   3.08648 0.0443871 0.917408 0.180991 -0.351619
1311878004.416857  0.426585 -0.329881   3.08737 0.0452575 0.917258 0.178617 -0.353107
1311878004.449040  0.426803 -0.329712   3.08946 0.0454773 0.917739 0.179176 -0.351543
1311878004.480975  0.425097 -0.331065   3.08883 0.0459241 0.917421 0.180218 -0.351784
1311878004.516823  0.425499 -0.331125   3.09119 0.0453126 0.917867 0.178607 -0.351519
1311878004.548881  0.425834 -0.330028   3.09042 0.0448116 0.917754 0.178836 -0.351764
1311878004.580938 0.425988 -0.32975  3.09039 0.0451866 0.91753 0.178838 -0.352299
1311878004.616865  0.426403 -0.329684   3.09049 0.0456474 0.917313 0.179684 -0.352372
1311878004.648936  0.426395 -0.329726   3.09111 0.0457658 0.91742 0.179582 -0.35213
1311878004.680825  0.426494 -0.328863   3.08957 0.0454841 0.917279 0.179433 -0.352612
1311878004.716998  0.426281 -0.328426   3.08884 0.0452453 0.917453 0.178692 -0.352566
1311878004.748908  0.426008 -0.328457   3.09201 0.0459661 0.917701 0.177681 -0.352336
1311878004.780774  0.427293 -0.328342   3.09257 0.0461137 0.917623 0.177556 -0.352584
1311878004.816875  0.427483 -0.328404   3.09473 0.046276 0.917775 0.177402 -0.352244
1311878004.848856  0.427764 -0.327804   3.09339 0.0461226 0.917664 0.177591 -0.352458
1311878004.880892  0.428059 -0.328972   3.09426 0.0461014 0.917721 0.177618 -0.352299
1311878004.916799   0.42753 -0.328832   3.09628 0.0463205 0.918015 0.177084 -0.351774
1311878004.948871  0.427431 -0.327363    3.0954 0.0465129 0.917962 0.176567 -0.352146
1311878004.980939  0.427223 -0.326781   3.09613 0.0468691 0.918005 0.176181 -0.352178
1311878005.016946  0.426962 -0.326431   3.09593 0.0466812 0.918015 0.176223 -0.352156
1311878005.048834  0.427607 -0.326879   3.09448 0.0461797 0.917878 0.176754 -0.352314
1311878005.080831  0.427316 -0.327012   3.09566 0.0461685 0.91805 0.17657 -0.35196
1311878005.116856  0.427389 -0.326902   3.09562 0.0464929 0.918048 0.17637 -0.352024
1311878005.149108 0.427177 -0.32642  3.09473 0.0464342 0.918012 0.176394 -0.352111
1311878005.180953 0.428057 -0.32641  3.09657 0.046891 0.918059 0.175913 -0.352171
1311878005.216824 0.428902 -0.32594  3.09616 0.046859 0.917988 0.175774 -0.352428
1311878005.248959  0.429044 -0.327646   3.09816 0.046848 0.91813 0.175942 -0.351977
1311878005.280890  0.428559 -0.326993    3.0989 0.0471296 0.918267 0.175521 -0.351792
1311878005.316730     0.429 -0.326893   3.09805 0.0469066 0.918186 0.175678 -0.351954
1311878005.348866  0.428614 -0.326994   3.09811 0.0471463 0.918173 0.175724 -0.351932
1311878005.380897  0.428888 -0.327173    3.0989 0.0471228 0.918212 0.175658 -0.351867
1311878005.416898 0.428461 -0.32726  3.09888 0.0464618 0.918353 0.17588 -0.351477
1311878005.448882 0.429283 -0.32762  3.09947 0.0462081 0.918334 0.175967 -0.351516
1311878005.480850  0.429452 -0.327367   3.09961 0.0463772 0.918318 0.175796 -0.35162
1311878005.516874   0.42898 -0.327075   3.09746 0.0458992 0.9182 0.176345 -0.351715
1311878005.548954  0.428479 -0.327042   3.09735 0.0459283 0.918222 0.176394 -0.35163
1311878005.580721   0.42826 -0.327312   3.09879 0.0460021 0.918345 0.176277 -0.351359
1311878005.616860  0.428538 -0.326834   3.09973 0.0465262 0.918406 0.175704 -0.351417
1311878005.648911  0.428873 -0.326938   3.09937 0.0463213 0.918374 0.175837 -0.351462
1311878005.680945  0.427569 -0.326302   3.09752 0.0463604 0.918248 0.176062 -0.351672
1311878005.716791  0.427655 -0.325563   3.09711 0.0461333 0.918142 0.176189 -0.351916
1311878005.748908  0.427666 -0.325018   3.09545 0.0462486 0.917862 0.176871 -0.352288
1311878005.780878  0.426956 -0.324925   3.09424 0.0463919 0.917903 0.177832 -0.351678
1311878005.816947  0.428209 -0.325589   3.09563 0.046175 0.918167 0.177795 -0.351035
1311878005.848729  0.427783 -0.326088   3.09382 0.046009 0.918596 0.177335 -0.350167
1311878005.880870  0.429635 -0.326123   3.09601 0.0456405 0.918666 0.178032 -0.349676
1311878005.916916 0.428992 -0.32823  3.09816 0.0470533 0.918259 0.178724 -0.350206
1311878005.948977  0.429563 -0.328274   3.09704 0.045955 0.917864 0.177565 -0.351972
1311878005.981471  0.431137 -0.328266   3.09988 0.0457513 0.917601 0.176673 -0.353131
1311878006.016925   0.43179 -0.327824   3.09863 0.0454236 0.916938 0.177852 -0.354302
1311878006.048946  0.432672 -0.328368   3.09975 0.0458116 0.916491 0.178533 -0.355065
1311878006.081205  0.432692 -0.328082   3.09999 0.0456613 0.916594 0.179036 -0.354566
1311878006.116907   0.43367 -0.328588   3.10348 0.0464126 0.916907 0.178877 -0.353739
1311878006.149166  0.434327 -0.330054   3.10507 0.0465375 0.916894 0.178543 -0.353924
1311878006.180977   0.43691 -0.329949   3.10799 0.0468554 0.916827 0.176791 -0.354934
1311878006.216976  0.438234 -0.331331   3.11027 0.0466695 0.916796 0.176983 -0.354942
1311878006.248884  0.439427 -0.332065   3.11165 0.0466711 0.916747 0.177012 -0.355054
1311878006.280945  0.440568 -0.332945   3.11327 0.0465128 0.916737 0.177092 -0.355062
1311878006.317040  0.442008 -0.333424   3.11421 0.0461701 0.916573 0.177247 -0.35545
1311878006.349048  0.444432 -0.334131   3.11648 0.0462449 0.916438 0.177029 -0.355898
1311878006.380985  0.446761 -0.335837   3.11681 0.0454767 0.916258 0.177614 -0.356169
1311878006.416765  0.447156 -0.335756     3.117 0.0454771 0.916266 0.17759 -0.356161
1311878006.448839  0.448128 -0.334873   3.11709 0.0453889 0.916184 0.177713 -0.356321
1311878006.480884  0.449277 -0.334489    3.1215 0.0469319 0.916287 0.176781 -0.356319
1311878006.517197  0.450219 -0.333968   3.12133 0.0469593 0.916307 0.175841 -0.356731
1311878006.549127 0.451257 -0.33456  3.12507 0.0469559 0.916674 0.174256 -0.356566
1311878006.581124 0.452408 -0.33488  3.12633 0.0468915 0.916429 0.174046 -0.357306
1311878006.616867  0.454134 -0.334291   3.12753 0.047111 0.91606 0.173783 -0.358348
1311878006.649064  0.455277 -0.335024   3.12798 0.046919 0.91582 0.174608 -0.358586
1311878006.680887  0.455768 -0.335189   3.12795 0.0469103 0.915839 0.174523 -0.35858
1311878006.716895  0.457281 -0.335953   3.12947 0.0467178 0.916064 0.174148 -0.358215
1311878006.748996  0.457187 -0.336187   3.12854 0.0466415 0.915901 0.175267 -0.358095
1311878006.780809  0.456612 -0.337409   3.12935 0.0466305 0.915903 0.176029 -0.357716
1311878006.817000  0.458021 -0.337277   3.12941 0.0464876 0.915729 0.175874 -0.358257
1311878006.848831  0.458429 -0.336804   3.12897 0.0463233 0.915677 0.175658 -0.358517
1311878006.880847 0.457899 -0.33733  3.12898 0.04617 0.915833 0.175846 -0.358045
1311878006.916911  0.458211 -0.335968     3.129 0.046099 0.916053 0.175252 -0.357783
1311878006.948900  0.459467 -0.337968   3.12858 0.0454208 0.916146 0.176379 -0.357077
1311878006.980953  0.459818 -0.337966   3.12853 0.0454028 0.916435 0.176362 -0.356346
1311878007.016804  0.459296 -0.337176   3.12895 0.0458901 0.916857 0.176154 -0.355298
1311878007.048834  0.458869 -0.338188    3.1289 0.045651 0.917213 0.1771 -0.353937
1311878007.081149   0.45973 -0.339426   3.13129 0.0461544 0.917566 0.176906 -0.353053
1311878007.116799  0.461055 -0.338689   3.12993 0.0462582 0.9179 0.176652 -0.352297
1311878007.149019  0.462087 -0.339285   3.13006 0.0459847 0.918477 0.176869 -0.350716
1311878007.180806  0.463033 -0.339945   3.13139 0.0463085 0.919072 0.176807 -0.349144
1311878007.216689  0.463506 -0.338332   3.13178 0.0467155 0.919681 0.176369 -0.347704
1311878007.249054  0.464807 -0.337906   3.13073 0.0467074 0.920383 0.176258 -0.345899
1311878007.280912  0.465715 -0.338425   3.13064 0.0466612 0.921515 0.176275 -0.34287
1311878007.316888  0.467461 -0.339182   3.13266 0.0468819 0.92285 0.176211 -0.339264
1311878007.348761  0.468343 -0.339497    3.1333 0.0474638 0.924192 0.176106 -0.335563
1311878007.380773  0.470704 -0.339693   3.13438 0.0476302 0.925613 0.175404 -0.331973
1311878007.416739  0.470729 -0.339556   3.13693 0.0488123 0.927224 0.176006 -0.326948
1311878007.448786  0.470896 -0.339651   3.13925 0.0498792 0.929247 0.176734 -0.320589
1311878007.480656  0.471899 -0.342121   3.14118 0.0505237 0.931385 0.177117 -0.314003
1311878007.516791  0.473033 -0.344112   3.14332 0.0506854 0.933221 0.176726 -0.308703
1311878007.548799 0.472694 -0.34444  3.14503 0.0522197 0.934911 0.176133 -0.30363
1311878007.580784  0.475374 -0.345295   3.14414 0.0523898 0.937125 0.175297 -0.297192
1311878007.616757  0.477561 -0.347483   3.14562 0.0522977 0.939036 0.176486 -0.290394
1311878007.648849  0.478314 -0.345809   3.14695 0.0531457 0.941138 0.175271 -0.284104
1311878007.680828  0.477693 -0.346449   3.14787 0.0537242 0.943065 0.175292 -0.277515
1311878007.716797  0.478935 -0.348335   3.14965 0.0543832 0.944863 0.176 -0.270742
1311878007.748630   0.47921 -0.349846   3.15295 0.0559641 0.946734 0.177523 -0.262771
1311878007.780766  0.481221 -0.351192   3.15242 0.0575933 0.948509 0.17949 -0.254554
1311878007.816883  0.481875 -0.354201   3.15579 0.0574238 0.950473 0.179315 -0.247284
1311878007.848825  0.483377 -0.354247    3.1607 0.0573978 0.951754 0.177776 -0.243445
1311878007.880849  0.482704 -0.354185   3.16327 0.0581579 0.952885 0.176569 -0.239688
1311878007.916757  0.486358 -0.354597   3.16927 0.0575691 0.953818 0.176179 -0.236386
1311878007.948769  0.486588 -0.356453   3.17316 0.058279 0.954653 0.176076 -0.232891
1311878007.980933   0.48817 -0.354805   3.17346 0.0575233 0.955365 0.175758 -0.230386
1311878008.016659  0.486568 -0.358687   3.17758 0.0582055 0.956032 0.176128 -0.227141
1311878008.048922  0.487444 -0.358398   3.17801 0.057955 0.956436 0.176044 -0.225567
1311878008.080816  0.485313 -0.359962    3.1802 0.0586219 0.956793 0.175501 -0.224299
1311878008.116838  0.487091 -0.357844   3.18122 0.0579952 0.957376 0.173516 -0.223516
1311878008.148995  0.487556 -0.358033   3.18458 0.0579843 0.957922 0.172423 -0.222021
1311878008.180912  0.488894 -0.357383   3.18625 0.0581663 0.95802 0.17369 -0.220558
1311878008.216804  0.486924 -0.358816   3.18774 0.0586467 0.958207 0.174513 -0.218963
1311878008.248759  0.487034 -0.358946   3.18949 0.0584143 0.958284 0.174609 -0.218612
1311878008.280801  0.485386 -0.361485   3.19056 0.0593042 0.958224 0.175123 -0.218225
1311878008.316806  0.486281 -0.361398    3.1905 0.0591199 0.958182 0.175142 -0.218445
1311878008.348841 0.484866 -0.36072  3.19159 0.0592627 0.958311 0.174931 -0.218008
1311878008.380921  0.487003 -0.361568   3.19148 0.0591124 0.958233 0.174832 -0.218471
1311878008.416884  0.488164 -0.360039   3.19039 0.0587479 0.958217 0.174507 -0.218897
1311878008.448773  0.488753 -0.360562   3.19128 0.058781 0.958156 0.174582 -0.219097
1311878008.480906  0.483919 -0.360347   3.18943 0.0594755 0.957916 0.175504 -0.219223
1311878008.516811   0.48492 -0.362987   3.19038 0.0598415 0.957452 0.176455 -0.220383
1311878008.548990  0.485944 -0.362074   3.19028 0.0593973 0.957257 0.176215 -0.221539
1311878008.580970     0.485 -0.364514   3.19273 0.0596324 0.957071 0.176425 -0.222109
1311878008.616878  0.486121 -0.361264   3.19366 0.0587568 0.95685 0.176537 -0.223206
1311878008.648800  0.483302 -0.365173   3.19683 0.0596144 0.956432 0.178225 -0.223428
1311878008.680848  0.48353 -0.36589  3.19908 0.0602555 0.956107 0.179025 -0.224004
1311878008.716747  0.487683 -0.365255   3.20084 0.0599697 0.955945 0.179875 -0.224092
1311878008.748813  0.488259 -0.363983   3.20229 0.0602866 0.955739 0.181462 -0.223609
1311878008.780834  0.490184 -0.367425   3.20592 0.0603106 0.955718 0.181826 -0.223393
1311878008.816810   0.49213 -0.370144   3.20996 0.0595181 0.956065 0.180068 -0.223545
1311878008.849065  0.495797 -0.371301   3.21645 0.0589252 0.956387 0.178496 -0.223585
1311878008.880841  0.497086 -0.370698    3.2206 0.0589223 0.956574 0.177998 -0.223185
1311878008.916833  0.501544 -0.369374   3.22524 0.0583403 0.956636 0.177641 -0.223354
1311878008.948858   0.50145 -0.367038   3.22973 0.0587165 0.95656 0.178345 -0.223022
1311878008.980834  0.503427 -0.369393    3.2341 0.0598732 0.956089 0.180804 -0.222753
1311878009.016714  0.504632 -0.370855   3.23599 0.0601743 0.955952 0.181503 -0.222691
1311878009.048867  0.510596 -0.373887   3.23817 0.0603483 0.955479 0.183158 -0.223318
1311878009.080686  0.512825 -0.376684   3.24053 0.0607344 0.955598 0.183235 -0.222638
1311878009.116674 0.516722 -0.38125  3.24764 0.0632322 0.956122 0.180753 -0.22172
1311878009.148622  0.514562 -0.394656   3.24609 0.0585535 0.957573 0.175776 -0.220746
1311878009.180723 0.526266 -0.39235  3.25375 0.0602637 0.956643 0.179639 -0.221204
1311878009.216685  0.521814 -0.398874    3.2544 0.0609728 0.957068 0.18438 -0.215192
1311878009.248721  0.525725 -0.404757   3.25912 0.0604205 0.95766 0.182996 -0.21389
1311878009.280749  0.523081 -0.402501   3.26212 0.0558829 0.958405 0.177614 -0.21631
1311878009.316599 0.526514 -0.42107  3.27465 0.0713581 0.954203 0.19629 -0.214186
1311878009.348911  0.523193 -0.423444   3.27909 0.0676627 0.957086 0.189834 -0.208256
1311878009.380775   0.51912 -0.439919   3.27454 0.0698708 0.956922 0.185492 -0.212157
1311878009.416625  0.526446 -0.424778   3.28702 0.0667069 0.95847 0.182564 -0.208702
1311878009.448807  0.521345 -0.429991   3.28299 0.0711484 0.957965 0.187231 -0.205389
1311878009.480814  0.523514 -0.432416   3.28409 0.0710135 0.957789 0.189325 -0.204335
1311878009.516790  0.525635 -0.432528   3.28644 0.0735401 0.958649 0.188609 -0.200028
1311878009.580647  0.526523 -0.429768   3.28388 0.0731393 0.960952 0.186504 -0.190886
1311878009.616595  0.530037 -0.432464   3.28684 0.075236 0.961901 0.185766 -0.185948
1311878009.648730  0.529093 -0.433037   3.28974 0.0758792 0.963327 0.185344 -0.178579
1311878009.680714  0.533609 -0.433211   3.29463 0.0766322 0.964594 0.184547 -0.17213
1311878009.716654 0.535636 -0.43516  3.29638 0.0770113 0.96578 0.184654 -0.165052
1311878009.780670  0.539862 -0.435438   3.29941 0.0775441 0.967742 0.183584 -0.15414
1311878009.816595  0.545498 -0.437345   3.30232 0.0784527 0.968593 0.182942 -0.149014
1311878009.848719  0.546685 -0.439256   3.30458 0.0787035 0.969664 0.182873 -0.141829
1311878009.880909    0.5506 -0.440122   3.31096 0.0786761 0.970707 0.182033 -0.135655
1311878009.916848  0.554551 -0.442599   3.31393 0.0784994 0.971453 0.182695 -0.129379
1311878009.980832  0.560714 -0.445253   3.32353 0.0793766 0.973192 0.18153 -0.116801
1311878010.016638 0.560449  -0.4447  3.32812 0.080307 0.974015 0.181068 -0.10982
1311878010.049006  0.562289 -0.450021   3.33137 0.0805821 0.974569 0.181845 -0.103217
1311878010.080749  0.565275 -0.452483   3.33442 0.0810606 0.975156 0.181821 -0.097166
1311878010.116786  0.567049 -0.453239   3.33532 0.0810028 0.975726 0.181804 -0.0913495
1311878010.180803  0.567722 -0.459924   3.34728 0.0822759 0.976743 0.18183 -0.078372
1311878010.216604  0.566866 -0.455581   3.34331 0.0822162 0.977357 0.181157 -0.072077
1311878010.248902   0.56984 -0.456855   3.34948 0.0824841 0.977792 0.180996 -0.0660244
1311878010.280866  0.570538 -0.459207   3.35609 0.0823679 0.978235 0.180949 -0.059406
1311878010.316700  0.575077 -0.456254   3.36141 0.083081 0.97885 0.17879 -0.0546322
1311878010.348863  0.575066 -0.455548   3.36294 0.0833294 0.979148 0.178741 -0.0487506
1311878010.380856  0.576509 -0.457224   3.36684 0.0841173 0.979351 0.178734 -0.0430126
1311878010.416761  0.575123 -0.460535   3.36998 0.0839955 0.979618 0.178739 -0.0366778
1311878010.480951  0.573773 -0.460346   3.37536 0.084439 0.980194 0.176818 -0.0287385
1311878010.516729  0.570998 -0.460831   3.38159 0.0846973 0.980117 0.177632 -0.0253885
1311878010.548738  0.57283 -0.46241  3.38341 0.084517 0.980132 0.177937 -0.0231769
1311878010.580860  0.574199 -0.462409   3.38442 0.0843599 0.980178 0.178009 -0.0211262
1311878010.648719  0.578745 -0.465555   3.38617 0.0833472 0.980091 0.179448 -0.0165301
1311878010.680877 0.579171 -0.46574  3.38713 0.0835311 0.98003 0.179912 -0.0139721
1311878010.716687  0.584627 -0.469914   3.38984 0.0833446 0.979872 0.180977 -0.0123186
1311878010.748610  0.582162 -0.469353   3.39225 0.0842451 0.980009 0.179979 -0.00961975
1311878010.780846  0.578901 -0.471122   3.39677 0.0848981 0.979951 0.180117 -0.00673219
1311878010.816755  0.583105 -0.471213   3.39898 0.0843086 0.97991 0.180689 -0.00454839
1311878010.848765  0.584099 -0.473199   3.40463 0.0840261 0.980042 0.180147 -0.00187484
1311878010.880858  0.585909 -0.474368   3.40608 0.0833336 0.980128 0.180011 0.000184575
1311878010.916860  0.586123 -0.475828   3.40842 0.0832772 0.980117 0.180081 0.00252506
1311878010.948752   0.58699 -0.477371   3.41118 0.0832961 0.980009 0.180616 0.00471108
1311878010.980898  0.587535 -0.481158   3.41509 0.0832162 0.979898 0.181173 0.00714946
1311878011.048899  0.591733 -0.486935   3.42113 0.0831123 0.979777 0.181644 0.011564
1311878011.080772  0.591147 -0.486383   3.42232 0.0829607 0.979781 0.181497 0.014353
1311878011.116743 0.59031 -0.4891 3.43022 0.0829136 0.979691 0.181745 0.0173029
1311878011.148717 0.588967 -0.48817  3.42932 0.0828809 0.979605 0.181908 0.0203483
1311878011.180902  0.587599 -0.486391    3.4306 0.0829196 0.979764 0.180693 0.0231531
1311878011.216799  0.587715 -0.487943   3.44087 0.0832608 0.97961 0.181045 0.0255845
1311878011.248757  0.588666 -0.491277   3.44548 0.0839391 0.978817 0.184498 0.0288448
1311878011.280756  0.589623 -0.495943   3.44967 0.0835799 0.978901 0.183668 0.0321543
1311878011.348705  0.589199 -0.496544   3.45518 0.0847925 0.979019 0.181896 0.035297
1311878011.380718  0.590499 -0.496403   3.45785 0.0847958 0.979036 0.181135 0.0385907
1311878011.449059  0.593573 -0.496751   3.46176 0.0844388 0.979044 0.180257 0.0430066
1311878011.480855  0.593924 -0.499086   3.46507 0.0844587 0.978895 0.180494 0.0453033
1311878011.516742  0.592595 -0.498088   3.46596 0.084822 0.978849 0.179855 0.0480868
1311878011.548919  0.591274 -0.497712   3.46956 0.0851111 0.978883 0.178926 0.0502934
1311878011.580658  0.592918 -0.502681   3.47457 0.0856924 0.978614 0.179669 0.051881
1311878011.616750  0.590075 -0.500228    3.4775 0.086832 0.978539 0.17853 0.0552153
1311878011.648781  0.590996 -0.505904   3.48328 0.0864308 0.978237 0.179658 0.0574973
1311878011.680724  0.590401 -0.502876   3.48193 0.0869262 0.978095 0.179169 0.0606087
1311878011.716694   0.59024 -0.502287   3.48816 0.0871123 0.978014 0.178654 0.0631098
1311878011.748974  0.588356 -0.503658   3.49413 0.087752 0.977664 0.179145 0.0661809
1311878011.817046  0.592098 -0.498526   3.48823 0.0876551 0.977588 0.177915 0.070594
1311878011.848680  0.592911 -0.503644    3.4996 0.0876575 0.977564 0.177203 0.0726945
1311878011.880761  0.592213 -0.505089   3.50564 0.0879951 0.977582 0.175866 0.0752363
1311878011.916758  0.591956 -0.509663   3.51213 0.0878285 0.977426 0.175954 0.0772345
1311878011.948794  0.584461 -0.512638   3.52213 0.0887127 0.977206 0.175346 0.0803199
1311878012.016770  0.587001 -0.516881   3.53211 0.0887731 0.977091 0.17468 0.0830643
1311878012.048826  0.585676 -0.521082   3.53894 0.0885106 0.976507 0.176736 0.0858176
1311878012.080868  0.590538 -0.513972   3.52375 0.0884924 0.976208 0.177303 0.0880409
1311878012.116768  0.587813 -0.514091    3.5274 0.0888238 0.976237 0.175499 0.0909521
1311878012.148761  0.590665 -0.519772    3.5374 0.0884505 0.976143 0.17559 0.0921363
1311878012.180934  0.589129 -0.517857   3.53917 0.0890944 0.976106 0.173964 0.0949506
1311878012.216736  0.583958 -0.523148   3.55533 0.0900436 0.975862 0.173347 0.0976597
1311878012.248916  0.580807 -0.528875   3.56516 0.0904982 0.975561 0.173264 0.100351
1311878012.316684   0.5812 -0.53193  3.57634 0.0904141 0.975416 0.171887 0.10413
1311878012.348787  0.580823 -0.528731   3.58148 0.091673 0.975182 0.170863 0.10687
1311878012.380854  0.579468 -0.530665   3.58624 0.0910948 0.974883 0.171182 0.109556
1311878012.416842  0.578583 -0.532416   3.59528 0.0921162 0.974583 0.171024 0.111597
1311878012.448893  0.576096 -0.536571   3.60556 0.0914368 0.974127 0.172186 0.114314
1311878012.480824  0.576445 -0.529259   3.60222 0.0921922 0.973912 0.171094 0.117142
1311878012.516664 0.56708 -0.5424 3.62307 0.0919088 0.973081 0.173503 0.120677
1311878012.548819  0.565913 -0.539944   3.62646 0.0927233 0.972445 0.174331 0.123947
1311878012.584634  0.564326 -0.533686   3.62312 0.093123 0.97219 0.172774 0.127767
1311878012.616694  0.561391 -0.537199   3.63345 0.0933314 0.971912 0.172533 0.130036
1311878012.648631  0.560274 -0.537238   3.63745 0.09392 0.971554 0.172117 0.132805
1311878012.717124  0.557428 -0.542588   3.65244 0.0940919 0.97102 0.171545 0.137254
1311878012.748984  0.555705 -0.536949   3.65325 0.0955361 0.970816 0.169477 0.140236
1311878012.816713  0.551194 -0.541132   3.66556 0.0960601 0.970053 0.169028 0.145596
1311878012.848866  0.550144 -0.538862   3.66547 0.0967918 0.970043 0.166752 0.147792
1311878012.884718  0.539268 -0.549281   3.68892 0.0971693 0.9699 0.165225 0.150178
1311878012.948849  0.535057 -0.550791   3.69664 0.0974403 0.96906 0.165636 0.154899
1311878012.984806  0.535146 -0.550767   3.69958 0.0969802 0.969036 0.165055 0.155949
1311878013.016661  0.530191 -0.557603   3.71204 0.0968648 0.968707 0.16641 0.156625
1311878013.048939   0.53436 -0.550413   3.70177 0.097368 0.968591 0.166283 0.157164
1311878013.084907    0.5311 -0.551636   3.70617 0.0973768 0.968661 0.165671 0.157373
1311878013.117121  0.530316 -0.552651   3.70656 0.0976503 0.968736 0.165861 0.156543
1311878013.148764 0.532199 -0.54744  3.70387 0.0975826 0.969333 0.163223 0.155661
1311878013.184794  0.531127 -0.545067   3.70452 0.0975402 0.970038 0.160659 0.15395
1311878013.216686   0.51859 -0.553744   3.73017 0.098528 0.970138 0.160374 0.152987
1311878013.248726  0.517176 -0.554827   3.73672 0.0974913 0.970251 0.161103 0.152164
1311878013.284761  0.518496 -0.552211   3.73408 0.0972246 0.970518 0.161588 0.150102
1311878013.317533  0.513882 -0.551886   3.73287 0.0978183 0.970647 0.162523 0.147856
1311878013.348700   0.51285 -0.549897   3.73141 0.0976329 0.971128 0.162629 0.144669
1311878013.384688  0.512572 -0.550435    3.7328 0.0973339 0.971716 0.162955 0.140497
1311878013.416595  0.514098 -0.551575   3.73518 0.0963709 0.972339 0.162788 0.137001
1311878013.448785   0.51367 -0.550691   3.74067 0.0960199 0.972951 0.161417 0.1345
1311878013.484741  0.513102 -0.554502   3.74505 0.095397 0.973265 0.161679 0.132339
1311878013.516653   0.51656 -0.554807   3.74801 0.0946283 0.973864 0.161193 0.129038
1311878013.548845 0.512748 -0.56012  3.75529 0.0949641 0.97408 0.162737 0.125165
1311878013.584845  0.515627 -0.559448   3.75234 0.0949403 0.974436 0.163834 0.120906
1311878013.616774   0.51396 -0.557808   3.75233 0.095346 0.974834 0.163927 0.117196
1311878013.648883  0.511334 -0.557901   3.75406 0.0952148 0.975107 0.16453 0.114149
1311878013.684884  0.510297 -0.558742   3.75253 0.0945853 0.975429 0.165658 0.11022
1311878013.716676  0.510492 -0.553168   3.74444 0.0945861 0.975994 0.165153 0.10589
1311878013.748836  0.511331 -0.555093   3.74992 0.0934494 0.976604 0.164994 0.101434
1311878013.784759  0.510762 -0.558976   3.75379 0.0925108 0.976927 0.166066 0.0973576
1311878013.816753   0.51183 -0.556665   3.75022 0.0923358 0.977362 0.166384 0.0924883
1311878013.848672  0.511014 -0.557966   3.75523 0.0923595 0.977756 0.166614 0.0877676
1311878013.884712  0.507917 -0.557235   3.75249 0.0924377 0.977979 0.167341 0.0837195
1311878013.916761  0.506684 -0.556934   3.75528 0.0926916 0.9784 0.166983 0.079112
1311878013.948812  0.507758 -0.563311   3.75793 0.0909405 0.978511 0.169258 0.0748236
1311878013.984644    0.508 -0.55984  3.75453 0.0911694 0.97879 0.169459 0.0702982
1311878014.016597  0.502034 -0.558064   3.75234 0.0919892 0.979014 0.169237 0.0665498
1311878014.048826  0.500899 -0.555593   3.74978 0.09218 0.979608 0.167518 0.0617172
1311878014.084748  0.497168 -0.564712   3.76861 0.0921089 0.979754 0.168176 0.0575706
1311878014.116710 0.497502 -0.56656  3.77048 0.0914043 0.979854 0.169595 0.0526164
1311878014.148945  0.498212 -0.565946   3.76957 0.0913872 0.979917 0.170579 0.0481063
1311878014.184824  0.497118 -0.564804   3.76987 0.0913391 0.980036 0.171017 0.0440358
1311878014.216760  0.495928 -0.562547   3.76921 0.0914191 0.980177 0.171095 0.0402738
1311878014.249370  0.494716 -0.561611   3.76945 0.0913553 0.980354 0.171043 0.0361098
1311878014.284706  0.497179 -0.563629   3.77048 0.0905166 0.980464 0.171859 0.031003
1311878014.316671  0.493095 -0.563167   3.76893 0.0908464 0.980497 0.172217 0.0267273
1311878014.349218  0.495086 -0.565367   3.77003 0.0902733 0.980573 0.172904 0.0207936
1311878014.384905  0.491508 -0.563196    3.7726 0.090731 0.980647 0.172752 0.0160265
1311878014.448832  0.489466 -0.564634   3.77199 0.0896585 0.980574 0.174401 0.0045201
1311878014.484743  0.489141 -0.567259   3.77399 0.0891356 0.980432 0.17551 -0.00207681
1311878014.517203  0.488016 -0.570676   3.77405 0.0889102 0.980099 0.177274 -0.00859684
1311878014.549557  0.48664 -0.56625  3.76972 0.0890014 0.980007 0.177316 -0.0149647
1311878014.584816  0.483958 -0.565204   3.76806 0.088619 0.979865 0.177685 -0.0209473
1311878014.616792  0.481595 -0.564993   3.76433 0.0878635 0.979659 0.178369 -0.0270579
1311878014.648818  0.482202 -0.568657   3.76717 0.0868567 0.979242 0.180037 -0.0335783
1311878014.684707  0.484991 -0.567355   3.75876 0.0855885 0.978831 0.181299 -0.0411849
1311878014.748739  0.478724 -0.562525   3.77031 0.0873691 0.978302 0.180203 -0.0530865
1311878014.784608  0.480317 -0.559849   3.76435 0.0862807 0.977894 0.180644 -0.0603802
1311878014.848780 0.477397 -0.56112  3.76932 0.0859965 0.976831 0.181803 -0.0731712
1311878014.884605 0.474602 -0.56127  3.77062 0.0858858 0.976247 0.182412 -0.079315
1311878014.916627  0.476656 -0.557727   3.77156 0.0855218 0.975823 0.181563 -0.0865514
1311878014.948701  0.475701 -0.561178   3.77398 0.0851894 0.975007 0.183103 -0.0926114
1311878014.984663   0.47269 -0.559038   3.77741 0.0850872 0.974559 0.182521 -0.0983939
1311878015.048680  0.472128 -0.558305   3.78127 0.0844391 0.972997 0.182935 -0.112616
1311878015.084670  0.469099 -0.559079   3.78514 0.083887 0.972299 0.183483 -0.118034
1311878015.148713  0.470379 -0.558462   3.78036 0.0822087 0.97049 0.1845 -0.131722
1311878015.184709 0.472091 -0.55919  3.78316 0.0816105 0.969524 0.184424 -0.139106
1311878015.248728 0.470819 -0.55769  3.78072 0.0799204 0.967459 0.184384 -0.153747
1311878015.284693  0.471478 -0.558578   3.78535 0.0788351 0.966461 0.18442 -0.160397
1311878015.348518  0.471142 -0.560366   3.77803 0.0755307 0.963363 0.186918 -0.176886
1311878015.384624  0.469988 -0.560578    3.7762 0.0747445 0.961905 0.186931 -0.184955
1311878015.416754  0.471413 -0.562951   3.77779 0.0738921 0.960563 0.186868 -0.192195
1311878015.448711  0.471833 -0.562484   3.77819 0.0737861 0.959271 0.18651 -0.198921
1311878015.484784  0.472037 -0.564312   3.77815 0.073559 0.957768 0.188159 -0.204609
1311878015.516626  0.471814 -0.563597   3.77834 0.0733768 0.95654 0.188881 -0.209692
1311878015.548710  0.472014 -0.561638   3.77546 0.0735356 0.9551 0.189179 -0.215843
1311878015.584605  0.467189 -0.559543   3.77355 0.0733944 0.954281 0.189128 -0.219525
1311878015.616502  0.466285 -0.560255   3.77432 0.0726588 0.953333 0.189141 -0.223837
1311878015.648606  0.466085 -0.560271   3.77501 0.0718438 0.951869 0.190541 -0.229079
1311878015.684593  0.466375 -0.556295   3.77303 0.070098 0.950385 0.189808 -0.23628
1311878015.716673 0.464568 -0.55469  3.77232 0.0697208 0.94885 0.189095 -0.243036
1311878015.748581  0.463052 -0.554715   3.77421 0.0688876 0.947481 0.189287 -0.248404
1311878015.784589  0.462462 -0.555216   3.77497 0.0682208 0.945996 0.189512 -0.254013
1311878015.816496  0.462045 -0.553706   3.77422 0.0671929 0.944483 0.189573 -0.259807
1311878015.848618  0.461016 -0.555554   3.77389 0.0666567 0.942726 0.190004 -0.265939
1311878015.884529  0.459167 -0.554459    3.7749 0.065571 0.9412 0.189637 -0.271811
1311878015.916479   0.45686 -0.553927   3.77576 0.0649796 0.939474 0.189689 -0.277821
1311878015.948552  0.457049 -0.554403   3.77593 0.0648341 0.937322 0.190283 -0.284635
1311878015.984580  0.456109 -0.555431   3.77624 0.064939 0.935337 0.190798 -0.290731
1311878016.016513  0.455773 -0.554167   3.77765 0.0641531 0.933453 0.190963 -0.296788
1311878016.048572  0.453339 -0.553366   3.77744 0.0639669 0.931476 0.191223 -0.302812
1311878016.085282 0.452148 -0.55372  3.77718 0.063731 0.929358 0.191689 -0.309009
1311878016.117469  0.451262 -0.551281   3.77652 0.0632141 0.927261 0.191425 -0.315511
1311878016.148626   0.44992 -0.551116   3.77685 0.0628047 0.925088 0.191795 -0.321687
1311878016.184543   0.44915 -0.549266   3.77681 0.0618369 0.922835 0.191525 -0.328436
1311878016.217082  0.450808 -0.551307   3.77717 0.06166 0.920206 0.192251 -0.335347
1311878016.248785   0.44726 -0.551041   3.77601 0.0618774 0.918022 0.192333 -0.341197
1311878016.285622  0.447468 -0.551305   3.77773 0.0610138 0.915841 0.192685 -0.346965
1311878016.316459  0.445594 -0.550038   3.77818 0.0606982 0.913428 0.193317 -0.352977
1311878016.348675  0.441334 -0.549733   3.77734 0.0605576 0.911076 0.194341 -0.358477
1311878016.384564 0.440182  -0.5498   3.7776 0.0600821 0.908789 0.194554 -0.3642
1311878016.416707  0.444313 -0.549182   3.77847 0.0594998 0.906682 0.193652 -0.369982
1311878016.450814  0.446158 -0.549285   3.77912 0.058269 0.905588 0.193507 -0.372922
1311878016.484641  0.450341 -0.552195   3.78147 0.0573151 0.904912 0.193742 -0.374585
1311878016.516881  0.449453 -0.552007   3.78357 0.0576571 0.904532 0.193621 -0.375511
1311878016.548754 0.448649 -0.55229   3.7842 0.0577979 0.903915 0.193642 -0.37696
1311878016.584944  0.445527 -0.550053    3.7836 0.0577693 0.903197 0.193341 -0.378836
1311878016.616490  0.447067 -0.551789   3.78793 0.0581738 0.902441 0.193926 -0.380274
1311878016.648925  0.447091 -0.552026   3.78876 0.0586355 0.900886 0.194688 -0.383488
1311878016.684690  0.444719 -0.551799   3.78879 0.0581855 0.899504 0.195656 -0.386297
1311878016.716599  0.443461 -0.551805   3.78871 0.0580764 0.897585 0.196055 -0.390551
1311878016.748950  0.446692 -0.551349   3.78828 0.0563938 0.895403 0.195989 -0.395805
1311878016.785637  0.459337 -0.556011   3.79376 0.0567406 0.894114 0.195741 -0.398781
1311878016.817108  0.447509 -0.553512   3.79162 0.0562654 0.894015 0.196504 -0.398695
1311878016.848588  0.448741 -0.552917   3.79034 0.0555627 0.893705 0.196415 -0.399531
1311878016.884898  0.456199 -0.554283   3.79285 0.0557022 0.893617 0.196088 -0.39987
1311878016.916756   0.45397 -0.552948   3.79807 0.0578499 0.894158 0.194488 -0.399136
1311878016.948817  0.460636 -0.557371   3.80021 0.0589584 0.894227 0.195537 -0.398306
1311878016.984841  0.454562 -0.553045   3.80301 0.0609942 0.895303 0.194752 -0.395959
1311878017.016557   0.45481 -0.555315    3.8047 0.0620593 0.89587 0.194505 -0.394631
1311878017.048754  0.458762 -0.556831     3.806 0.0618459 0.896329 0.194004 -0.393868
1311878017.086091  0.462124 -0.560216    3.8103 0.0620434 0.897359 0.193785 -0.391592
1311878017.117115  0.467687 -0.563208   3.81511 0.0614573 0.898534 0.193895 -0.388928
1311878017.149046  0.469251 -0.562916   3.81619 0.0627904 0.899806 0.192802 -0.386307
1311878017.184761  0.475577 -0.564721   3.82007 0.0625954 0.901146 0.192369 -0.383422
1311878017.219172  0.481639 -0.566435    3.8228 0.0629322 0.90269 0.191727 -0.38004
1311878017.248677  0.490404 -0.570902   3.82926 0.063118 0.904486 0.191959 -0.375596
1311878017.284741  0.493125 -0.572987   3.83144 0.0640181 0.906423 0.19225 -0.370592
1311878017.316714  0.492736 -0.572351   3.83607 0.0658841 0.908643 0.191391 -0.365235
1311878017.348644   0.49128 -0.570566   3.83573 0.0662371 0.910989 0.190673 -0.35966
1311878017.384657    0.4962 -0.572533   3.83838 0.0667548 0.913221 0.189563 -0.354454
1311878017.416621   0.50069 -0.574151   3.84173 0.0669016 0.915864 0.188447 -0.348144
1311878017.448711   0.50521 -0.574784   3.84453 0.066472 0.918331 0.187497 -0.34219
1311878017.484987  0.509959 -0.577569   3.84877 0.0677189 0.920493 0.18709 -0.336309
1311878017.516544  0.511579 -0.578385   3.84953 0.0677794 0.922558 0.187135 -0.330565
1311878017.548792  0.515512 -0.579614   3.85337 0.0680808 0.924534 0.187064 -0.324974
1311878017.584704  0.517132 -0.579498   3.85397 0.0689145 0.926415 0.186446 -0.319757
1311878017.616601  0.519608 -0.581126   3.85749 0.0693145 0.92869 0.185992 -0.313269
1311878017.648710  0.522763 -0.581258   3.85991 0.0691599 0.930999 0.185857 -0.306455
1311878017.684952  0.528426 -0.582421   3.86305 0.069032 0.932968 0.186134 -0.300267
1311878017.716932 0.531636 -0.58312  3.86431 0.0692919 0.934748 0.18743 -0.293793
1311878017.749039  0.538115 -0.588004   3.87034 0.0712488 0.936177 0.190689 -0.28659
1311878017.784614 0.529182 -0.57474  3.85228 0.0722575 0.938155 0.189979 -0.280273
1311878017.816582 0.548627 -0.59929  3.86995 0.0699205 0.939133 0.195816 -0.273488
1311878017.848725  0.549903 -0.598689    3.8693 0.0705762 0.940422 0.196195 -0.268575
1311878017.885131  0.552523 -0.600229   3.87197 0.0712163 0.941666 0.197786 -0.26282
1311878017.916604  0.551803 -0.598433   3.87215 0.0725222 0.94343 0.198111 -0.255796
1311878017.949087  0.554801 -0.599508   3.87347 0.0725938 0.945163 0.198721 -0.248809
1311878017.984830   0.55663 -0.597507   3.87275 0.0732915 0.947088 0.197172 -0.242438
1311878018.016654  0.562006 -0.601517   3.88242 0.0734117 0.948955 0.195755 -0.236169
1311878018.048591  0.56445 -0.60236  3.88716 0.0748447 0.950409 0.195409 -0.230078
1311878018.084696  0.557664 -0.596615    3.8794 0.077541 0.952229 0.193972 -0.222762
1311878018.116808  0.561729 -0.599655   3.88496 0.0776733 0.953735 0.193446 -0.216647
1311878018.148744  0.564611 -0.601435   3.88824 0.0785481 0.955104 0.192959 -0.210648
1311878018.184657  0.568475 -0.604388   3.89503 0.0787073 0.956414 0.19308 -0.204444
1311878018.216744  0.571319 -0.607845   3.89921 0.0797614 0.957261 0.194471 -0.198674
1311878018.248667  0.574756 -0.610139   3.90386 0.0802331 0.958488 0.194885 -0.192048
1311878018.284647  0.576885 -0.610926   3.90498 0.080417 0.959771 0.195468 -0.18484
1311878018.316611  0.580171 -0.611629   3.90926 0.0800334 0.961403 0.194353 -0.177553
1311878018.348695  0.582975 -0.614171   3.91658 0.0807451 0.962643 0.193653 -0.171166
1311878018.384643  0.585574 -0.617041    3.9221 0.0817053 0.963849 0.192922 -0.164622
1311878018.416635  0.589886 -0.618886   3.93046 0.0823335 0.965179 0.191571 -0.157958
1311878018.448976  0.591431 -0.620119   3.93562 0.0827112 0.966476 0.19054 -0.15092
1311878018.484781   0.59473 -0.623713   3.94158 0.0828867 0.967449 0.190352 -0.144703
1311878018.517462  0.597862 -0.626138   3.94792 0.0829955 0.968306 0.190216 -0.13897
1311878018.548920  0.600087 -0.626728   3.95305 0.0827757 0.969238 0.190159 -0.132537
1311878018.584563  0.601865 -0.629188   3.95925 0.0831106 0.970202 0.189667 -0.125804
1311878018.616734  0.604431 -0.631679   3.96739 0.0834525 0.971177 0.188564 -0.119563
1311878018.649179  0.606719 -0.634592   3.97449 0.0840491 0.972024 0.187852 -0.113208
1311878018.685014  0.607919 -0.636683    3.9821 0.0849307 0.972944 0.186812 -0.106153
1311878018.716730  0.611503 -0.642478   3.99077 0.0853546 0.973506 0.187283 -0.0996304
1311878018.748704   0.61122 -0.642825   3.99672 0.0861485 0.974311 0.186567 -0.0921339
1311878018.784680  0.615015 -0.645825    4.0066 0.0860407 0.97497 0.186456 -0.0852387
1311878018.816594  0.616807 -0.648173     4.015 0.086524 0.975553 0.18624 -0.0782601
1311878018.848798  0.616976 -0.647354   4.02133 0.0867381 0.976345 0.184758 -0.0713492
1311878018.884867  0.621496 -0.654308   4.03067 0.0878338 0.976527 0.185318 -0.0658629
1311878018.916739  0.621856 -0.654095   4.03145 0.0882865 0.976852 0.185643 -0.059182
1311878018.949102  0.620728 -0.655293   4.03918 0.0889429 0.977316 0.185015 -0.0520737
1311878018.985065  0.621134 -0.657702   4.04509 0.0894999 0.977535 0.185374 -0.0453028
1311878019.016802  0.618756 -0.656092   4.04914 0.0897951 0.977944 0.184789 -0.0376265
1311878019.048853  0.619437 -0.659515   4.05466 0.0897248 0.978233 0.184481 -0.0312451
1311878019.084675  0.621539 -0.664455   4.06713 0.0901456 0.978397 0.184386 -0.0248156
1311878019.116634  0.621276 -0.662493   4.07078 0.0907426 0.978753 0.182974 -0.0181589
1311878019.148954  0.622838 -0.664429   4.07707 0.0908097 0.978983 0.182213 -0.0120185
1311878019.184575  0.624397 -0.668909   4.08633 0.0911762 0.978957 0.182488 -0.00527948
1311878019.216722  0.624761 -0.669151   4.08904 0.0910482 0.979025 0.182261 0.0011173
1311878019.248730  0.625915 -0.672064   4.09651 0.0912681 0.979028 0.181974 0.00769591
1311878019.284600 0.626957 -0.67262  4.10313 0.091634 0.978955 0.1818 0.0141261
1311878019.316976  0.626103 -0.672915   4.10644 0.0918005 0.978882 0.181422 0.0211668
1311878019.348687  0.625413 -0.674494   4.11253 0.0926056 0.97882 0.180463 0.0277173
1311878019.384660  0.625155 -0.675569   4.11709 0.0934776 0.978576 0.180214 0.0342565
1311878019.416710  0.626061 -0.679226   4.12496 0.0936907 0.9784 0.179665 0.0409318
1311878019.448717  0.626823 -0.683098   4.13364 0.0936534 0.978095 0.179685 0.0476767
1311878019.484595  0.627216 -0.683103   4.13476 0.0937581 0.977855 0.179091 0.0541778
1311878019.516715  0.625155 -0.689075   4.14865 0.0951506 0.977372 0.178755 0.0611301
1311878019.548978  0.624835 -0.691128   4.15626 0.0961234 0.97689 0.178488 0.0677353
1311878019.584633   0.62323 -0.691209    4.1588 0.0969046 0.976337 0.178348 0.0746197
1311878019.616813  0.622043 -0.692389   4.16404 0.0974087 0.975773 0.17806 0.0816882
1311878019.648847  0.618889 -0.694637   4.16771 0.0984416 0.975036 0.178196 0.0886557
1311878019.684542  0.618155 -0.694771   4.17338 0.0993086 0.974477 0.177429 0.0951342
1311878019.716622  0.618716 -0.700599   4.18399 0.0996156 0.97369 0.178117 0.101383
1311878019.748803  0.620024 -0.704985     4.189 0.0997231 0.972583 0.180339 0.107776
1311878019.784763  0.617557 -0.704057   4.18876 0.100528 0.971404 0.181125 0.116022
1311878019.816954  0.616086 -0.704159   4.19539 0.100528 0.970706 0.180312 0.122926
1311878019.849045  0.618282 -0.702579   4.19398 0.101226 0.970273 0.178341 0.128522
1311878019.884756   0.61479 -0.710745   4.21314 0.101432 0.969644 0.177154 0.134607
1311878019.916992  0.615802 -0.712935   4.22035 0.101717 0.968901 0.176464 0.14052
1311878019.948796  0.610876 -0.714778    4.2315 0.101421 0.968074 0.175279 0.14773
1311878019.984613  0.611939 -0.712644   4.23512 0.100948 0.967545 0.173868 0.153091
1311878020.017014  0.604659 -0.719366   4.25706 0.101617 0.966438 0.174142 0.159201
1311878020.048883  0.608428 -0.715894   4.25689 0.101487 0.965283 0.174801 0.165451
1311878020.084880  0.602582 -0.719662   4.27292 0.102097 0.963559 0.176292 0.173352
1311878020.116598  0.608544 -0.710875   4.25875 0.101736 0.962389 0.1755 0.180715
1311878020.148621  0.605737 -0.713225   4.26456 0.102815 0.961382 0.174744 0.186113
1311878020.184840  0.602392 -0.712405   4.27117 0.104848 0.960716 0.170907 0.191892
1311878020.216778  0.588997 -0.718577   4.29714 0.105837 0.959692 0.167991 0.198921
1311878020.249573  0.590244 -0.718746   4.29933 0.106933 0.958145 0.168412 0.205332
1311878020.284766  0.586147 -0.720702   4.30851 0.106794 0.956816 0.167287 0.212397
1311878020.316686  0.581858 -0.726013   4.32206 0.105794 0.955744 0.166495 0.218267
1311878020.348803  0.582982 -0.724008   4.32343 0.106809 0.954426 0.165259 0.224392
1311878020.384609  0.578553 -0.727998   4.33255 0.106779 0.952918 0.165536 0.230527
1311878020.416806  0.569365 -0.732236   4.34766 0.106133 0.951517 0.164912 0.236972
1311878020.448808  0.571709 -0.730324   4.34675 0.106063 0.950601 0.164082 0.241218
1311878020.485162  0.562608 -0.733052   4.35482 0.106701 0.949836 0.163793 0.244126
1311878020.516982  0.559047 -0.734885   4.36193 0.106348 0.949562 0.162963 0.245898
1311878020.549859  0.556567 -0.735826   4.36675 0.106846 0.949267 0.161698 0.247648
1311878020.584739  0.546844 -0.740312   4.38187 0.105966 0.948966 0.161004 0.249625
1311878020.616700  0.547219 -0.738316   4.38401 0.106807 0.948542 0.160246 0.25136
1311878020.648819 0.539791 -0.73937  4.39261 0.106844 0.948197 0.159018 0.253416
1311878020.684681  0.533618 -0.742201   4.40129 0.106456 0.947793 0.159012 0.255089
1311878020.716812    0.5276 -0.743121   4.40698 0.106344 0.94771 0.159089 0.255395
1311878020.748712  0.525121 -0.742762   4.41107 0.107255 0.947882 0.159061 0.254392
1311878020.785903  0.523315 -0.741161   4.41606 0.108682 0.947944 0.15789 0.254284
1311878020.816854  0.511431 -0.745223   4.42967 0.108786 0.947605 0.158114 0.255362
1311878020.848687  0.507829 -0.745451   4.43744 0.108779 0.947537 0.158049 0.255659
1311878020.884865  0.507278 -0.746821    4.4403 0.108218 0.947512 0.1586 0.255648
1311878020.917095  0.501738 -0.749339   4.44923 0.108246 0.947599 0.158967 0.255084
1311878020.948638  0.498401 -0.748712   4.45559 0.108454 0.947615 0.158878 0.254992
1311878020.984751  0.493294 -0.749309   4.46254 0.108602 0.947596 0.158514 0.255226
1311878021.016658  0.483788 -0.754705   4.47398 0.108696 0.947062 0.161089 0.255557
1311878021.048716  0.479203 -0.752908   4.48149 0.109402 0.946986 0.160683 0.255793
1311878021.084803  0.476906 -0.753523   4.48461 0.110159 0.9469 0.161628 0.255189
1311878021.116678  0.47251 -0.75397  4.49285 0.110218 0.947061 0.160732 0.255133
1311878021.148763   0.46974 -0.753272   4.49634 0.110805 0.947219 0.15931 0.255185
1311878021.184705  0.460044 -0.755997   4.51019 0.11127 0.947255 0.158991 0.255047
1311878021.216789  0.453678 -0.755551   4.51943 0.111394 0.947368 0.157914 0.255241
1311878021.248868 0.448833 -0.75805  4.52845 0.111397 0.947317 0.159026 0.254739
1311878021.284739  0.447275 -0.760157   4.53283 0.110438 0.947241 0.160205 0.2547
1311878021.316778  0.442451 -0.759638   4.54155 0.110525 0.94734 0.159392 0.254803
1311878021.349074  0.441728 -0.760758   4.54595 0.110206 0.947428 0.159392 0.254614
1311878021.389656  0.436266 -0.760437   4.55354 0.110543 0.947437 0.158701 0.254867
1311878021.416795   0.43254 -0.762563   4.56275 0.109718 0.947623 0.158022 0.254955
1311878021.448791   0.42735 -0.762869   4.57239 0.109903 0.94754 0.156936 0.255852
1311878021.484791  0.422705 -0.762842   4.58229 0.110021 0.947449 0.155727 0.256874
1311878021.516824  0.417983 -0.764867   4.58996 0.109953 0.947154 0.155422 0.258175
1311878021.548735  0.412554 -0.766007   4.59741 0.110204 0.946821 0.155098 0.25948
1311878021.584636  0.403479 -0.766622   4.60901 0.111062 0.946311 0.155378 0.260802
1311878021.617010  0.401022 -0.767462   4.61526 0.111262 0.945932 0.156056 0.261685
1311878021.653009  0.396926 -0.767228   4.61945 0.111986 0.945445 0.156257 0.263013
1311878021.684625  0.390953 -0.769004   4.62741 0.112575 0.944816 0.157512 0.264271
1311878021.716667   0.39017 -0.768037   4.63118 0.112392 0.944684 0.156272 0.265555
1311878021.752779  0.382718 -0.770214   4.64096 0.113517 0.944068 0.15668 0.267021
1311878021.784590  0.376996 -0.773939   4.65533 0.112643 0.943714 0.156489 0.268749
1311878021.817116  0.381247 -0.772636   4.65298 0.112554 0.943355 0.155504 0.270613
1311878021.852638  0.368616 -0.777451   4.67486 0.111906 0.94284 0.155617 0.272603
1311878021.884602  0.370911 -0.775445   4.67114 0.112456 0.941893 0.156183 0.275316
1311878021.918301 0.358326 -0.77863  4.68505 0.112665 0.941184 0.155995 0.277751
1311878021.953932  0.356249 -0.778163   4.69084 0.113365 0.940597 0.15595 0.279474
1311878021.984974  0.348845 -0.779378   4.70026 0.113618 0.93984 0.15529 0.282272
1311878022.017248  0.344427 -0.780824   4.71028 0.113889 0.938967 0.155513 0.28493
1311878022.052765 0.344942 -0.78254  4.71351 0.113583 0.937941 0.155643 0.288343
1311878022.085839  0.334688 -0.783205   4.72564 0.114175 0.937038 0.153932 0.29194
1311878022.116657  0.334277 -0.783329   4.73025 0.115153 0.936005 0.153494 0.295083
1311878022.152633  0.326732 -0.786258    4.7416 0.11524 0.934734 0.152775 0.29942
1311878022.184846  0.323892 -0.785998   4.74848 0.116003 0.933362 0.151113 0.304209
1311878022.216739  0.318441 -0.787071   4.75675 0.116412 0.931614 0.150819 0.309511
1311878022.252709 0.316197 -0.78851  4.76327 0.11647 0.930056 0.149887 0.314585
1311878022.285336  0.307711 -0.789158   4.77518 0.116039 0.928311 0.149316 0.320123
1311878022.316792  0.318742 -0.787991   4.76414 0.116742 0.926109 0.150209 0.325776
1311878022.352664  0.315451 -0.784328   4.77131 0.117395 0.924654 0.147502 0.330873
1311878022.384677  0.32348 -0.78346  4.77184 0.119176 0.922267 0.149092 0.336143
1311878022.416871  0.315495 -0.784004   4.77912 0.11916 0.920244 0.146877 0.342605
1311878022.452940  0.279853 -0.788027   4.79768 0.116796 0.916934 0.150459 0.350645
1311878022.484503  0.294668 -0.779496    4.7752 0.120355 0.913076 0.152502 0.358538
1311878022.516632  0.279224 -0.781099   4.78796 0.120337 0.911282 0.150442 0.363939
1311878022.552696 0.275846 -0.78158  4.79764 0.120961 0.909371 0.151147 0.368194
1311878022.584594  0.281384 -0.782208   4.80007 0.119679 0.906748 0.151094 0.375042
1311878022.616976  0.279005 -0.783911   4.80277 0.119464 0.904783 0.148873 0.380701
1311878022.652431 0.271227 -0.78732   4.8125 0.119337 0.902782 0.148203 0.385719
1311878022.684386  0.267247 -0.786032   4.81807 0.120332 0.9001 0.145878 0.392506
1311878022.716747  0.255243 -0.786545   4.82733 0.120545 0.897715 0.144371 0.398414
1311878022.752421   0.25781 -0.790918   4.83455 0.119197 0.895166 0.145942 0.403944
1311878022.784455  0.248308 -0.784971   4.83796 0.121368 0.892074 0.143458 0.410968
1311878022.816523  0.244789 -0.785236   4.84236 0.122358 0.889653 0.142863 0.416096
1311878022.852400 0.236913 -0.78561  4.85022 0.122627 0.886591 0.142551 0.422609
1311878022.884713  0.234917 -0.784964   4.85352 0.122426 0.884254 0.140477 0.428221
1311878022.916649  0.219898 -0.785437   4.86352 0.122622 0.881893 0.13949 0.433326
1311878022.952404  0.217812 -0.784137   4.86373 0.121993 0.879881 0.139657 0.437519
1311878022.984474  0.209961 -0.782544   4.86421 0.123291 0.879047 0.138446 0.439213
1311878023.016627  0.200592 -0.783247   4.87077 0.124284 0.879245 0.139296 0.438267
1311878023.052582  0.190562 -0.782356   4.87813 0.125632 0.878877 0.137835 0.439082
1311878023.084662 0.186816 -0.78414   4.8821 0.124561 0.878645 0.138281 0.43971
1311878023.116471  0.181051 -0.785806   4.88843 0.124301 0.878303 0.137079 0.440842
1311878023.152647    0.1768 -0.785772   4.89131 0.125337 0.878143 0.134359 0.441704
1311878023.184589 0.158767 -0.78526  4.90104 0.125963 0.878159 0.132987 0.44191
1311878023.216789  0.153127 -0.784968   4.90462 0.126415 0.877977 0.133781 0.441902
1311878023.252608   0.14905 -0.786413   4.90873 0.125975 0.877946 0.13442 0.441895
1311878023.284528  0.143607 -0.787342   4.91228 0.126407 0.877825 0.134474 0.441998
1311878023.316652  0.136911 -0.787891   4.91716 0.126567 0.877863 0.133565 0.442152
1311878023.352490  0.130987 -0.788792   4.92081 0.126207 0.877787 0.1341 0.442244
1311878023.384626  0.126876 -0.789355   4.92562 0.126257 0.878086 0.1332 0.441906
1311878023.416579  0.123076 -0.790565   4.92895 0.126852 0.878404 0.131681 0.44156
1311878023.452343 0.119381  -0.7918  4.93157 0.127502 0.87875 0.130277 0.4411
1311878023.484522  0.108717 -0.791651   4.94001 0.128503 0.879308 0.128486 0.440222
1311878023.517735 0.0951109 -0.790773   4.94872 0.129167 0.879402 0.128721 0.439772
1311878023.552660  0.097247 -0.792677   4.95164 0.128117 0.879799 0.12877 0.43927
1311878023.584793 0.0912168 -0.793651    4.9547 0.128437 0.879935 0.127917 0.439152
1311878023.617956 0.0835138 -0.792297   4.95971 0.12905 0.88003 0.127028 0.439042
1311878023.652717 0.0828337 -0.793605   4.96137 0.128203 0.880327 0.127076 0.43868
1311878023.684738 0.075933 -0.79464  4.96565 0.127409 0.880612 0.127294 0.438276
1311878023.716811 0.0715293 -0.794856   4.96908 0.127646 0.880765 0.127372 0.437876
1311878023.752977 0.0734091  -0.79534   4.97249 0.126964 0.880704 0.127798 0.438073
1311878023.784534 0.0702645 -0.794674   4.97697 0.126569 0.88087 0.126512 0.438228
1311878023.816697 0.0609118 -0.794507   4.97951 0.127018 0.880583 0.126907 0.43856
1311878023.852528  0.059855 -0.795206   4.98118 0.126755 0.880383 0.128089 0.438693
1311878023.884760  0.055623 -0.794016   4.98375 0.126623 0.880246 0.127932 0.439053
1311878023.916637 0.0583001 -0.794993   4.98352 0.127009 0.880609 0.127083 0.43846
1311878023.952577 0.0447463  -0.79509   4.99285 0.127798 0.880946 0.126132 0.437826
1311878023.984521 0.0352571 -0.796985   5.00354 0.127327 0.881059 0.125623 0.437882
1311878024.017661 0.0271358 -0.795834   5.00621 0.127509 0.880892 0.125141 0.438303
1311878024.052625 0.0233332 -0.795625   5.01055 0.127522 0.880991 0.125598 0.43797
1311878024.084455 0.0170808 -0.795228   5.01485 0.127474 0.880969 0.125551 0.438042
1311878024.116616 0.0180123 -0.794912   5.01471 0.127506 0.880901 0.125691 0.438129
1311878024.153228 0.000316858   -0.790082       5.021 0.126934 0.880353 0.127588 0.438848
1311878024.184594 0.00695957  -0.790249    5.02696 0.125015 0.87995 0.13066 0.439303
1311878024.216612 0.00790175  -0.791502    5.02869 0.124009 0.87943 0.130691 0.440619
1311878024.253235 0.00763726  -0.792634    5.02927 0.124459 0.879902 0.128146 0.440297
1311878024.284938 -0.00306024   -0.793561     5.03824 0.125844 0.880158 0.125902 0.440038
1311878024.316530 -0.000792823    -0.794094      5.03753 0.127417 0.879434 0.125193 0.441234
1311878024.353772 -0.0132731  -0.792201    5.04508 0.127722 0.87845 0.124627 0.443262
1311878024.384570 -0.021564 -0.791219   5.04885 0.12825 0.877222 0.1256 0.445261
1311878024.416955 -0.0165962  -0.792116    5.05108 0.128389 0.876601 0.124514 0.446748
1311878024.453197 -0.0166355  -0.788339    5.04796 0.12662 0.87506 0.126243 0.449777
1311878024.484655 -0.00947844   -0.790428     5.04857 0.127716 0.873986 0.123486 0.452315
1311878024.523308 -0.00927297   -0.796995     5.05058 0.12595 0.872729 0.125196 0.45476
1311878024.554685 -0.00314337   -0.753631     5.07093 0.128003 0.872001 0.121299 0.456636
1311878024.584824 -0.00326327   -0.748597     5.06639 0.127319 0.870548 0.120927 0.459687
1311878024.617101 -0.00422463   -0.752357     5.07386 0.126451 0.869528 0.120671 0.46192
1311878024.652991 -0.00280793   -0.752593     5.08462 0.125634 0.867934 0.121995 0.464784
1311878024.684631 -0.00561015   -0.732014      5.0566 0.126341 0.864097 0.121953 0.4717
1311878024.716655 -0.00883701   -0.763809     5.08037 0.121788 0.864741 0.12406 0.471169
1311878024.753910 -0.0044495  -0.760919     5.0824 0.122116 0.863661 0.1229 0.473363
1311878024.785153 -0.0040064  -0.765398    5.08632 0.120657 0.862273 0.121626 0.476586
1311878024.816505 -0.0078321  -0.763334     5.0908 0.121163 0.861531 0.120342 0.478123
1311878024.852467 -0.00358397      -0.764     5.08978 0.122318 0.859796 0.119621 0.481124
1311878024.884581 -0.00953246   -0.762422     5.09279 0.122612 0.858256 0.11901 0.483941
1311878024.919119 -0.0109259  -0.764068    5.09483 0.12223 0.856893 0.119571 0.48631
1311878024.955552 -0.0131615  -0.760718    5.09243 0.124049 0.855311 0.116361 0.489402
1311878024.984716 -0.0305545  -0.763083    5.10615 0.124222 0.854465 0.117019 0.490678
1311878025.016550 -0.0238159  -0.761042    5.10121 0.124606 0.852512 0.11736 0.493886
1311878025.052315 -0.0319962  -0.759471    5.10707 0.1243 0.85123 0.117414 0.496157
1311878025.084577 -0.0304821   -0.75753    5.10864 0.124103 0.850213 0.115881 0.498306
1311878025.116933 -0.0408622  -0.758949    5.11636 0.122725 0.848922 0.115765 0.500867
1311878025.152797 -0.0367675  -0.757343    5.11588 0.122543 0.847347 0.113878 0.504001
1311878025.186142 -0.0556029  -0.756558    5.12828 0.122196 0.84546 0.114615 0.507079
1311878025.219806 -0.0518939  -0.751197    5.13147 0.122254 0.843727 0.11292 0.510322
1311878025.253030 -0.0612203   -0.75084    5.13663 0.122526 0.842149 0.111442 0.513179
1311878025.292650 -0.0502703  -0.743461    5.15559 0.124659 0.841343 0.110069 0.514282
1311878025.316747 -0.0513024  -0.737728    5.15174 0.124742 0.839174 0.108176 0.518193
1311878025.353317 -0.0618806  -0.737876    5.15926 0.124365 0.837575 0.108344 0.52083
1311878025.384920 -0.0633007  -0.736608    5.16076 0.124583 0.83576 0.107033 0.523954
1311878025.418493 -0.0689398  -0.734911    5.16472 0.125803 0.833761 0.10589 0.527071
1311878025.453110 -0.0672321  -0.739806    5.17011 0.125675 0.831658 0.106574 0.530277
1311878025.486135 -0.0809124   -0.73689     5.1765 0.126673 0.829392 0.1038 0.534123
1311878025.516544 -0.0881666   -0.73637    5.18303 0.12665 0.827291 0.103552 0.537426
1311878025.552476 -0.0908661  -0.738563      5.187 0.126841 0.824597 0.102353 0.541734
1311878025.584417 -0.0996036  -0.740316    5.19441 0.126426 0.82214 0.101949 0.545627
1311878025.616903 -0.108283  -0.73913    5.1966 0.126381 0.819035 0.100761 0.550505
1311878025.652783 -0.127776 -0.719455   5.16188 0.12629 0.814045 0.0985009 0.558282
1311878025.684700 -0.139962 -0.713955   5.16418 0.127413 0.811435 0.0957342 0.562293
1311878025.717343 -0.150861 -0.718743   5.16698 0.126039 0.808616 0.0970294 0.566427
1311878025.756406 -0.151185 -0.705996   5.16262 0.127207 0.804962 0.0944453 0.571781
1311878025.784607 -0.165247 -0.707809    5.1675 0.126939 0.801449 0.0953512 0.576605
1311878025.817283  -0.17446 -0.707156   5.17093 0.127483 0.797445 0.0941358 0.58221
1311878025.852488 -0.179928 -0.706413   5.17383 0.128192 0.793774 0.0921037 0.587372
1311878025.885296 -0.203282 -0.702619   5.18132 0.128302 0.790399 0.0896145 0.592265
1311878025.916617  -0.21247 -0.700614   5.18302 0.127896 0.786284 0.0889053 0.59791
1311878025.952579 -0.221288 -0.697822   5.18658 0.128778 0.782247 0.0867954 0.603301
1311878025.984876 -0.248458 -0.692906   5.19162 0.128218 0.778027 0.0875065 0.60875
1311878026.016653 -0.258501 -0.724025   5.19193 0.121868 0.77432 0.0882636 0.614643
1311878026.052722 -0.285834  -0.72563    5.1942 0.121531 0.770895 0.0888509 0.618916
1311878026.084605 -0.279263 -0.722099   5.18386 0.123582 0.766204 0.0869296 0.624581
1311878026.116539 -0.282114 -0.724932   5.18871 0.122943 0.762293 0.0861896 0.629576
1311878026.152417 -0.309395 -0.720267   5.19031 0.123294 0.75813 0.084875 0.634691
1311878026.184549 -0.307007 -0.720412    5.1913 0.124364 0.753098 0.0850052 0.640431
1311878026.216395 -0.323676 -0.717138   5.19784 0.123441 0.749668 0.0814717 0.645076
1311878026.253754  -0.32894 -0.713445   5.19974 0.123723 0.745678 0.0802636 0.64978
1311878026.285021 -0.344394 -0.710751   5.20312 0.123937 0.741455 0.0790471 0.654703
1311878026.316627  -0.34709 -0.710127   5.20378 0.123897 0.736784 0.0788129 0.65999
1311878026.352440 -0.371689 -0.706305   5.20309 0.121847 0.732703 0.0775618 0.665044
1311878026.384861 -0.366038 -0.706024   5.20984 0.12296 0.728348 0.0764464 0.669736
1311878026.417748 -0.380295 -0.705877   5.21261 0.121348 0.724667 0.075599 0.674105
1311878026.453328 -0.380356 -0.703435   5.21313 0.122985 0.719576 0.0735104 0.679472
1311878026.485283 -0.413985 -0.703682   5.20965 0.12149 0.71616 0.0721351 0.683485
1311878026.516817 -0.415027 -0.705451   5.21362 0.120245 0.711417 0.0723589 0.688615
1311878026.552640 -0.423224 -0.705173   5.21712 0.120274 0.707113 0.0698512 0.693286
1311878026.584991 -0.438431 -0.702509   5.21813 0.120567 0.703431 0.0685651 0.697099
1311878026.616955 -0.446653 -0.703042   5.22025 0.120655 0.698587 0.0686861 0.701927
1311878026.652759 -0.444856 -0.707987   5.22526 0.119624 0.69428 0.0665705 0.706565
1311878026.684611 -0.486503 -0.695476   5.21489 0.12057 0.690386 0.063602 0.710482
1311878026.718820 -0.473589 -0.703063   5.22614 0.11762 0.685684 0.0650552 0.715381
1311878026.752548 -0.484762   -0.6997   5.22319 0.118086 0.680721 0.0640944 0.720116
1311878026.784758 -0.498704 -0.695822   5.22809 0.1187 0.677564 0.0616631 0.723198
1311878026.816830  -0.51149 -0.697543   5.22593 0.1184 0.671692 0.0630485 0.728585
1311878026.852461  -0.51705 -0.694223   5.22689 0.118896 0.666719 0.0603915 0.733282
1311878026.884553 -0.547954 -0.601607    5.2839 0.127291 0.665513 0.0575445 0.733197
1311878026.917926 -0.535493 -0.589016   5.27148 0.123518 0.658684 0.0559474 0.7401
1311878026.953081 -0.496733 -0.403531   5.32337 0.142637 0.652184 0.0438669 0.743227
1311878026.985018 -0.531116 -0.394355   5.33113 0.145141 0.651589 0.0379144 0.743592
1311878027.018061 -0.530714  -0.40107   5.33325 0.143702 0.646659 0.0409924 0.747998
1311878027.052607 -0.541125 -0.400637   5.31861 0.145429 0.639298 0.0379349 0.754128
1311878027.084560 -0.580965 -0.393462   5.33404 0.144107 0.639173 0.0376823 0.754501
1311878027.152595 -0.586578 -0.388959   5.33312 0.142223 0.634359 0.0354595 0.759015
1311878027.184597 -0.593247 -0.387694    5.3315 0.143465 0.630127 0.0345718 0.76234
1311878027.216850 -0.605848  -0.38413   5.33542 0.143382 0.626503 0.0328683 0.765412
1311878027.252252 -0.618159 -0.377237   5.33486 0.144243 0.621827 0.0307677 0.769142
1311878027.286232 -0.619217 -0.379724   5.33484 0.145379 0.617195 0.0286959 0.77273
1311878027.316979 -0.651279 -0.361695   5.33415 0.145384 0.613406 0.0266523 0.775813
1311878027.352535 -0.638338 -0.373589   5.32946 0.141813 0.605347 0.0296874 0.782664
1311878027.384877 -0.646846 -0.370934   5.32542 0.142641 0.59968 0.0275315 0.786943
1311878027.416692 -0.658131 -0.365253   5.32621 0.143268 0.596159 0.026418 0.789539
1311878027.453012 -0.669631 -0.362076   5.32174 0.141919 0.590285 0.024633 0.794239
1311878027.485029 -0.672612 -0.362348    5.3171 0.140343 0.585445 0.0248077 0.798087
1311878027.516700 -0.683485 -0.356784   5.31543 0.140844 0.580126 0.0227572 0.801934
1311878027.552785 -0.695141 -0.352471   5.31396 0.140666 0.574627 0.0212242 0.805957
1311878027.584437 -0.701951 -0.352917   5.30881 0.140086 0.56911 0.0205987 0.809978
1311878027.619206 -0.711866 -0.349923   5.30565 0.140752 0.563611 0.0190492 0.813738
1311878027.652336 -0.727894 -0.351664   5.30535 0.139728 0.558863 0.018655 0.81719
1311878027.684628 -0.728761 -0.351877   5.30582 0.13885 0.553749 0.017799 0.820833
1311878027.717534 -0.740888 -0.345727   5.29769 0.140247 0.547121 0.0146573 0.825091
1311878027.752515 -0.752986 -0.342111   5.29429 0.140184 0.541793 0.0132651 0.828633
1311878027.784532 -0.758538 -0.338835   5.28857 0.140858 0.535297 0.0115725 0.832756
1311878027.816695 -0.768615 -0.334453   5.28164 0.141185 0.529288 0.0105596 0.836546
1311878027.852553 -0.778419 -0.328205   5.27976 0.142073 0.523847 0.00825282 0.83984
1311878027.884809 -0.785478 -0.324742   5.27041 0.142025 0.517279 0.00807183 0.843911
1311878027.916727 -0.796764 -0.319058   5.26534 0.142885 0.511683 0.00534616 0.847193
1311878027.952460 -0.805121 -0.317075   5.26304 0.142785 0.506814 0.00426368 0.850137
1311878027.988448 -0.816753 -0.312757   5.25753 0.143356 0.501122 0.00185736 0.853418
1311878028.016929 -0.825864  -0.31009   5.25383 0.142494 0.496365 0.000511028 0.856339
1311878028.052386 -0.836522 -0.304165   5.24782 0.141791 0.490497 -0.00105392 0.859829
1311878028.084901 -0.843251 -0.301379   5.24351 0.140918 0.485249 -0.00245821 0.862942
1311878028.116807 -0.849725 -0.298797   5.23927 0.140191 0.48021 -0.00366823 0.86587
1311878028.152381 -0.861887 -0.293669   5.23357 0.138365 0.475212 -0.00524497 0.868908
1311878028.184744 -0.848276 -0.296597   5.23502 0.136817 0.469205 -0.00546207 0.872409
1311878028.220340 -0.862098 -0.287602   5.22337 0.139696 0.463054 -0.0097657 0.875197
1311878028.252618 -0.866628 -0.285892   5.22381 0.141025 0.457956 -0.0109687 0.877649
1311878028.286371 -0.888598 -0.270707    5.2057 0.140094 0.44872 -0.0115131 0.882548
1311878028.317758 -0.872298 -0.271986   5.20727 0.137942 0.442527 -0.0135057 0.885979
1311878028.421635 -0.874879 -0.277961   5.18892 0.145203 0.434446 -0.0248369 0.888569
1311878028.486354 -0.874421  -0.26296   5.19377 0.133403 0.42757 -0.0291069 0.893611
1311878028.517051 -0.846966 -0.283474   5.19522 0.134215 0.420472 -0.0269147 0.89692
1311878028.552545 -0.854017 -0.286946   5.17917 0.145806 0.415754 -0.0293322 0.897234
1311878028.586896 -0.878251 -0.286528   5.16997 0.142421 0.411238 -0.0301573 0.899828
1311878028.616736  -0.87258 -0.299512   5.16777 0.141737 0.400752 -0.0289146 0.904695
1311878028.652549  -0.88633 -0.269056   5.12153 0.149631 0.386756 -0.0288704 0.909504
1311878028.687235 -0.892279 -0.262582   5.12414 0.140836 0.385536 -0.026926 0.911483
1311878028.716969 -0.879934 -0.262766   5.11001 0.143589 0.374288 -0.0223971 0.915854
1311878028.752540  -0.90439 -0.245468   5.09962 0.139018 0.371712 -0.0257558 0.917519
1311878028.785896 -0.902636 -0.244989   5.10425 0.135349 0.362571 -0.025725 0.921716
1311878028.818073 -0.918428 -0.239528    5.1008 0.128626 0.35754 -0.0342794 0.924362
1311878028.852355 -0.925632 -0.235149   5.10498 0.12591 0.356768 -0.0384787 0.924869
1311878028.885951 -0.933027  -0.23585   5.10615 0.126144 0.353153 -0.0394914 0.926181
1311878028.917669 -0.937342 -0.234419   5.09916 0.128883 0.34673 -0.0414552 0.928143
1311878028.952411 -0.949624 -0.225413   5.08155 0.13373 0.341793 -0.0422747 0.929251
1311878028.985210 -0.955201 -0.220992   5.07005 0.133841 0.333918 -0.0422024 0.932097
1311878029.017850 -0.961401 -0.217448   5.06188 0.133265 0.326837 -0.0437514 0.934614
1311878029.054820 -0.972756 -0.212762   5.05496 0.131927 0.321179 -0.0463161 0.93664
1311878029.087518 -0.974455 -0.209044   5.05443 0.132245 0.313906 -0.0495793 0.938891
1311878029.117074 -0.984231 -0.208091   5.04415 0.130847 0.307784 -0.05397 0.94087
1311878029.154850 -0.995921 -0.200306   5.03441 0.128642 0.302202 -0.0561548 0.942853
1311878029.185775  -0.99975 -0.196159   5.02965 0.125817 0.296578 -0.0574682 0.944939
1311878029.218784  -0.99973 -0.193581   5.02466 0.126424 0.290099 -0.0584878 0.946804
1311878029.252758  -1.00381 -0.191365   5.01653 0.127749 0.284705 -0.0596713 0.948189
1311878029.285738  -1.00976 -0.185682   5.00525 0.128065 0.277282 -0.0610743 0.950255
1311878029.555147  -1.00285 -0.184749   5.01928 0.131595 0.275388 -0.0627154 0.950216
1311878029.584768  -1.00815 -0.178027   5.00702 0.149295 0.265753 -0.0696331 0.949862
1311878029.618665  -1.02277 -0.166923   4.96791 0.143169 0.264565 -0.0691935 0.951168
1311878029.656500  -1.03183 -0.174082    4.9845 0.136058 0.261607 -0.0715676 0.952853
1311878029.684697  -1.03475 -0.150667   4.97515 0.139668 0.255693 -0.0794566 0.95331
1311878029.717844   -1.0395 -0.150763   4.97891 0.142239 0.255273 -0.0815065 0.95287
1311878029.754312  -1.05299 -0.135823    4.9602 0.146369 0.248676 -0.0852133 0.953664
1311878029.784705  -1.06013 -0.127752   4.95072 0.146483 0.245488 -0.0856538 0.954433
1311878029.818127  -1.05638 -0.127788   4.95052 0.147699 0.241487 -0.0860657 0.955229
1311878029.856304  -1.05699 -0.119577   4.92031 0.14567 0.23708 -0.0844487 0.956787
1311878029.884468  -1.06136 -0.120674   4.91818 0.142023 0.236742 -0.0841818 0.957442
1311878029.918437  -1.05849 -0.121667   4.91782 0.144047 0.23488 -0.0846056 0.957561
1311878029.954823 -1.06038 -0.11788  4.90563 0.145753 0.235499 -0.0849208 0.957123
1311878029.986498  -1.0694 -0.11225  4.90546 0.144875 0.237869 -0.0857605 0.956595
1311878030.016662   -1.0665 -0.116192   4.91071 0.146121 0.23803 -0.0887407 0.956094
1311878030.056506  -1.06495 -0.106745   4.90198 0.152375 0.241454 -0.0881834 0.954309
1311878030.084767  -1.07996 -0.103067   4.90334 0.149046 0.243338 -0.0887775 0.954301
1311878030.116946  -1.07954 -0.103966   4.90216 0.144659 0.241896 -0.0889696 0.955324
1311878030.153057  -1.08116 -0.107172   4.90909 0.142754 0.243268 -0.0882089 0.955333
1311878030.184631  -1.08054 -0.107204   4.91093 0.142897 0.242615 -0.0880376 0.955493
1311878030.217882  -1.07979 -0.106263   4.90865 0.143341 0.242336 -0.0881356 0.955489
1311878030.256384  -1.08177 -0.105933   4.90834 0.140844 0.243244 -0.0874706 0.95569
1311878030.284953 -1.07741 -0.10473  4.91466 0.140884 0.242046 -0.0869814 0.956033
1311878030.316330  -1.07547 -0.107493   4.91549 0.142466 0.24174 -0.0878962 0.955793
1311878030.353259  -1.07573 -0.106857   4.91258 0.143013 0.242152 -0.0875236 0.955641
1311878030.385762  -1.07779 -0.107159   4.91282 0.142879 0.242349 -0.0877852 0.955587
1311878030.416387  -1.07528 -0.109056   4.91259 0.142459 0.241785 -0.0869634 0.955868
1311878030.453109 -1.07555 -0.10839  4.91098 0.142424 0.241357 -0.0866479 0.95601
1311878030.484353  -1.08112 -0.107616   4.91241 0.141875 0.242956 -0.0871577 0.95564
1311878030.516505  -1.08002 -0.108755   4.91452 0.141794 0.2426 -0.0869106 0.955765
1311878030.556128  -1.08231 -0.108648   4.91343 0.141707 0.24289 -0.0872669 0.955672
1311878030.584525  -1.08329 -0.108821   4.91334 0.141607 0.242609 -0.086972 0.955785
1311878030.616558  -1.08363 -0.109879   4.91416 0.141224 0.242221 -0.0871558 0.955923
1311878030.653362  -1.08472 -0.109938    4.9145 0.141248 0.241546 -0.0869915 0.956105
1311878030.684735  -1.08327 -0.109686   4.91384 0.141859 0.239672 -0.0869914 0.956486
1311878030.724018  -1.08386 -0.109615   4.91488 0.141818 0.237251 -0.0876571 0.957035
1311878030.753254  -1.08674 -0.110852   4.91189 0.140703 0.234282 -0.0884143 0.957861
1311878030.784511  -1.08434 -0.110603   4.90958 0.14043 0.230826 -0.0889704 0.958688
1311878030.821141  -1.08486 -0.111693   4.90834 0.139556 0.227914 -0.0886979 0.959537
1311878030.853302  -1.08556 -0.111411   4.90715 0.139152 0.224705 -0.0892709 0.960299
1311878030.885434  -1.08647 -0.114585   4.91018 0.138012 0.220959 -0.0900984 0.961256
1311878030.922981  -1.08856 -0.114915   4.91154 0.137306 0.216902 -0.0914296 0.962154
1311878030.954691  -1.09101 -0.114983   4.91526 0.136952 0.212099 -0.0934757 0.963079
1311878030.984420  -1.09374 -0.114586   4.91479 0.13596 0.206863 -0.0942798 0.964279
1311878031.020700  -1.09547 -0.114458   4.91304 0.135338 0.199955 -0.0959771 0.965655
1311878031.052558    -1.096 -0.116265   4.91413 0.134497 0.193311 -0.0972247 0.967
1311878031.086629  -1.09858 -0.112958   4.91046 0.133932 0.187303 -0.098604 0.96812
1311878031.120580 -1.10452 -0.11113  4.91158 0.132913 0.182733 -0.10055 0.968934
1311878031.155349    -1.107 -0.109369   4.91681 0.133103 0.177242 -0.102155 0.969759
1311878031.184531  -1.10764 -0.109229   4.91776 0.132653 0.170697 -0.104358 0.97076
1311878031.224147    -1.109 -0.109336   4.91697 0.13201 0.164934 -0.105846 0.971682
1311878031.252660  -1.11036 -0.109886   4.91909 0.131171 0.159561 -0.107571 0.972503
1311878031.286246  -1.10983 -0.114032   4.91499 0.12944 0.152795 -0.108244 0.973747
1311878031.323000  -1.10936 -0.116537   4.91592 0.128041 0.146182 -0.108348 0.974934
1311878031.352935  -1.11084 -0.116594   4.92182 0.12713 0.139753 -0.110195 0.975789
1311878031.384460  -1.11049 -0.113662   4.91992 0.127622 0.132541 -0.111615 0.976569
1311878031.423473  -1.11156 -0.115346   4.91824 0.125793 0.125549 -0.111711 0.977719
1311878031.453431  -1.11124 -0.115128   4.91627 0.1245 0.11806 -0.113319 0.978632
1311878031.484409  -1.11095 -0.113611   4.91754 0.123501 0.110623 -0.115431 0.97938
1311878031.522515  -1.11085 -0.113536   4.91972 0.122988 0.102952 -0.117081 0.980085
1311878031.553642  -1.11253 -0.112821   4.91897 0.12224 0.0967396 -0.117988 0.980703
1311878031.584482  -1.11395 -0.114336   4.91949 0.120627 0.0918127 -0.118046 0.981369
1311878031.620637  -1.11371 -0.113813   4.91994 0.120354 0.0866041 -0.119719 0.981673
1311878031.652516  -1.11469 -0.114285   4.91762 0.119002 0.0805982 -0.120873 0.982208
1311878031.684345  -1.11453 -0.110529   4.91849 0.118934 0.0750484 -0.124578 0.982193
1311878031.720470  -1.11548 -0.108628   4.92027 0.118495 0.071377 -0.127591 0.982133
1311878031.752338  -1.11464 -0.104526   4.91909 0.119795 0.0714307 -0.12791 0.98193
1311878031.784339  -1.11484 -0.106107   4.91824 0.121086 0.0715062 -0.126771 0.981913
1311878031.822707 -1.11516 -0.10517  4.91798 0.121909 0.0720845 -0.127465 0.98168
1311878031.854977  -1.11601 -0.105752   4.91952 0.121608 0.0720522 -0.127345 0.981735
1311878031.884347 -1.11648 -0.10432  4.92072 0.121745 0.0719283 -0.128465 0.981581
1311878031.920412  -1.11662 -0.101326   4.92249 0.122488 0.0727654 -0.129534 0.981286
1311878031.952276  -1.11513 -0.102147   4.92176 0.122535 0.0723216 -0.129375 0.981334
1311878031.984334  -1.11447 -0.103024   4.91997 0.122056 0.0720063 -0.128556 0.981525
1311878032.020373  -1.11527 -0.103273   4.92188 0.12219 0.0722474 -0.128398 0.981511
1311878032.055085  -1.11512 -0.103023   4.92158 0.122017 0.0720037 -0.128532 0.981533
1311878032.084221  -1.11464 -0.100993   4.92345 0.123105 0.0722724 -0.129453 0.981256
1311878032.122204  -1.11453 -0.101995   4.92221 0.122874 0.0717819 -0.128742 0.981415
1311878032.152579  -1.11446 -0.102443   4.92074 0.122612 0.0716575 -0.128656 0.981468
1311878032.184461  -1.11396 -0.101786   4.91984 0.122809 0.0715255 -0.128947 0.981415
1311878032.221425  -1.11552 -0.102462   4.92105 0.122506 0.0722523 -0.128324 0.981481
1311878032.253956  -1.11536 -0.102328   4.92166 0.12253 0.0722365 -0.128236 0.981491
1311878032.284345  -1.11558 -0.102255   4.92184 0.12248 0.0722842 -0.128114 0.981509
1311878032.321155    -1.116 -0.104372   4.92036 0.121698 0.0719236 -0.127236 0.981747
1311878032.354089  -1.11758 -0.103946   4.92108 0.121911 0.0726831 -0.127041 0.98169
1311878032.384332  -1.11797 -0.102014   4.92296 0.123032 0.073613 -0.127629 0.981405
1311878032.421185  -1.11811 -0.102224   4.92235 0.122868 0.0742073 -0.127173 0.98144
1311878032.454648 -1.11898 -0.10582  4.92055 0.121466 0.0742433 -0.125744 0.981796
1311878032.484454  -1.11918 -0.104037    4.9207 0.122911 0.0757954 -0.126259 0.981431
1311878032.521523  -1.11897 -0.104117   4.91883 0.122846 0.0777734 -0.12551 0.98138
1311878032.553668  -1.12051 -0.103686   4.92093 0.122917 0.0803109 -0.124964 0.981237
1311878032.584306  -1.12107 -0.103231   4.92359 0.123653 0.0823316 -0.124861 0.98099
1311878032.620491  -1.12065 -0.102942   4.92391 0.124072 0.0838969 -0.124842 0.980807
1311878032.657233   -1.11938 -0.0989975    4.92565 0.125877 0.0866361 -0.126193 0.980166
1311878032.684482   -1.11739 -0.0947875    4.92782 0.127435 0.0904557 -0.126578 0.979569
1311878032.723473   -1.11732 -0.0952925    4.92916 0.128377 0.0948246 -0.125484 0.979174
1311878032.752610   -1.11718 -0.0941575    4.93086 0.129665 0.100002 -0.125234 0.978521
1311878032.784418   -1.11845 -0.0912181    4.93339 0.131813 0.106213 -0.125243 0.977578
1311878032.821648   -1.11965 -0.0908437    4.93324 0.132484 0.112399 -0.124371 0.976906
1311878032.852593   -1.11899 -0.0897952    4.93121 0.13314 0.117593 -0.122806 0.976404
1311878032.884296   -1.12128 -0.0884528    4.93276 0.135198 0.124933 -0.120594 0.975485
1311878032.920624   -1.12022 -0.0911509    4.92617 0.135569 0.129663 -0.117758 0.975162
1311878032.952349   -1.11904 -0.0914391    4.92478 0.136463 0.135224 -0.116735 0.974405
1311878032.984365   -1.11817 -0.0911556    4.92417 0.137344 0.14102 -0.115988 0.973549
1311878033.021472   -1.11848 -0.0905054    4.92429 0.138519 0.1474 -0.115373 0.97251
1311878033.052407   -1.12035 -0.0913757    4.92201 0.138386 0.154129 -0.113404 0.971716
1311878033.084350    -1.1206 -0.0917723    4.92445 0.138967 0.160704 -0.112252 0.970702
1311878033.120836    -1.1182 -0.0891772    4.92122 0.140316 0.165821 -0.110833 0.96981
1311878033.152262   -1.11645 -0.0891004     4.9204 0.140529 0.170961 -0.109217 0.969069
1311878033.184402   -1.11588 -0.0901033    4.91693 0.140528 0.176361 -0.107259 0.96832
1311878033.221259   -1.11298 -0.0903208    4.91559 0.141643 0.181175 -0.105805 0.967429
1311878033.252331   -1.11016 -0.0917545    4.91645 0.142277 0.186005 -0.104211 0.966592
1311878033.284307   -1.10922 -0.0931761    4.91872 0.142859 0.191579 -0.102415 0.965609
1311878033.322591   -1.11036 -0.0913585     4.9166 0.144264 0.197761 -0.101492 0.96425
1311878033.352455   -1.10964 -0.0929003    4.91573 0.144748 0.203365 -0.0996634 0.963202
1311878033.384440   -1.10493 -0.0899896    4.91634 0.146168 0.207565 -0.0986076 0.9622
1311878033.420584   -1.10636 -0.0888815    4.91758 0.146897 0.213345 -0.0974921 0.960937
1311878033.452344   -1.10551 -0.0868745    4.91576 0.148268 0.218397 -0.096277 0.959714
1311878033.484267  -1.10356 -0.085757    4.9172 0.149737 0.223838 -0.0944246 0.958415
1311878033.520778   -1.10149 -0.0883625    4.91903 0.149923 0.22933 -0.0929841 0.957228
1311878033.552322   -1.10138 -0.0907135    4.91967 0.150455 0.235187 -0.0913836 0.955876
1311878036.351279  -1.09987 -0.091194   4.91986 0.15087 0.240604 -0.0897437 0.954617
1311878036.387275  -1.09693 -0.092031   4.91896 0.151603 0.246086 -0.0866523 0.953388
1311878036.419249   -1.09499 -0.0897385    4.91702 0.151452 0.252042 -0.0851255 0.951993
1311878036.451347  -1.09284 -0.091499   4.91927 0.151794 0.258626 -0.0838021 0.950289
1311878036.487278   -1.09546 -0.0886126    4.92622 0.154263 0.26696 -0.0848165 0.947492
1311878036.519122   -1.09401 -0.0864463    4.92412 0.15648 0.27368 -0.0820428 0.945454
1311878036.551262   -1.09826 -0.0866938    4.93327 0.158281 0.28074 -0.0817807 0.943103
1311878036.587247   -1.09599 -0.0847343    4.93033 0.159388 0.286327 -0.0795229 0.941429
1311878036.619227    -1.0961 -0.0850889    4.93424 0.160132 0.293231 -0.0787985 0.939236
1311878036.651267   -1.09582 -0.0856376    4.93471 0.161305 0.299233 -0.0766189 0.937321
1311878036.687287   -1.09529 -0.0818981    4.93524 0.162054 0.305237 -0.075524 0.935342
1311878036.719239   -1.09293 -0.0827716    4.93634 0.16286 0.31053 -0.0741553 0.933568
1311878036.751373   -1.09489 -0.0811008    4.93085 0.163449 0.315867 -0.0721638 0.931829
1311878036.787148   -1.09324 -0.0856614    4.93692 0.163365 0.321825 -0.0690324 0.930041
1311878036.819393  -1.09257 -0.093473   4.93716 0.163409 0.323927 -0.0639805 0.929664
1311878036.851283   -1.09374 -0.0911429    4.93614 0.163234 0.324506 -0.0646862 0.929444
1311878036.887415   -1.09498 -0.0897435    4.93638 0.16287 0.323634 -0.0643291 0.929837
1311878036.919319   -1.09537 -0.0881301    4.93465 0.162967 0.322437 -0.065498 0.930154
1311878036.951413   -1.09329 -0.0864571    4.93384 0.163467 0.322683 -0.06487 0.930025
1311878036.987473   -1.09375 -0.0912284    4.93746 0.163217 0.322822 -0.0634255 0.93012
1311878037.019264   -1.09399 -0.0896854    4.93649 0.163388 0.322132 -0.0645935 0.930249
1311878037.051415 -1.09247 -0.08918  4.93604 0.16339 0.322313 -0.0646468 0.930182
1311878037.087133   -1.09281 -0.0894091    4.93831 0.163416 0.32295 -0.0649648 0.929935
1311878038.863632   -1.15499 -0.0860478    4.89754 0.155703 0.327093 -0.0579533 0.930273
1311878038.931437  -1.15626 -0.083157   4.89499 0.156246 0.327 -0.0575174 0.930242
1311878038.996199   -1.16337 -0.0834244    4.89108 0.155545 0.327211 -0.0567472 0.930332
1311878039.061806   -1.16826 -0.0778594     4.8849 0.155794 0.32677 -0.0570233 0.930429
1311878039.133184   -1.17238 -0.0749014    4.88493 0.156706 0.327307 -0.0575316 0.930056
1311878039.197023   -1.18403 -0.0711424    4.87609 0.155794 0.3281 -0.0589695 0.929839
1311878039.265020   -1.18734 -0.0712746    4.86871 0.157376 0.327262 -0.0592822 0.929848
1311878039.333125   -1.19307 -0.0672838     4.8629 0.158645 0.327781 -0.0606733 0.92936
1311878039.397598   -1.20097 -0.0598714    4.85887 0.160355 0.329916 -0.0627077 0.928175
1311878039.467739  -1.20629 -0.063571   4.85296 0.161474 0.331468 -0.0616627 0.927498
1311878039.494487    -1.2147 -0.0534367    4.84701 0.165838 0.330057 -0.0632071 0.927127
1311878039.563261   -1.21535 -0.0571627    4.85144 0.1658 0.328526 -0.0646948 0.927575
1311878039.631364   -1.21155 -0.0454268    4.84821 0.16607 0.32712 -0.0656407 0.927957
1311878039.662492   -1.21836 -0.0452622    4.84406 0.16431 0.327688 -0.06423 0.928169
1311878039.731258   -1.21803 -0.0416427    4.84398 0.164736 0.327509 -0.0639609 0.928175
1311878039.795485   -1.22514 -0.0368486    4.83709 0.163637 0.32764 -0.062728 0.928407
1311878039.863698   -1.21887 -0.0360778    4.83511 0.162298 0.326893 -0.0625965 0.928914
1311878040.004653   -1.2514 0.0628903   4.92589 0.183662 0.332829 -0.0598888 0.922988
1311878040.063348   -1.28616 -0.0688827    4.74513 0.141954 0.327778 -0.0557356 0.932365
1311878040.197934    -1.2822 -0.0587514    4.74064 0.143658 0.325184 -0.0570478 0.932932
1311878040.264724   -1.29899 -0.0581456    4.73202 0.138943 0.325393 -0.0566114 0.9336
1311878040.332729   -1.30047 -0.0591919    4.73303 0.138838 0.325639 -0.0568206 0.933517
1311878040.400707   -1.30852 -0.0505363    4.72857 0.139426 0.324036 -0.0573705 0.933954
1311878040.632581   -1.31449 -0.0395606    4.70989 0.136522 0.316517 -0.0569322 0.936983
1311878040.663209   -1.32052 -0.0386592     4.7001 0.137953 0.313982 -0.0577674 0.937575
1311878040.705371   -1.32142 -0.0390381    4.70175 0.139329 0.313849 -0.0584596 0.937373
1311878040.761737   -1.31851 -0.0337711    4.70505 0.139715 0.313135 -0.0579808 0.937584
1311878040.831833    -1.3326 -0.0318739    4.69526 0.134973 0.310523 -0.0570859 0.939201
1311878040.861949   -1.34186 -0.0404307    4.66901 0.132765 0.30701 -0.056979 0.940676
1311878040.931561   -1.35839 -0.0481084    4.66423 0.130496 0.306969 -0.0568815 0.941013
1311878041.000755   -1.35209 -0.0415186    4.66725 0.135298 0.302684 -0.0600765 0.941524
1311878041.069498  -1.35181 -0.041441   4.66324 0.133387 0.297986 -0.0599313 0.943303
1311878041.133157   -1.33942 -0.0429817    4.67209 0.133884 0.293857 -0.0610939 0.944452
1311878041.165624   -1.34524 -0.0420561     4.6665 0.132835 0.290018 -0.0615539 0.945757
1311878041.300845   -1.35019 -0.0408047    4.66363 0.130105 0.284067 -0.062133 0.947902
1311878041.367887   -1.35684 -0.0359796      4.656 0.129375 0.278818 -0.0642606 0.949417
1311878041.432277      -1.36 -0.0366386    4.64484 0.127797 0.272549 -0.0643811 0.951441
1311878041.499396    -1.3608 -0.0347088    4.63977 0.12902 0.265443 -0.0648142 0.953254
1311878041.529819   -1.37163 -0.0285773    4.63442 0.129265 0.263262 -0.0670991 0.953667
1311878041.869624    -1.39653 -0.00578941     4.60623 0.125088 0.218745 -0.0808479 0.964348
1311878041.933605    -1.40193 -0.00298915     4.59771 0.124043 0.208909 -0.0836814 0.96642
1311878042.001459    -1.40354 -0.00668944     4.59265 0.121663 0.198359 -0.0845213 0.968869
1311878042.069678  -1.42327 0.0143542   4.57616 0.123554 0.191275 -0.089102 0.969644
1311878042.098403  -1.43479 0.0256101   4.55832 0.123071 0.182726 -0.0922902 0.971055
1311878042.233272  -1.43785 0.0316355   4.54026 0.120818 0.167557 -0.0964293 0.973668
1311878042.301372  -1.44128 0.0356647   4.53452 0.119621 0.15838 -0.0993959 0.975052
1311878042.334343  -1.44647 0.0398265   4.52501 0.118269 0.149321 -0.101393 0.97644
1311878042.498149 -1.34596  0.13883   4.5486 0.12667 0.123274 -0.109333 0.978164
1311878042.600840 -1.34579 0.151247  4.53413 0.124732 0.107856 -0.113195 0.979794
1311878042.633695 -1.35021 0.152642  4.52215 0.123044 0.0986983 -0.115272 0.98073
1311878042.701742 -1.34738 0.154509  4.51896 0.122566 0.0882578 -0.119121 0.981325
1311878042.799656 -1.35346   0.1657   4.4997 0.120558 0.074403 -0.122206 0.982342
1311878043.137278 -1.36325 0.176609  4.45923 0.112426 0.0292396 -0.136177 0.98385
1311878043.301186 -1.36487 0.184788  4.44156 0.109308 0.0104293 -0.140687 0.983946
1311878043.369213 -1.36722 0.191423  4.43134 0.107798 0.000918171 -0.14293 0.983844
1311878043.437708 -1.36755  0.19569  4.42436 0.106157 -0.00888706 -0.145422 0.983618
1311878043.500828  -1.3665 0.199809  4.40759 0.103237 -0.0197357 -0.147524 0.983458
1311878043.603659 -1.36543 0.205453   4.3814 0.101195 -0.0432919 -0.152582 0.982143
1311878043.633576 -1.36751 0.207944  4.37627 0.100666 -0.0488566 -0.154232 0.981678
1311878043.669689 -1.36702 0.213055  4.36771 0.100131 -0.055056 -0.156002 0.981125
1311878043.737074  -1.3708 0.214386  4.35846 0.0990654 -0.0607022 -0.157667 0.980634
1311878043.766954 -1.35744 0.204195   4.3733 0.0947807 -0.0759406 -0.158588 0.979847
1311878043.905509 -1.36046 0.204223  4.35428 0.09103 -0.0935239 -0.162594 0.978024
1311878043.969161 -1.35846 0.206065  4.34101 0.087137 -0.106168 -0.165558 0.976589
1311878044.037184 -1.35934 0.212277  4.32958 0.0855045 -0.117572 -0.168873 0.974858
1311878044.137337 -1.35733 0.213514  4.33308 0.0824354 -0.136513 -0.173704 0.9718
1311878044.205254 -1.35488 0.215061  4.32296 0.0795166 -0.148641 -0.176774 0.969708
1311878044.336992  -1.3494 0.219253  4.30169 0.0725291 -0.174042 -0.182154 0.965023
1311878044.405152 -1.34432 0.221806  4.28756 0.0709868 -0.186425 -0.183991 0.962473
1311878044.536871 -1.33388 0.228534  4.26148 0.0664744 -0.21042 -0.188309 0.956998
1311878044.568159 -1.33318 0.228793  4.26085 0.0640665 -0.222408 -0.189632 0.954185
1311878044.737296 -1.32326 0.234203  4.23945 0.0587151 -0.244726 -0.193883 0.948194
1311878044.804780 -1.31593 0.233257  4.22656 0.0560523 -0.256662 -0.194984 0.944968
1311878044.873444 -1.30973 0.235997  4.21859 0.0543879 -0.268932 -0.19704 0.941219
1311878044.969785 -1.30438 0.237215  4.21188 0.0469173 -0.294236 -0.199845 0.933427
1311878045.003856 -1.29988 0.237739   4.2069 0.0459484 -0.300927 -0.200673 0.931162
1311878045.073049 -1.29542 0.238237  4.20078 0.0466113 -0.306854 -0.20187 0.928933
1311878045.137393 -1.27815  0.23485  4.18573 0.0429739 -0.319368 -0.202553 0.924732
1311878045.673126 -1.26883 0.237812  4.18093 0.0402968 -0.332139 -0.203851 0.920057
1311878045.737051 -1.25778 0.239658  4.17076 0.0353131 -0.343947 -0.206804 0.915252
1311878045.804813 -1.23816 0.235764  4.15702 0.0285382 -0.357301 -0.210445 0.909524
1311878045.873296 -1.22928 0.242345  4.15713 0.0290641 -0.369775 -0.208645 0.904925
1311878045.936919 -1.21337 0.243039  4.14132 0.0286068 -0.382522 -0.208996 0.899544
1311878045.971172 -1.20146 0.242337  4.12864 0.0289666 -0.394889 -0.209783 0.893988
1311878046.003238 -1.19747 0.243172  4.12167 0.0304309 -0.399361 -0.209449 0.892029
1311878046.074466 -1.19042 0.242021  4.11865 0.0284782 -0.404018 -0.209126 0.89007
1311878046.270850 -1.16656   0.2358  4.08193 0.0194813 -0.42952 -0.214335 0.877037
1311878046.340904 -1.15537 0.248395   4.0869 0.0212769 -0.435305 -0.213222 0.87441
1311878046.472949 -1.08957 0.199382  4.01392 0.00326587 -0.450271 -0.219657 0.865446
1311878046.501943 -1.11655 0.218157  4.04165 0.00601988 -0.458429 -0.219128 0.861272
1311878046.671350 -1.07774 0.218969  4.01688 0.0050547 -0.479112 -0.217925 0.850256
1311878046.740189 -1.09129 0.228409  4.02582 0.00442886 -0.4825 -0.220797 0.847598
1311878046.770243 -1.05196 0.212785  3.99927 0.002135 -0.485829 -0.223421 0.845014
1311878046.870754 -1.03461 0.214256  3.99287 0.00477223 -0.484246 -0.221258 0.84648
1311878046.940527 -1.03189 0.213775  3.98774 0.00410099 -0.483753 -0.221622 0.84667
1311878046.970027 -1.01864 0.203341  3.97503 0.00212619 -0.484151 -0.224456 0.845703
1311878047.270071 -0.958726  0.206252   3.94392 0.0115529 -0.484443 -0.222074 0.846088
1311878047.370943 -0.943142  0.206415   3.94009 0.00460399 -0.483919 -0.22358 0.846057
1311878047.440619 -0.933153  0.199102   3.93481 0.00102213 -0.483678 -0.225643 0.84566
1311878047.638906 -0.886087  0.199771   3.90416 0.0163585 -0.484351 -0.219994 0.846605
1311878047.707919 -0.865005  0.194472   3.89263 0.0125781 -0.485035 -0.22108 0.845994
1311878047.805502 -0.842571  0.193206   3.88077 0.0161944 -0.486071 -0.218768 0.845939
1311878047.837467 -0.833074  0.196613   3.87512 0.0167412 -0.484649 -0.21817 0.846899
1311878047.871082 -0.825751  0.194257   3.87028 0.0158615 -0.484711 -0.217907 0.846948
1311878048.007806 -0.803525  0.194332   3.85766 0.0157971 -0.485359 -0.218725 0.846367
1311878048.072843 -0.785624  0.184194   3.84535 0.0172398 -0.486667 -0.217711 0.845849
1311878048.106515 -0.776656  0.187563   3.83705 0.0184875 -0.48644 -0.215437 0.846535
1311878048.309307 -0.723026   0.18352   3.80487 0.0197514 -0.48616 -0.218412 0.845904
1311878048.777111 -0.707424  0.192611   3.80227 0.0205365 -0.489368 -0.215834 0.844697
1311878048.909066 -0.691393  0.187357   3.79077 0.0201083 -0.487514 -0.215906 0.84576
1311878049.005561 -0.65565 0.183505   3.7739 0.0165774 -0.488337 -0.215176 0.845548
1311878049.106918 -0.631308  0.187031   3.76986 0.0173555 -0.489218 -0.212229 0.845768
1311878049.206033 -0.608429  0.176192   3.75411 0.0169253 -0.489908 -0.211925 0.845453
1311878049.276753 -0.556085  0.156359   3.71604 0.0140283 -0.491953 -0.210419 0.844695
1311878049.605665 -0.502334  0.163961   3.68853 0.0143297 -0.48923 -0.211467 0.846009
1311878049.677623 -0.497233  0.160797   3.68554 0.0141663 -0.489256 -0.211922 0.845882
1311878049.745363 -0.482024  0.161564   3.67683 0.0144531 -0.488808 -0.212293 0.846043
1311878049.976939 -0.431531  0.162625   3.65769 0.014318 -0.489964 -0.210273 0.845882
1311878050.074452 -0.390492  0.154969   3.62922 0.0145556 -0.48942 -0.210205 0.846209
1311878050.144905 -0.38006 0.153338  3.61862 0.013973 -0.488947 -0.211579 0.84615
1311878050.209386 -0.365276  0.156175   3.61532 0.0155338 -0.489644 -0.210418 0.846009
1311878050.277055 -0.338549  0.149759   3.59265 0.0139398 -0.488984 -0.212447 0.845912
1311878050.306604 -0.33388  0.15495  3.59327 0.0154697 -0.489964 -0.212011 0.845427
1311878050.343680 -0.331225   0.15633   3.59341 0.0147757 -0.48954 -0.212427 0.845581
1311878050.405656 -0.319276  0.147601    3.5793 0.0125794 -0.489339 -0.213976 0.845342
1311878050.544648 -0.283771  0.142464    3.5645 0.0154619 -0.491748 -0.211234 0.844586
1311878050.573864 -0.268581  0.145136   3.55526 0.0153957 -0.490694 -0.2117 0.845083
1311878050.606724 -0.255385  0.142022   3.54824 0.0151825 -0.490977 -0.212098 0.844823
1311878050.677296 -0.257654  0.155275   3.55822 0.0175801 -0.490781 -0.210116 0.845385
1311878050.745283 -0.238033  0.145059   3.54202 0.0165267 -0.490566 -0.210806 0.845359
1311878050.945098 -0.19066 0.149776  3.53383 0.0079244 -0.495085 -0.207243 0.843729
1311878050.973596 -0.176384  0.149868   3.53207 0.00257945 -0.497816 -0.206072 0.842441
1311878051.174405 -0.122845  0.131027   3.49555 -0.00479999 -0.495832 -0.209431 0.842773
1311878051.244743 -0.104257    0.1313   3.47756 -0.000868658 -0.493441 -0.210918 0.843818
1311878051.273847 -0.09876 0.104864  3.46039 -0.000954775 -0.492739 -0.212678 0.843787
1311878051.576349 -0.04552 0.164408  3.42919 0.0185818 -0.487988 -0.217621 0.845082
1311878051.609715 -0.0458147   0.146113    3.41741 0.00997918 -0.488434 -0.220481 0.844228
1311878051.641455 -0.0298689   0.133034     3.4084 0.00841304 -0.48868 -0.224157 0.843134
1311878051.674117 -0.0275559    0.13752    3.40622 0.0119203 -0.487669 -0.221914 0.84427
1311878051.709409 -0.0211157   0.143306    3.40561 0.0132995 -0.488165 -0.222485 0.843812
1311878051.812824 0.00422172    0.13991    3.38487 0.0177958 -0.486041 -0.223137 0.844783
1311878051.909549 0.0245933  0.145077    3.3803 0.0175591 -0.487079 -0.222178 0.844442
1311878052.044875 0.0464776  0.137007   3.36217 0.0127315 -0.490521 -0.223111 0.842288
1311878052.210359 0.101207 0.127234    3.324 0.00922951 -0.500273 -0.227379 0.835428
1311878052.281700 0.105398 0.130952  3.32465 0.0132584 -0.503207 -0.225045 0.834243
1311878052.444935 0.148258 0.131444  3.29431 0.0122522 -0.517924 -0.228026 0.824384
1311878052.513097 0.161492 0.122925  3.27849 0.0116696 -0.527374 -0.228894 0.818137
1311878052.980925  0.289062 0.0947724   3.21901 -0.012039 -0.591066 -0.245434 0.768283
1311878053.044771  0.27849 0.117707  3.21179 -0.00647819 -0.599099 -0.24055 0.763659
1311878053.079881 0.311043 0.111709  3.20205 -0.0112054 -0.607999 -0.240751 0.756473
1311878053.145009 0.306661  0.12141  3.20998 -0.0147485 -0.612756 -0.240736 0.752568
1311878053.177309  0.344276 0.0930156   3.20031 -0.0230083 -0.61877 -0.244234 0.746287
1311878053.210305  0.351239 0.0924691   3.19658 -0.0235547 -0.621559 -0.244557 0.743842
1311878053.244365  0.361667 0.0885625   3.19257 -0.0242078 -0.624572 -0.24607 0.740793
1311878053.410305  0.415406 0.0703759   3.17698 -0.0164839 -0.641729 -0.242111 0.727527
1311878053.549237  0.444011 0.0728548    3.1779 -0.019269 -0.647967 -0.241147 0.72223
1311878053.612800  0.466282 0.0664518   3.17186 -0.0223883 -0.652155 -0.243712 0.717494
1311878053.748800  0.503103 0.0605941    3.1676 -0.022737 -0.65918 -0.245601 0.710383
1311878053.813086  0.525645 0.0528059   3.16446 -0.0248884 -0.662976 -0.246249 0.706544
1311878054.248157 0.655397 0.023623  3.15832 -0.015087 -0.685294 -0.236192 0.688736
1311878054.349198   0.691098 -0.0185067    3.14658 -0.0164077 -0.684868 -0.23884 0.688216
1311878054.378370   0.674148 0.00838587    3.15173 -0.00691688 -0.688327 -0.227719 0.688696
1311878054.448868 0.650612 0.108815  3.15782 -0.00741841 -0.685562 -0.213263 0.696037
1311878054.582009 0.706808 0.116446  3.15558 -0.0284199 -0.676848 -0.233216 0.697624
1311878054.610021  0.701278 0.0362667   3.17484 -0.0476001 -0.675248 -0.252238 0.691485
1311878054.816689   0.774154 -0.0712076    3.13731 -0.0477582 -0.675337 -0.247389 0.693136
1311878054.917361    0.760376 -0.00110779     3.16367 -0.0233809 -0.680342 -0.226698 0.69656
1311878055.078867   0.79022 0.0196654   3.16882 -0.0312329 -0.676653 -0.23515 0.697044
1311878055.215262  0.823989 0.0358528   3.17832 -0.0409349 -0.674117 -0.248621 0.694319
1311878055.281573  0.848966 0.0267441   3.16574 -0.0391674 -0.671906 -0.245435 0.697689
1311878055.348341  0.867176 0.0249208   3.17076 -0.0336968 -0.672659 -0.237963 0.699834
1311878055.479063  0.898062 0.0156628   3.17681 -0.0304107 -0.671698 -0.230942 0.703252
1311878055.681381     0.956626 -0.000817174      3.17799 -0.0271747 -0.652408 -0.230067 0.721591
1311878055.748098   0.965021 0.00337224    3.18015 -0.0237707 -0.642871 -0.227494 0.731025
1311878055.777330    0.984626 -0.00231888     3.17976 -0.022289 -0.633015 -0.225933 0.740101
1311878055.945310      1.025 -0.0172146    3.17187 -0.016082 -0.607453 -0.222855 0.762285
1311878056.148723    1.06819 -0.0163773     3.1664 -0.0109293 -0.58285 -0.218354 0.782616
1311878056.216667    1.08184 -0.0208669    3.16015 -0.00790354 -0.572222 -0.218184 0.790503
1311878056.284770    1.09376 -0.0130038    3.15507 -0.00297016 -0.561406 -0.21679 0.798634
1311878056.548698    1.15827 -0.0264509    3.13837 -0.00145463 -0.522464 -0.213959 0.825379
1311878056.617221    1.16893 -0.0343547    3.13628 -0.000465506 -0.510774 -0.210923 0.833439
1311878056.849084   1.22245 -0.040673   3.10873 0.00370611 -0.468095 -0.208214 0.85879
1311878057.084510    1.26709 -0.0244415    3.08783 0.0170504 -0.433609 -0.199818 0.878501
1311878057.152786    1.28601 -0.0428893    3.06052 0.0138814 -0.424423 -0.201681 0.882608
1311878057.217584    1.30134 -0.0270101    3.05834 0.0196802 -0.415852 -0.198588 0.887267
1311878057.381996    1.34967 -0.0567653    3.01646 0.017879 -0.394975 -0.199464 0.896599
1311878057.483866    1.36253 -0.0397151    3.00577 0.0231779 -0.386694 -0.195429 0.900965
1311878057.751386   1.41509 -0.039315   2.94395 0.0203978 -0.387024 -0.197575 0.900422
1311878057.816638     1.4141 -0.0439994    2.94848 0.0203634 -0.389592 -0.196149 0.899627
1311878057.885088    1.42933 -0.0363543     2.9334 0.0199509 -0.393787 -0.195614 0.897925
1311878057.983706   1.45488 -0.048943   2.89723 0.0165712 -0.409313 -0.197182 0.890678
1311878058.013235    1.46318 -0.0175079    2.90201 0.0225926 -0.414139 -0.198832 0.887944
1311878058.049552    1.44725 -0.0265722    2.89697 0.0203999 -0.416962 -0.201188 0.886143
1311878058.115199    1.46276 -0.0356834    2.87386 0.0153704 -0.419315 -0.203982 0.884494
1311878058.183463    1.48648 -0.0441222    2.84496 0.0126659 -0.430833 -0.205365 0.878663
1311878058.213863      1.482 -0.0438363    2.84612 0.0128409 -0.443886 -0.202462 0.872817
1311878058.316219    1.50481 -0.0241933    2.85188 0.00650967 -0.466382 -0.199882 0.86168
1311878058.383680    1.51212 -0.0368705    2.84338 0.00145451 -0.47068 -0.200693 0.859174
1311878058.484954    1.53205 -0.0334038    2.83084 -0.00327199 -0.486473 -0.203833 0.849579
1311878058.517526    1.54552 -0.0362672     2.8187 -0.00463989 -0.494333 -0.205816 0.844543
1311878058.881670    1.62091 -0.0481381     2.7708 -0.00473442 -0.536371 -0.21383 0.816431
1311878058.919288    1.61645 -0.0263429     2.7778 -0.00148239 -0.537724 -0.212939 0.815787
1311878058.984704    1.63911 -0.0522465     2.7652 -0.00880038 -0.537236 -0.215463 0.815399
1311878059.018727    1.64738 -0.0547286    2.76407 -0.00819186 -0.539078 -0.216394 0.813942
1311878059.052231    1.65289 -0.0547216    2.76171 -0.00711539 -0.539734 -0.216561 0.813472
1311878059.081458    1.65381 -0.0526804    2.76119 -0.00559699 -0.539817 -0.217074 0.813293
1311878059.161602   1.66231 -0.060287   2.75381 -0.00581412 -0.538124 -0.218469 0.814039
1311878059.250498     1.6852 -0.0574251    2.74869 -0.00116028 -0.531428 -0.217103 0.818809
1311878059.482504    1.72324 -0.0619409    2.73315 0.00690576 -0.503923 -0.213595 0.836894
1311878059.519094    1.72742 -0.0567455    2.73624 0.00900693 -0.498967 -0.212285 0.84017
1311878059.584429    1.73662 -0.0665844    2.72527 0.00879029 -0.492095 -0.213506 0.843908
1311878059.651834    1.74573 -0.0657112    2.72053 0.0125926 -0.481461 -0.21115 0.85056
1311878059.721184    1.75947 -0.0655854    2.71555 0.0155566 -0.47112 -0.208427 0.856949
1311878059.788492    1.77085 -0.0679962    2.70929 0.0168804 -0.45954 -0.206797 0.863581
1311878059.920998  1.79767 -0.06988  2.69452 0.0218404 -0.43689 -0.20327 0.875975
1311878059.949395        1.8 -0.0632058    2.69521 0.0257143 -0.425686 -0.200775 0.881941
1311878060.020176    1.80249 -0.0630647    2.69075 0.0263214 -0.419223 -0.200531 0.885069
1311878060.049489    1.81732 -0.0651107    2.68548 0.0265474 -0.407631 -0.198733 0.890863
1311878060.085859    1.81473 -0.0652228    2.68785 0.0278907 -0.401685 -0.197317 0.893833
1311878060.152709    1.82001 -0.0614296    2.68573 0.0287391 -0.395344 -0.196779 0.896747
1311878060.185327    1.83098 -0.0689385    2.67186 0.0289462 -0.383523 -0.196588 0.901901
1311878060.250924    1.84455 -0.0686698     2.6607 0.0289024 -0.371153 -0.195601 0.907276
1311878060.286886    1.84449 -0.0670148    2.66537 0.0304096 -0.365976 -0.193484 0.909781
1311878060.317452    1.84953 -0.0702974    2.65992 0.0301829 -0.358682 -0.193102 0.912769
1311878060.688411    1.87006 -0.0543233    2.63028 0.0366269 -0.285951 -0.196799 0.937102
1311878060.718490   1.87665 -0.048546   2.61922 0.0392755 -0.271454 -0.196265 0.941409
1311878060.856910    1.89219 -0.0516065      2.597 0.0464665 -0.247769 -0.190505 0.948767
1311878060.921371    1.90484 -0.0521818    2.59874 0.0480633 -0.238675 -0.18567 0.951972
1311878060.953926    1.90654 -0.0439333    2.58577 0.0501603 -0.229808 -0.185856 0.954007
1311878060.985126    1.90757 -0.0556612    2.57369 0.0496386 -0.224612 -0.184457 0.955542
1311878061.019234    1.91748 -0.0527132    2.57155 0.0540929 -0.221744 -0.180671 0.956693
1311878061.055574    1.92056 -0.0643085    2.55132 0.0551968 -0.215633 -0.179508 0.958244
1311878061.486838    1.96858 -0.0176406    2.49531 0.0801233 -0.137461 -0.151612 0.97555
1311878061.556249    1.97529 -0.0166839    2.48362 0.0819456 -0.125563 -0.150059 0.977242
1311878061.721217    1.98731 -0.0185134    2.44711 0.0851009 -0.0994413 -0.144952 0.980744
1311878061.753413     1.99227 -0.00196788     2.45241 0.0914625 -0.0863497 -0.141827 0.981867
1311878061.786149    1.99185 -0.0124053    2.43334 0.0895335 -0.0809271 -0.141262 0.982588
1311878061.857091    1.99527 0.00570344    2.44743 0.0958216 -0.0774006 -0.139491 0.982532
1311878061.885636     1.99456 -0.00218785     2.40622 0.0943496 -0.0609614 -0.137399 0.984126
1311878061.953853   1.99204 0.0200019   2.43781 0.105954 -0.0490826 -0.135048 0.983934
1311878062.389079   1.99722 0.0427582   2.28851 0.104087 0.0335377 -0.120133 0.986716
1311878062.589347   1.99409 0.0499173   2.23524 0.109501 0.0409444 -0.112409 0.986761
1311878062.623010   2.00955 0.0715232   2.25477 0.123936 0.0476451 -0.115776 0.984361
1311878062.689146   2.00485 0.0671178   2.23949 0.12252 0.0654041 -0.114991 0.98361
1311878062.989556   1.97984 0.0576948   2.18429 0.0992179 0.0886958 -0.116025 0.98429
1311878063.057499   1.97479 0.0695777   2.17161 0.10935 0.0980223 -0.11679 0.982239
1311878063.257276   1.98751 0.0917311   2.15114 0.10401 0.112352 -0.104757 0.982642
1311878063.424590   1.99525 0.0939729   2.14237 0.116436 0.122127 -0.106242 0.979919
1311878063.553666   2.00486 0.0927001   2.07283 0.125287 0.137763 -0.0800682 0.979241
1311878063.624954   1.96486 0.0622115   2.06681 0.121198 0.144802 -0.0747272 0.979162
1311878063.793252  1.93357 0.061486  2.03915 0.148913 0.177833 -0.100724 0.967499
1311878063.924736   1.91624 0.0783562   2.00205 0.14019 0.184152 -0.08273 0.969325
1311878064.057209   1.90035 0.0656164   1.97081 0.136283 0.172606 -0.0900228 0.971355
1311878064.125120   1.89739 0.0679342   1.96024 0.137623 0.175057 -0.0889229 0.970828
1311878064.154318   1.8898 0.067112  1.93169 0.140779 0.185077 -0.0839239 0.968961
1311878064.393328 1.89992    0.11 1.91576 0.148843 0.201266 -0.0771039 0.965087
1311878064.560517   1.9052 0.121409  1.90676 0.16898 0.21606 -0.0735464 0.95883
1311878064.758111  1.88155 0.159501   1.8545 0.147527 0.232603 -0.0562904 0.959668
1311878065.089442  1.92721 0.125323  1.83995 0.154666 0.237761 -0.0599079 0.957058
1311878065.124722   1.9552 0.320703  1.90692 0.198141 0.235217 -0.0697312 0.948974
1311878065.221894   1.9387 0.316802  1.94441 0.185073 0.250655 -0.0745341 0.947294
1311878065.292733  1.92315 0.323562  1.93065 0.188887 0.263211 -0.0725697 0.943279
1311878065.592779  1.91868 0.332216  1.91488 0.196499 0.294075 -0.0525484 0.933888
1311878065.792428   1.9103 0.368265   1.9037 0.202882 0.315647 -0.0480216 0.925689
1311878065.828646  1.88928 0.358648  1.85188 0.204987 0.316902 -0.0429627 0.925045
1311878065.892538  1.88811 0.372617  1.86157 0.210663 0.326703 -0.0425174 0.920369
1311878065.960990  1.86739 0.379036  1.83565 0.211214 0.333941 -0.0418326 0.917672
1311878066.226729  1.85044 0.392666   1.8367 0.210054 0.340437 -0.0396328 0.915647
1311878066.328426  1.83403 0.390759  1.80924 0.21297 0.350429 -0.0356145 0.911359
1311878066.492810  1.86961 0.481292  1.82499 0.231129 0.365089 -0.033702 0.901195
1311878066.728901  1.82477 0.515902  1.78693 0.232615 0.390505 -0.022393 0.890446
1311878066.792032  1.82173 0.517231  1.78342 0.232382 0.393617 -0.0217588 0.889152
1311878067.059426  1.79699 0.545723  1.75512 0.232895 0.416046 -0.0117726 0.878935
1311878067.093335 1.78466 0.54869 1.74869 0.231926 0.42309 -0.00994132 0.875846
1311878067.197155  1.77259 0.556333  1.74041 0.233366 0.430667 -0.00741555 0.871786
1311878067.258916  1.75898 0.571093   1.7288 0.235509 0.442352 -0.00198072 0.865365
1311878067.328223  1.75769 0.570461  1.72719 0.235548 0.44675 0.000102365 0.863094
1311878067.496927  1.72981 0.590427  1.71865 0.237762 0.470671 0.00618755 0.849647
1311878067.595675   1.7199 0.600112  1.71077 0.240028 0.485556 0.0135243 0.840499
1311878067.660321  1.71124 0.605948   1.7062 0.240323 0.496174 0.0180737 0.834104
1311878067.794553  1.68765 0.621999  1.69841 0.242592 0.524583 0.0287583 0.815558
1311878067.824873  1.68299 0.625623  1.69703 0.242846 0.529952 0.0312724 0.81191
1311878067.856837  1.68009 0.628147  1.69731 0.243758 0.535151 0.0335263 0.808129
1311878067.892916  1.67386 0.631505  1.69596 0.243915 0.540323 0.0362675 0.804513
1311878067.959425  1.67532 0.630246  1.70087 0.24392 0.545906 0.0378738 0.800659
1311878068.027634   1.6511 0.644098  1.69321 0.24521 0.560728 0.0449908 0.789577
1311878068.097978  1.63786 0.652348   1.6908 0.24247 0.57606 0.0545618 0.778708
1311878068.194960   1.6258 0.658011  1.68253 0.244073 0.585255 0.0577461 0.771084
1311878068.225235   1.6203 0.660708  1.68464 0.24573 0.591019 0.0579393 0.766131
1311878068.364484  1.61262 0.665139  1.68467 0.247182 0.604147 0.0647726 0.754793
1311878068.527645  1.58521 0.697821   1.6926 0.250224 0.624098 0.0739888 0.736488
1311878068.594536  1.57888 0.701506  1.70659 0.249978 0.631985 0.0778691 0.729412
1311878069.063833  1.53363 0.715994  1.70838 0.252152 0.651877 0.0843366 0.710185
1311878069.196353  1.53596 0.715374   1.7079 0.251641 0.651597 0.0851985 0.71052
1311878069.260819  1.53416 0.715526  1.70603 0.251419 0.651359 0.0857171 0.710755
1311878069.362523  1.53561 0.715625  1.70448 0.251794 0.651002 0.0857091 0.71095
1311878069.464356 1.53785 0.71477 1.70488 0.250983 0.653044 0.087399 0.709156
1311878069.563752  1.53508 0.715264  1.70771 0.251444 0.656942 0.0884164 0.705255
1311878069.630110 1.53081 0.71647 1.71342 0.251882 0.662279 0.090096 0.699874
1311878069.730594  1.53251 0.714815  1.71131 0.250938 0.668364 0.0926548 0.694071
1311878069.795475  1.53585 0.718006  1.70965 0.251201 0.674067 0.094777 0.688149
1311878069.931061  1.54476 0.728527  1.70888 0.253485 0.687845 0.101667 0.672516
1311878069.996075  1.54372 0.731387  1.70881 0.253095 0.693564 0.104175 0.666378
1311878070.029144  1.54597 0.735399  1.71113 0.254902 0.699001 0.106561 0.659596
1311878070.094606  1.54831 0.735155  1.70971 0.254938 0.700959 0.107812 0.657297
1311878070.162507  1.54764 0.732892  1.71115 0.254194 0.703415 0.108984 0.654763
1311878070.230003  1.55116 0.743267  1.70667 0.257399 0.710225 0.113045 0.645405
1311878070.261765  1.55202 0.743248  1.70712 0.257093 0.711968 0.113905 0.643452
1311878070.431628  1.55195 0.741613  1.70837 0.257023 0.718136 0.118326 0.635781
1311878070.495570  1.55069 0.742153  1.71012 0.257444 0.719458 0.119206 0.63395
1311878070.595810  1.54768 0.740326  1.71188 0.257627 0.719674 0.119533 0.633569
1311878070.628839  1.54714 0.738719  1.71276 0.257382 0.719805 0.11959 0.633509
1311878070.695860  1.55169 0.738933  1.71422 0.257299 0.719717 0.119205 0.633715
1311878070.763789  1.54788 0.737382  1.71563 0.256823 0.718407 0.119557 0.635327
1311878070.831867 1.54693 0.73881 1.71304 0.255437 0.718125 0.119591 0.636197
1311878070.900243  1.57374 0.747062  1.71982 0.257677 0.718749 0.119379 0.634626
1311878071.099838  1.54425 0.747797  1.72398 0.252576 0.718754 0.124708 0.635645
1311878071.163542  1.53013 0.742968  1.72501 0.249294 0.719403 0.12694 0.635766
1311878071.231690 1.50372 0.73819 1.72454 0.248514 0.719854 0.127299 0.635489
1311878071.261338 1.50078 0.74475 1.73196 0.251217 0.720847 0.123623 0.634024
1311878071.332094  1.48293 0.740725  1.73272 0.249477 0.721474 0.123377 0.634046
1311878071.399759  1.47774 0.748134  1.73724 0.250637 0.72177 0.121173 0.633677
1311878071.532556  1.44529 0.752857  1.74681 0.247466 0.722024 0.123004 0.634281
1311878071.600168  1.43433 0.759142  1.74944 0.247637 0.721616 0.122744 0.634728
1311878071.629858  1.42156 0.759854  1.75276 0.247127 0.7219 0.121954 0.634756
1311878071.700403  1.41236 0.760735  1.75262 0.247472 0.721571 0.12182 0.635023
1311878071.764568  1.39551 0.764552  1.75626 0.247155 0.721632 0.120936 0.635245
1311878071.832281   1.3836 0.769375  1.75911 0.247931 0.721296 0.120837 0.635343
1311878071.900127  1.36309 0.773017  1.76447 0.247044 0.720809 0.121634 0.636089
1311878071.968448  1.35039 0.776767  1.76582 0.247343 0.720248 0.122636 0.636416
1311878072.032372  1.35042 0.782385  1.76791 0.247883 0.719925 0.123061 0.636489
1311878072.099788  1.32733 0.777612  1.76928 0.243661 0.720093 0.123614 0.637821
1311878072.168076  1.30923 0.782122  1.77542 0.245212 0.721581 0.121411 0.635965
1311878072.232357  1.29226 0.787729    1.778 0.24718 0.72131 0.120691 0.635647
1311878072.299998  1.28829 0.797361  1.78443 0.247708 0.721349 0.11915 0.635688
1311878072.431965  1.24031 0.800503  1.79023 0.243385 0.721081 0.122467 0.637031
1311878072.500026  1.21976 0.805851  1.79586 0.244686 0.721487 0.121004 0.636351
1311878072.568143   1.1951 0.808325  1.80094 0.24475 0.721642 0.120073 0.636327
1311878072.632523 1.18586  0.8169 1.80569 0.246378 0.721513 0.118998 0.636048
1311878072.700539  1.16596 0.823142  1.80996 0.24664 0.720692 0.120273 0.636636
1311878072.832357  1.13035 0.829325  1.81656 0.245117 0.719852 0.121765 0.63789
1311878072.900498  1.10894 0.833953  1.82068 0.245615 0.71931 0.122098 0.638246
1311878072.929377 1.09435 0.83951 1.82586 0.246068 0.719713 0.121036 0.63782
1311878073.068252  1.06353 0.842285  1.83366 0.244825 0.720111 0.121202 0.637818
1311878073.097488  1.04671 0.850422  1.83811 0.24535 0.71972 0.120584 0.638174
1311878073.168199  1.03985 0.851744  1.83959 0.245883 0.719235 0.121557 0.638331
1311878073.236522  1.01255 0.860377  1.84574 0.246002 0.7188 0.121506 0.638785
1311878073.368364 0.983351 0.867385  1.85281 0.245486 0.718535 0.121153 0.639348
1311878073.398233 0.969697 0.869126  1.85786 0.244207 0.718897 0.120712 0.639514
1311878073.436459 0.961552 0.870301  1.85928 0.244669 0.718732 0.120347 0.639592
1311878073.465080 0.951812 0.872753  1.86238 0.244912 0.718838 0.119549 0.63953
1311878073.536435 0.946474 0.872961  1.86353 0.244918 0.718805 0.119658 0.639544
1311878073.600120 0.926185 0.872945  1.86638 0.24419 0.718535 0.120711 0.639928
1311878073.668119 0.909108 0.880934  1.87622 0.244533 0.718409 0.119663 0.640135
1311878073.696893 0.887222 0.887164  1.88363 0.244204 0.717025 0.117969 0.642124
1311878073.768442 0.884585 0.887152  1.88799 0.244668 0.716194 0.116574 0.643128
1311878073.836115  0.86426 0.885717  1.89438 0.24289 0.712927 0.114985 0.647702
1311878073.900827 0.842934 0.890997   1.8993 0.243473 0.708473 0.113353 0.652639
1311878074.036044 0.809783 0.905279  1.90566 0.244497 0.700004 0.109753 0.661944
1311878074.099563 0.795975 0.906884   1.9077 0.244377 0.696577 0.10806 0.66587
1311878074.168557 0.779532 0.916062  1.91031 0.245977 0.692722 0.105348 0.669726
1311878074.235601 0.756067 0.919035  1.91266 0.245453 0.688311 0.103338 0.674761
1311878074.300086 0.745609 0.924801  1.91984 0.246772 0.685521 0.100031 0.677612
1311878074.368129 0.726176 0.929427  1.92154 0.246377 0.681022 0.0977929 0.682601
1311878074.436296 0.709745 0.934339  1.92134 0.246914 0.676598 0.0957854 0.687076
1311878074.504096 0.69314 0.94128 1.92619 0.247209 0.672807 0.0927264 0.691101
1311878074.568737 0.675344 0.944533  1.92851 0.246431 0.668978 0.0900376 0.695437
1311878074.636139 0.652696 0.951941  1.93346 0.245707 0.662939 0.0870046 0.701833
1311878074.665107 0.643041 0.956936  1.93468 0.246677 0.660639 0.0853932 0.703857
1311878074.834852 0.605185 0.972112  1.93735 0.245337 0.648562 0.0826324 0.715785
1311878074.904123  0.59301 0.971208  1.93674 0.243985 0.646564 0.082518 0.718065
1311878074.967977 0.572718 0.977183  1.94107 0.241209 0.642808 0.0823551 0.722381
1311878075.036558 0.559643 0.982816  1.93918 0.242293 0.637927 0.0785289 0.726758
1311878075.103838 0.549718 0.988419  1.92449 0.243236 0.632787 0.0763538 0.731155
1311878075.236425 0.529019 0.996096  1.93287 0.243822 0.624508 0.0717162 0.73851
1311878075.303923 0.519365 0.990848  1.94531 0.242896 0.621626 0.070065 0.741399
1311878075.368675 0.516365 0.992911  1.93414 0.242105 0.616659 0.0675672 0.746024
1311878075.402623 0.512874 0.994731  1.94141 0.241852 0.612564 0.0654175 0.749662
1311878075.501304 0.490214 0.992905  1.94255 0.240001 0.606314 0.0630312 0.75552
1311878075.568364 0.481604 0.973261  1.94737 0.240066 0.604866 0.0624448 0.756707
1311878075.704328 0.468584  0.97323  1.90851 0.237678 0.593295 0.0583702 0.766879
1311878075.835371 0.433069 0.930264  1.87498 0.234021 0.583292 0.0583675 0.775627
1311878075.904703 0.385463  0.86198  1.78104 0.225441 0.575866 0.0596647 0.783579
1311878076.002586 0.327063 0.806815   1.7452 0.218695 0.567155 0.0588293 0.791863
1311878076.034968 0.315678 0.801527  1.77631 0.219092 0.56686 0.0589731 0.791954
1311878076.235971 0.289235 0.806668  1.76644 0.218732 0.551089 0.0542303 0.80344
1311878076.377410 0.233431 0.758609  1.67662 0.209805 0.532132 0.0495196 0.818758
1311878076.441188 0.211744 0.768952  1.70637 0.211428 0.525677 0.046928 0.822654
1311878076.704670 0.189759 0.819201  1.61867 0.208453 0.477613 0.0289862 0.852991
1311878076.773123  0.19415 0.820092  1.58728 0.207739 0.464319 0.0234846 0.860639
1311878076.905015 0.167684 0.835936  1.57016 0.207444 0.441057 0.0136308 0.873069
1311878076.972739  0.16161 0.851875  1.56066 0.2074 0.42929 0.00959733 0.878978
1311878077.172815 0.118363 0.883414  1.53411 0.204683 0.395024 -0.00188795 0.895576
1311878077.240583 0.0952443  0.897513   1.51479 0.203308 0.382253 -0.00470083 0.901403
1311878077.305040 0.0839043  0.903459   1.50214 0.202222 0.37167 -0.00763758 0.906041
1311878077.472072 0.0421903   0.93129    1.4665 0.201852 0.343314 -0.0174774 0.917107
1311878077.502956 0.038931 0.935683   1.4548 0.201616 0.337321 -0.0183989 0.919362
1311878077.539978 0.0326699   0.94601   1.44578 0.197624 0.333682 -0.0194595 0.921532
1311878077.569483 0.0367029  0.945418   1.43688 0.196068 0.332019 -0.0185852 0.922483
1311878077.601351 0.0310517  0.942275   1.43185 0.198192 0.334244 -0.0188623 0.921219
1311878077.670965 0.0233218  0.957049   1.42895 0.202995 0.336813 -0.02023 0.919207
1311878077.740556 0.0029413  0.962141   1.41979 0.199805 0.339008 -0.0206955 0.919088
1311878077.804481 -0.0102961   0.968864    1.41807 0.199797 0.341805 -0.0216406 0.918032
1311878077.873062 -0.0233961   0.983863    1.40409 0.201546 0.342133 -0.0202049 0.91756
1311878077.940890 -0.0372479   0.995536    1.39349 0.199202 0.343254 -0.0168246 0.917721
1311878078.005287 -0.0476789     1.0055    1.38068 0.198209 0.347785 -0.0181219 0.916204
1311878078.072818 -0.0547271    1.00861    1.37555 0.197995 0.353379 -0.017229 0.914125
1311878078.140835 -0.0518371     1.0195    1.36907 0.200726 0.361366 -0.0157742 0.910426
1311878078.209009 -0.090005   1.02534   1.35267 0.199978 0.372202 -0.0113129 0.906282
1311878078.307902 -0.108864   1.03536   1.33867 0.20104 0.387278 -0.00480686 0.899764
1311878078.372643 -0.150803   1.02523    1.3525 0.201775 0.401776 0.00129908 0.893231
1311878078.472421 -0.172217     1.046   1.33656 0.203513 0.424958 0.00888346 0.881994
1311878078.506378 -0.18558  1.04441  1.33455 0.203392 0.431889 0.0105086 0.878631
1311878078.539093 -0.19401  1.05852  1.32422 0.20438 0.437191 0.0122808 0.875752
1311878078.569573 -0.198138   1.05674   1.32239 0.204152 0.442955 0.0146599 0.872868
1311878078.608787 -0.207895   1.06507   1.31371 0.205374 0.448088 0.0164065 0.869925
1311878078.672679 -0.196254   1.08003   1.29917 0.206527 0.45132 0.0182229 0.867943
1311878078.706315 -0.251281   1.07986   1.34291 0.208127 0.466466 0.025431 0.859329
1311878078.840645 -0.272443   1.09733    1.3242 0.214782 0.480746 0.0301263 0.849614
1311878078.908442 -0.318712   1.11375   1.30286 0.211659 0.490844 0.0366009 0.844353
1311878078.972358 -0.277042   1.13859   1.29428 0.214299 0.501463 0.0368957 0.837406
1311878079.040604 -0.284234   1.14885   1.29177 0.210138 0.512808 0.0396464 0.831443
1311878079.069627 -0.327717   1.13674   1.29234 0.206626 0.526463 0.0452476 0.823465
1311878079.149574 -0.316723   1.15887   1.27544 0.207856 0.529132 0.0467712 0.821357
1311878079.169651 -0.336811    1.1584   1.29071 0.209021 0.54157 0.050847 0.812666
1311878079.240485 -0.345789   1.15649   1.27975 0.207813 0.545769 0.0525335 0.810055
1311878079.308512 -0.379213   1.17201   1.27421 0.209773 0.563285 0.0529195 0.797437
1311878079.376422 -0.378387   1.19169   1.28385 0.214158 0.567472 0.0529295 0.793291
1311878079.440795 -0.345325   1.30473   1.27695 0.220153 0.573296 0.0553605 0.787274
1311878079.508888 -0.377907   1.30878   1.30879 0.220693 0.583598 0.0624576 0.778978
1311878079.675561 -0.427459   1.32088   1.28573 0.222604 0.613507 0.0700046 0.754425
1311878079.776094 -0.440035   1.34605   1.28685 0.226427 0.623504 0.0714389 0.744896
1311878080.108818 -0.40142  1.40985  1.29673 0.241095 0.625515 0.0565096 0.739872
1311878080.176722 -0.405933   1.44088   1.33746 0.240993 0.638655 0.0613703 0.728201
1311878080.275964 -0.433917   1.45159   1.33877 0.239915 0.650422 0.0716788 0.717115
1311878080.340863 -0.451977   1.47394   1.34574 0.241679 0.659933 0.0739081 0.707543
1311878080.408527 -0.453364   1.51172   1.37639 0.242761 0.670015 0.0744969 0.697565
1311878080.540486 -0.482366   1.54541   1.37999 0.24368 0.687765 0.0810212 0.678995
1311878080.607984 -0.499451   1.51765    1.4468 0.245362 0.700803 0.0885844 0.663947
1311878080.676058 -0.49341  1.60173  1.45497 0.248599 0.712445 0.0864539 0.650497
1311878080.743144 -0.502549   1.63037   1.45906 0.249665 0.716348 0.0848851 0.645993
1311878080.774513 -0.522358   1.60859   1.48695 0.249629 0.722025 0.0898163 0.638982
1311878080.908182 -0.550579   1.62796   1.52379 0.252416 0.739431 0.096609 0.6166
1311878080.942265 -0.553984   1.67953   1.52864 0.254073 0.747329 0.0938152 0.606749
1311878081.008765 -0.54657   1.7183  1.54609 0.25517 0.752252 0.0911033 0.600587
1311878081.075756 -0.556324   1.71914   1.57963 0.254719 0.762413 0.0935981 0.587439
1311878081.143897 -0.537704   1.77375   1.61804 0.256295 0.772566 0.0905435 0.573809
1311878081.241127 -0.581071   1.78794    1.6275 0.25552 0.785653 0.0990137 0.554667
1311878081.341609 -0.606329   1.78986   1.63806 0.254037 0.796289 0.104305 0.538989
1311878081.373414 -0.618781   1.78331   1.63486 0.25327 0.798978 0.108753 0.534473
1311878081.475166 -0.64916  1.79392  1.65188 0.254968 0.808351 0.11379 0.518278
1311878081.607857 -0.679462   1.80178   1.66506 0.25547 0.817115 0.118791 0.502938
1311878081.743487 -0.689987   1.85135   1.72447 0.256614 0.831696 0.119598 0.477628
1311878081.772822 -0.699543   1.87528   1.74864 0.255973 0.838076 0.121646 0.466164
1311878081.806936 -0.703128   1.87863   1.74746 0.25745 0.840368 0.123289 0.460762
1311878081.842118 -0.713497   1.87931   1.76377 0.256172 0.843569 0.125885 0.454885
1311878081.874080 -0.725253   1.88169   1.77111 0.257429 0.845546 0.127821 0.449938
1311878081.943748 -0.721772   1.88396   1.77402 0.256293 0.849186 0.127884 0.443671
1311878081.973035 -0.760916   1.84092   1.80891 0.256985 0.853415 0.138025 0.431962
1311878082.043700 -0.774713   1.84461   1.82318 0.25695 0.858127 0.142561 0.421035
1311878082.112093 -0.795575   1.84419   1.83807 0.257003 0.862695 0.147331 0.409878
1311878082.209876 -0.821657    1.8463   1.86514 0.255862 0.869941 0.153088 0.392812
1311878082.275540 -0.822337   1.85177   1.86728 0.256822 0.87236 0.153614 0.386565
1311878082.410626 -0.860702    1.8547   1.90368 0.256559 0.880152 0.163813 0.364246
1311878082.510140 -0.890232   1.86007   1.92931 0.25574 0.888527 0.170347 0.340733
1311878082.575294 -0.893797   1.86291   1.93559 0.255116 0.89109 0.171031 0.3341
1311878082.910650 -0.944606   1.85462   2.01393 0.249867 0.909939 0.188803 0.271903
1311878082.972029 -0.951418   1.85477   2.02781 0.24771 0.913534 0.191722 0.259497
1311878083.042982 -0.961827   1.85004   2.04065 0.246307 0.9164 0.196777 0.246623
1311878083.110090 -0.971004   1.85125   2.05571 0.246346 0.918902 0.20001 0.234368
1311878083.209949 -0.984231   1.84923    2.0761 0.244903 0.922777 0.20463 0.215942
1311878083.278423 -0.997364   1.84097   2.09937 0.243028 0.925237 0.207947 0.204038
1311878083.441140 -1.0208 1.84581 2.13979 0.235503 0.932273 0.216023 0.169529
1311878083.510334 -1.02242  1.84298  2.15081 0.234807 0.933286 0.21768 0.162663
1311878083.642676 -1.03245   1.8404  2.17984 0.232138 0.936733 0.222784 0.13788
1311878083.678193 -1.03138  1.84804  2.19238 0.231736 0.938651 0.22277 0.124923
1311878083.708097 -1.04126  1.83714  2.20407 0.231975 0.938374 0.226639 0.119482
1311878083.742510 -1.04255  1.84115  2.20922 0.230889 0.939033 0.227303 0.115067
1311878083.810119 -1.04352  1.82462  2.22894 0.229313 0.93908 0.231986 0.108291
1311878083.840669 -1.04631  1.82821  2.23216 0.227721 0.939913 0.23568 0.095716
1311878083.909811 -1.05089  1.81971  2.24349 0.226116 0.940473 0.237603 0.0890357
1311878084.009107 -1.06118  1.81662  2.26496 0.224512 0.941825 0.241966 0.0633482
1311878084.142251 -1.07371  1.81384  2.28185 0.224633 0.942199 0.243794 0.0486301
1311878084.209656 -1.07623  1.81429  2.29154 0.223654 0.942877 0.243923 0.0382465
1311878084.277955 -1.07629  1.81341  2.29623 0.222675 0.942672 0.247187 0.0261381
1311878084.376501 -1.08339  1.80761  2.31134 0.219016 0.942407 0.252771 0.00288214
1311878084.408739 -1.0864  1.8074 2.31402 0.218085 0.942418 0.253543 -0.00192573
1311878084.476625 -1.08614  1.80876   2.3127 0.217177 0.942369 0.254411 -0.00707178
1311878084.508127 -1.08853   1.8125  2.31334 0.215929 0.941683 0.257429 -0.0183707
1311878084.575897 -1.08734  1.81408  2.30973 0.214497 0.941458 0.258903 -0.0248462
1311878084.810751 -1.08893  1.81695  2.30831 0.206345 0.938254 0.268835 -0.0694962
1311878084.845299 -1.08739  1.81079  2.29798 0.202887 0.936423 0.274085 -0.0826223
1311878084.876554 -1.08973  1.81318  2.29851 0.202166 0.935978 0.274214 -0.0887795
1311878084.908124 -1.08958  1.81494   2.3017 0.20147 0.935145 0.275273 -0.0955926
1311878084.945621 -1.09195  1.81458  2.30038 0.200271 0.934197 0.277139 -0.10179
1311878084.976198 -1.09101  1.81701  2.30056 0.198945 0.933563 0.277435 -0.109135
1311878085.247152 -1.09687  1.82296  2.30748 0.190998 0.92577 0.284856 -0.159145
1311878085.310341 -1.10588  1.82721  2.32188 0.191998 0.925476 0.283191 -0.162587
1311878085.378933 -1.10607  1.82866  2.32537 0.189941 0.923157 0.284271 -0.175765
1311878085.445059 -1.10828  1.82962  2.31111 0.186793 0.919947 0.28838 -0.188795
1311878085.476278 -1.10909  1.83261  2.31106 0.18481 0.917224 0.28964 -0.201631
1311878086.800899 -1.10887  1.83964  2.29467 0.181805 0.91387 0.292297 -0.215294
1311878086.860331 -1.1074 1.83918 2.29442 0.182007 0.913978 0.292113 -0.214916
1311878086.892508 -1.11457   1.8354  2.29474 0.183287 0.91355 0.294227 -0.212749
1311878086.924353 -1.11456  1.83549  2.29165 0.183917 0.912852 0.295017 -0.214106
1311878086.960294 -1.10844  1.84091  2.29638 0.18349 0.913726 0.292056 -0.214799
1311878086.992328 -1.10897  1.83989  2.29348 0.182893 0.913554 0.292849 -0.214962
1311878087.024235 -1.1068 1.84161 2.29259 0.182267 0.913776 0.292102 -0.215567
1311878087.060254 -1.10603  1.84243  2.29363 0.181749 0.914027 0.291632 -0.215576
1311878087.092205 -1.10555   1.8426  2.29445 0.181779 0.914093 0.291459 -0.215503
1311878087.124653 -1.10876   1.8433  2.29772 0.182401 0.914327 0.291234 -0.214286
1311878087.159992 -1.10839  1.84405  2.29757 0.182564 0.914289 0.291067 -0.214535
1311878087.192038 -1.10787  1.84259  2.29647 0.182385 0.914073 0.291631 -0.214843
1311878087.224300 -1.1078 1.84252  2.2966 0.182452 0.914151 0.291405 -0.214763
1311878087.260063 -1.10805  1.84112  2.29481 0.182254 0.913913 0.292171 -0.2149
1311878087.292093 -1.10626   1.8416  2.29297 0.181784 0.913817 0.292254 -0.215591
1311878087.324206 -1.10566  1.84147  2.29296 0.181746 0.913762 0.29233 -0.215757
1311878087.360025 -1.10585  1.84086  2.29174 0.181848 0.913597 0.29266 -0.21592
1311878087.392096 -1.10634  1.84161  2.29496 0.181844 0.913975 0.292042 -0.215159
1311878087.424284 -1.10561  1.84219  2.29509 0.181684 0.914062 0.291739 -0.215337
1311878087.460200 -1.10667  1.84226  2.29463 0.181631 0.914074 0.291893 -0.215121
1311878087.492154 -1.10548   1.8423  2.29391 0.181475 0.914016 0.291911 -0.215476
1311878087.525461 -1.10675  1.84312  2.29596 0.181706 0.914206 0.291535 -0.214984
1311878087.560050 -1.10733  1.84297   2.2955 0.181761 0.914199 0.291603 -0.214874
1311878087.592523 -1.10604  1.84192  2.29471 0.181462 0.914052 0.291939 -0.215295
1311878087.624134 -1.10542  1.84333  2.29255 0.181238 0.913957 0.291887 -0.215957
1311878087.660756 -1.10514  1.84314  2.29301 0.181205 0.913995 0.291822 -0.215912
1311878087.692219 -1.10396  1.84255  2.29158 0.18096 0.913823 0.29219 -0.216346
1311878087.724657 -1.10434  1.84297  2.29205 0.181066 0.913862 0.292047 -0.216285
1311878087.760216 -1.10341  1.84374  2.29302 0.180976 0.914006 0.291597 -0.216361
1311878087.792332 -1.10247  1.84397  2.29308 0.180786 0.914069 0.291417 -0.216495
1311878087.824320 -1.10217  1.84538  2.29497 0.180822 0.914328 0.29067 -0.216375
1311878087.860132 -1.10359  1.84575  2.29545 0.181154 0.91437 0.290562 -0.216067
1311878087.892191 -1.10352  1.84587  2.29604 0.18123 0.914444 0.290368 -0.215949
1311878087.924823 -1.10011  1.84768  2.29717 0.180467 0.9147 0.289555 -0.216596
1311878087.960091 -1.10073   1.8483  2.29853 0.180711 0.914848 0.289147 -0.216312
1311878087.992795 -1.10038  1.84942  2.30002 0.1807 0.915068 0.28856 -0.216175
1311878088.024761 -1.10129   1.8505   2.3033 0.180876 0.915426 0.287838 -0.215474
1311878088.059979 -1.09983  1.84694  2.29887 0.180791 0.914754 0.289276 -0.21647
1311878088.092463 -1.10034  1.84806  2.30214 0.180944 0.915123 0.288501 -0.215813
1311878088.124397 -1.10062  1.84773  2.30177 0.180941 0.915072 0.288681 -0.215794
1311878088.160177 -1.10075  1.84855  2.30229 0.180894 0.915194 0.288444 -0.215633
1311878088.192585 -1.10076  1.84946  2.30316 0.180946 0.915338 0.288001 -0.215569
1311878088.224462 -1.10062   1.8488  2.30283 0.181071 0.915263 0.288109 -0.215637
1311878088.260251 -1.10125  1.84917  2.30096 0.18087 0.915137 0.288452 -0.215883
1311878088.292174 -1.10176  1.84927  2.30124 0.180975 0.915148 0.28845 -0.215752
1311878088.324813 -1.10147  1.84933  2.30156 0.181017 0.915178 0.288387 -0.215674
1311878088.360209 -1.09944  1.84939  2.30149 0.180708 0.915174 0.288185 -0.21622
1311878088.392268 -1.10016  1.84942  2.30111 0.180744 0.915191 0.288287 -0.215979
1311878088.424385 -1.09925  1.84883  2.29958 0.180608 0.914968 0.288647 -0.216559
1311878088.460121 -1.10041  1.84868  2.29947 0.180878 0.91493 0.288773 -0.216324
1311878088.492420 -1.10073  1.84787  2.29912 0.18102 0.914803 0.289053 -0.216367
1311878088.524215 -1.1003 1.84758 2.29737 0.180973 0.914644 0.289334 -0.216704
