1311867718.676844 -0.00155572 0.000647963 -0.00123364 0.000102476 0.00124786 -0.000155442 0.999999
1311867718.711416 -0.00500167 0.000151963 0.000447456 0.000466337 0.00401079 -0.000742953 0.999992
1311867718.740990  -0.0110995 -0.00053997  0.00176952 0.00100781 0.00767906 -0.000666402 0.99997
1311867718.776797 -0.00830556  0.00143735 -0.00117231 0.00108817 0.00690976 -0.000309602 0.999975
1311867718.809404 -0.00804626 0.000570637 3.32293e-05 0.000772148 0.008146 -0.000605881 0.999966
1311867718.840808  -0.0114186 -0.00170889  0.00234342 0.00100183 0.0114192 -0.000982499 0.999934
1311867718.876778   -0.0110689 -0.000304658  0.000935701 0.00197165 0.0133345 -0.000955352 0.999909
1311867718.908850   -0.0104452  0.000212423 -0.000539898 0.00307052 0.0150968 -0.000997005 0.999881
1311867718.943827   -0.0119699  0.000364826 -0.000772253 0.00448517 0.016716 -0.00105034 0.99985
1311867718.978411 -0.0123571  0.0023197 -0.0024216 0.005449 0.0180728 -0.00129775 0.999821
1311867719.009043   -0.0140356  0.000176437 -0.000557292 0.00476558 0.0205663 -0.0015094 0.999776
1311867719.044107  -0.0141166 9.32839e-05 -0.00185608 0.00510694 0.0224557 -0.00154913 0.999734
1311867719.076862  -0.0148942 0.000728153 -0.00196095 0.00564019 0.0241553 -0.00142642 0.999691
1311867719.108689  -0.0141174  0.00259215 -0.00284921 0.006487 0.0256047 -0.00136301 0.99965
1311867719.143686  -0.0158574  0.00137842 -0.00212202 0.00662387 0.0279921 -0.000856075 0.999586
1311867719.181029  -0.0132832  0.00251447 -0.00355989 0.00729884 0.0281238 -0.000251844 0.999578
1311867719.212694 -0.0137705 0.00295583 -0.0036266 0.00778601 0.0293108 0.000205183 0.99954
1311867719.241203  -0.0164569  0.00287599 -0.00276917 0.00770459 0.0324341 0.00051582 0.999444
1311867719.277940  -0.0151272   0.0045095 -0.00378084 0.00828361 0.0345718 0.00104039 0.999367
1311867719.310475  -0.0171919  0.00328871 -0.00231075 0.00814402 0.0381472 0.00122358 0.999238
1311867719.341298   -0.016074   0.0044123 -0.00390237 0.00871953 0.0397916 0.00152663 0.999169
1311867719.377256  -0.0143122  0.00539843 -0.00532495 0.00860674 0.0413409 0.00150781 0.999107
1311867719.410563  -0.0175352  0.00284625 -0.00310231 0.00754405 0.0454231 0.00165325 0.998938
1311867719.442766 -0.0182743  0.0045924 -0.0054739 0.00806683 0.0472556 0.00240621 0.998847
1311867719.478751  -0.0192691  0.00590856 -0.00753307 0.00684601 0.0492534 0.00281602 0.998759
1311867719.510380  -0.0211734  0.00400512 -0.00492482 0.0051951 0.0531088 0.00296905 0.998571
1311867719.544921  -0.0207625  0.00513937 -0.00543523 0.00607902 0.0563569 0.00307913 0.998387
1311867719.577180  -0.0211838  0.00426917 -0.00623638 0.0053776 0.0597257 0.00361294 0.998194
1311867719.611229  -0.0202748  0.00416132 -0.00649547 0.00471916 0.0623284 0.00394853 0.998037
1311867719.642179  -0.0190596  0.00583527 -0.00837262 0.00589864 0.0642982 0.0043714 0.997904
1311867719.677038 -0.0189438 0.00626676 -0.0095313 0.00661237 0.0665931 0.0050014 0.997746
1311867719.710780 -0.0194135 0.00501421 -0.0102206 0.00710759 0.0685159 0.00564403 0.997609
1311867719.744241  -0.0208836  0.00352365 -0.00879238 0.00862165 0.0706471 0.00604782 0.997446
1311867719.780617  -0.0205989  0.00357178 -0.00962118 0.0103851 0.0721221 0.00642172 0.997321
1311867719.809826 -0.0199643 0.00409909 -0.0108169 0.011882 0.0741002 0.00648949 0.997159
1311867719.845485 -0.0185393 0.00656366 -0.0142887 0.0127123 0.0754144 0.00684089 0.997048
1311867719.877098 -0.0173696 0.00697394 -0.0148414 0.0126897 0.077048 0.00711901 0.996921
1311867719.911346 -0.0189446 0.00782611 -0.0134174 0.0132123 0.0797938 0.00692324 0.9967
1311867719.946191 -0.0221721 0.00732448 -0.0121658 0.0126966 0.083806 0.00631151 0.996381
1311867719.980781 -0.0228016 0.00794636 -0.0135429 0.0121536 0.0869442 0.00609897 0.99612
1311867720.011619 -0.0237463 0.00762182 -0.0118435 0.0122238 0.0911347 0.00580946 0.995747
1311867720.045018 -0.0267492 0.00650072 -0.0103245 0.0125101 0.0971937 0.00623704 0.995167
1311867720.077237  -0.0306412  0.00428865 -0.00921136 0.01193 0.102575 0.00730809 0.994627
1311867720.112133 -0.0288594 0.00587419 -0.0113619 0.0123268 0.103545 0.00792865 0.994517
1311867720.145146 -0.0274213 0.00694348 -0.0129397 0.0124031 0.104182 0.00796652 0.994449
1311867720.178155 -0.0274139 0.00646119 -0.0130454 0.0126464 0.105318 0.00790737 0.994327
1311867720.209495 -0.0304926 0.00678254 -0.0139351 0.0132465 0.107615 0.0074736 0.994076
1311867720.242131 -0.0309768 0.00452745 -0.0119071 0.0138072 0.109714 0.00762537 0.993838
1311867720.277071  -0.030799 0.00571005 -0.0141473 0.0147421 0.111684 0.00779535 0.993604
1311867720.309449 -0.0320265 0.00347676  -0.012238 0.0161044 0.113887 0.00833223 0.993328
1311867720.343065 -0.0348927 0.00127017 -0.0109316 0.0178064 0.116337 0.00948987 0.993005
1311867720.377976  -0.0364026 -0.00061118  -0.0113369 0.0175568 0.120037 0.0105991 0.992558
1311867720.409156   -0.0354642 -0.000375749   -0.0124063 0.0171817 0.123756 0.0118565 0.992093
1311867720.441220  -0.035604 0.00132235 -0.0141068 0.0180213 0.126163 0.0126478 0.991765
1311867720.479884 -0.0348295  0.0031895 -0.0166038 0.0182333 0.127019 0.0131204 0.991646
1311867720.510432 -0.0364684 0.00405932 -0.0146876 0.0174268 0.129329 0.0130187 0.991363
1311867720.541034 -0.0377225 0.00219131 -0.0122387 0.0169834 0.132412 0.0131061 0.990963
1311867720.579308 -0.0405716 0.00183839 -0.0101929 0.0168456 0.135844 0.013217 0.990499
1311867720.612118   -0.0398414 -0.000747186    -0.010475 0.0150468 0.13803 0.0137548 0.990218
1311867720.641066  -0.0388237 0.000194126  -0.0123108 0.0151874 0.140256 0.0139171 0.989901
1311867720.679784  -0.0405161 -0.00206195  -0.0101003 0.0145338 0.143734 0.0145423 0.989403
1311867720.710230   -0.0410095 -0.000838333    -0.012775 0.0139745 0.146274 0.0145874 0.989038
1311867720.741101   -0.0424726 -0.000256313   -0.0127101 0.01349 0.149796 0.0144289 0.98852
1311867720.778976  -0.0550378 -0.00348336 -0.00825287 0.0131224 0.157425 0.0134885 0.987352
1311867720.811572  -0.0556138 -0.00303778  -0.0106889 0.0134227 0.160357 0.0131453 0.98688
1311867720.840899    -0.05884  -0.0035124 -0.00893037 0.0135118 0.164561 0.0128873 0.98619
1311867720.881326  -0.0573923 -0.00338815   -0.010223 0.014214 0.166514 0.0126307 0.985856
1311867720.910555   -0.056223 -0.00420195  -0.0097487 0.0146486 0.168425 0.012795 0.985523
1311867720.940922  -0.0580526 -0.00369939  -0.0113225 0.0150095 0.170493 0.0128515 0.985161
1311867720.979768  -0.0583272 -0.00107108  -0.0133695 0.0162122 0.171583 0.012511 0.984957
1311867721.009382   -0.0582456 -0.000655516   -0.0133773 0.0164078 0.172818 0.0123822 0.984739
1311867721.041083 -0.0583788 0.00024213 -0.0133934 0.0170274 0.174633 0.0121384 0.984411
1311867721.079425   -0.059499 -0.00269877  -0.0128315 0.0166147 0.176911 0.0127016 0.984005
1311867721.110348   -0.0607791 -0.000688111   -0.0139458 0.0175596 0.178718 0.0126722 0.983662
1311867721.141329   -0.0609929 -0.000844545    -0.013526 0.0175926 0.180641 0.0126579 0.98331
1311867721.177361  -0.0618663 -0.00221948  -0.0116106 0.0177218 0.183479 0.0130403 0.982777
1311867721.211218  -0.0637584 -0.00263066  -0.0090162 0.0180385 0.187195 0.0128503 0.982073
1311867721.240992  -0.0642622 -0.00274756 -0.00907552 0.0182176 0.189762 0.0129276 0.981576
1311867721.279999  -0.0636236 -0.00231358 -0.00804265 0.0184864 0.192476 0.0132021 0.981039
1311867721.309958  -0.0648599 -0.00226885 -0.00743091 0.0188524 0.195063 0.0137603 0.980513
1311867721.340962  -0.0668539 -0.00104748 -0.00810698 0.0191822 0.197508 0.0137031 0.980018
1311867721.378995  -0.0653283 -0.00266543 -0.00703777 0.0194172 0.199902 0.0141919 0.979521
1311867721.409249  -0.0646162 -0.00393842 -0.00705883 0.0198878 0.202709 0.0144988 0.97893
1311867721.441211  -0.0638508 -0.00550315 -0.00543623 0.0204883 0.205346 0.0144221 0.978369
1311867721.476886  -0.0637992 -0.00604115 -0.00740276 0.0212434 0.207888 0.0144397 0.977815
1311867721.509312  -0.0650066 -0.00589034 -0.00660624 0.0220583 0.210647 0.0146084 0.977204
1311867721.541158  -0.0638824 -0.00501518  -0.0077976 0.0223999 0.212744 0.0145974 0.976742
1311867721.576967  -0.0641779 -0.00477886 -0.00900395 0.0234232 0.214905 0.0148848 0.976241
1311867721.609436  -0.0655477 -0.00336269  -0.0108988 0.0240263 0.216155 0.0143618 0.975958
1311867721.640963  -0.0643813 -0.00318083  -0.0105744 0.0236366 0.217797 0.0141629 0.975605
1311867721.680028   -0.063097  -0.0058018 -0.00822615 0.0244859 0.220289 0.0147646 0.975015
1311867721.708988  -0.0634086 -0.00360576 -0.00672072 0.0269001 0.222752 0.0138465 0.974406
1311867721.741076  -0.0642229 -0.00128005 -0.00888257 0.0274379 0.224973 0.0135175 0.973885
1311867721.778692  -0.0631236 -0.00403393 -0.00710817 0.027768 0.22721 0.0143434 0.973344
1311867721.809076  -0.0622769 -0.00346048 -0.00607503 0.0291323 0.229183 0.0136228 0.972852
1311867721.840973  -0.0627901 -0.00283845 -0.00670259 0.0291795 0.231173 0.0135275 0.972381
1311867721.877872  -0.0627897 -0.00356483 -0.00824437 0.0295144 0.232326 0.0142521 0.972086
1311867721.908974  -0.0636136 -0.00240232 -0.00839723 0.0305247 0.233444 0.0137824 0.971793
1311867721.940976   -0.063637 -0.00115228 -0.00845541 0.030971 0.234644 0.0139011 0.971488
1311867721.977359   -0.0629893 -0.000568178   -0.0105469 0.0316186 0.235724 0.0142299 0.971201
1311867722.009091  -0.0633872 0.000573123  -0.0113416 0.0322894 0.237275 0.0141633 0.970802
1311867722.040990  -0.0620696 0.000537474  -0.0124162 0.0321249 0.238097 0.0145754 0.970601
1311867722.080071   -0.0614588 -0.000991482   -0.0103954 0.0320405 0.239967 0.0149557 0.970137
1311867722.109064  -0.0605929 0.000747776  -0.0106772 0.0323452 0.24208 0.0146751 0.969606
1311867722.140966 -0.0595261 0.00032344 -0.0105233 0.0321287 0.244842 0.0150256 0.968914
1311867722.179813  -0.0620673  -0.0018157 -0.00948294 0.0325174 0.247834 0.0161144 0.968123
1311867722.209056  -0.0633184 0.000541693  -0.0113578 0.0330973 0.249015 0.0159255 0.967803
1311867722.240996 -0.0629351 0.00267276 -0.0129678 0.0327994 0.249761 0.0156954 0.967625
1311867722.277859  -0.0619342 0.000613716  -0.0119789 0.0328016 0.251089 0.0160557 0.967275
1311867722.309042    -0.062197 -0.000610288   -0.0120146 0.0326652 0.252617 0.0159556 0.966883
1311867722.340959  -0.0607394 -0.00299048  -0.0105289 0.0315593 0.254094 0.0169254 0.966516
1311867722.377784  -0.0617063 -0.00230202  -0.0117744 0.0318634 0.255485 0.0171577 0.966135
1311867722.408986  -0.0620956 -0.00283135  -0.0121741 0.0315975 0.257338 0.0170518 0.965654
1311867722.440953  -0.0613911 -0.00237158  -0.0133795 0.0310165 0.259425 0.0174655 0.965107
1311867722.477785   -0.061335 -0.00261742  -0.0142125 0.0311227 0.261935 0.0181228 0.964413
1311867722.509074  -0.0625863 -0.00402768   -0.011769 0.0310438 0.265142 0.0183913 0.963534
1311867722.541117  -0.0639319 -0.00184471  -0.0126974 0.0315394 0.267501 0.0179362 0.962874
1311867722.580221  -0.0671293 -0.00299692  -0.0136572 0.0313856 0.269682 0.0183896 0.962262
1311867722.609181  -0.0677868 -0.00264778  -0.0139219 0.0309119 0.271217 0.0180219 0.961853
1311867722.641131   -0.0676671 -0.000968917   -0.0141056 0.0304724 0.272958 0.0176775 0.961381
1311867722.677812  -0.0673622 -0.00223347  -0.0117851 0.0298266 0.275802 0.0182127 0.960579
1311867722.709099   -0.0676332 -0.000192813   -0.0121361 0.0299698 0.278139 0.0175553 0.959913
1311867722.741113  -0.0675465 7.79725e-05  -0.0103568 0.0295446 0.281046 0.0178777 0.959073
1311867722.777008  -0.0677525 0.000459614 -0.00945142 0.0298399 0.284558 0.0184397 0.958017
1311867722.809024  -0.0655954 -0.00117111 -0.00831942 0.0312418 0.287877 0.0192676 0.956964
1311867722.841216   -0.0657038 -0.000782612   -0.0105916 0.031712 0.290775 0.0196756 0.956063
1311867722.877106  -0.0656034 -2.1595e-05  -0.0119763 0.0318645 0.29292 0.0210973 0.955373
1311867722.909250   -0.0661711 -0.000817645   -0.0117086 0.0332687 0.29454 0.0216847 0.954814
1311867722.941312   -0.0663533 -0.000201171   -0.0138526 0.0337446 0.295718 0.0208786 0.954451
1311867722.977155   -0.0659147 -0.000949128   -0.0132141 0.0336345 0.298143 0.0215118 0.953686
1311867723.009268  -0.0644509 -0.00352322  -0.0112607 0.0351314 0.30022 0.0222235 0.952964
1311867723.041198  -0.0651282 -0.00202707  -0.0143298 0.0364536 0.301472 0.0212267 0.952542
1311867723.077308  -0.0655955 -0.00414996  -0.0148531 0.0360554 0.303151 0.0223725 0.951997
1311867723.109195  -0.0677417 -0.00349278  -0.0143299 0.0366774 0.305403 0.0229459 0.95124
1311867723.141150  -0.0681779 -0.00303831  -0.0167284 0.0371803 0.306985 0.0230468 0.950709
1311867723.176997   -0.0700921 -0.000461948   -0.0192057 0.0374171 0.309253 0.0234024 0.949955
1311867723.209256  -0.0702893 -0.00147755  -0.0204847 0.0374566 0.311044 0.0244895 0.949341
1311867723.241074 -0.0694082 -0.0022613 -0.0199826 0.0373881 0.31246 0.0253134 0.948857
1311867723.277345 -0.0676493 -0.0016473 -0.0219259 0.0371566 0.313354 0.025155 0.948576
1311867723.309381 -0.0658403 -0.0040116  -0.021826 0.0359202 0.315307 0.0260998 0.94795
1311867723.341250  -0.0651244 -0.00100493  -0.0235431 0.0362871 0.317128 0.025374 0.947349
1311867723.377211  -0.0655623 -0.00105434  -0.0237913 0.0361238 0.319111 0.0253564 0.946689
1311867723.409330 -0.0683839 0.00148042 -0.0241484 0.0361322 0.320577 0.0247514 0.946209
1311867723.441091  -0.0680782 0.000152263  -0.0226187 0.0358828 0.322182 0.0246448 0.945676
1311867723.477064     -0.0657 -0.00272508  -0.0215072 0.0357244 0.324053 0.0248445 0.945037
1311867723.509287 -0.0666778 0.00166627 -0.0239153 0.0368179 0.3259 0.0229788 0.944408
1311867723.541233  -0.0682898 0.000516714  -0.0260034 0.0371814 0.328133 0.0230193 0.943619
1311867723.577122  -0.0662898 4.98998e-05  -0.0277966 0.037069 0.329729 0.0223236 0.943083
1311867723.609219  -0.0674341 -0.00023971  -0.0250641 0.037247 0.332668 0.0223029 0.942044
1311867723.641284   -0.0681214 -0.000769204   -0.0255503 0.0374068 0.333846 0.02237 0.94162
1311867723.677183 -0.0669904 -0.0035413  -0.025549 0.036643 0.335142 0.0226726 0.941182
1311867723.709219  -0.0654672 -0.00522792  -0.0252517 0.0361646 0.336783 0.0231095 0.940604
1311867723.741203  -0.0666832 -0.00291305  -0.0259661 0.036503 0.338595 0.0223148 0.939959
1311867723.777117  -0.0673489 -0.00349416  -0.0264961 0.0358729 0.340913 0.0224873 0.939141
1311867723.809375  -0.0673143 -0.00563769  -0.0257405 0.0346738 0.344192 0.0232889 0.93797
1311867723.841052  -0.0682731 -0.00675729  -0.0265267 0.0342471 0.347126 0.0236399 0.936895
1311867723.877078  -0.0707535 -0.00585419  -0.0290053 0.0334895 0.349015 0.0230851 0.936234
1311867723.909216  -0.0685023 -0.00699656  -0.0280083 0.0327725 0.351136 0.0238175 0.935448
1311867723.941193  -0.0649408 -0.00906045   -0.026958 0.0334465 0.353468 0.0232443 0.934559
1311867723.977347  -0.0685989 -0.00741757  -0.0289245 0.0332589 0.356479 0.0216358 0.93346
1311867724.009134  -0.0698301 -0.00349976  -0.0294633 0.0334335 0.35886 0.0201539 0.932575
1311867724.041275  -0.0710677 -0.00391309  -0.0301783 0.0340738 0.360821 0.0197698 0.931803
1311867724.077169  -0.0741559 -0.00310796  -0.0306582 0.0342891 0.362586 0.0190139 0.931125
1311867724.109312  -0.0725417 -0.00428827  -0.0301997 0.0339296 0.364032 0.0198096 0.930557
1311867724.141328  -0.0737314 -0.00691107  -0.0296559 0.0343164 0.365656 0.0210384 0.929879
1311867724.177099  -0.0747998 -0.00496351  -0.0307586 0.0352073 0.36649 0.0203036 0.929534
1311867724.209497  -0.0773707 -0.00331567  -0.0320837 0.0355042 0.367754 0.0201545 0.929026
1311867724.241223 -0.0753018 -0.0054265 -0.0311818 0.0361787 0.369198 0.0207178 0.928415
1311867724.277149  -0.0746549 -0.00852143  -0.0303175 0.03657 0.370732 0.0213784 0.927773
1311867724.309237  -0.0777446 -0.00405134  -0.0299288 0.0365985 0.372055 0.0200913 0.927271
1311867724.341263 -0.0755851 -0.0038621 -0.0304686 0.0368146 0.37336 0.0201294 0.926737
1311867724.377522  -0.0763324 -0.00432416  -0.0305821 0.0372609 0.375213 0.020037 0.925972
1311867724.409261  -0.0791503 -0.00125604  -0.0310189 0.0377123 0.37609 0.0196291 0.925607
1311867724.445101  -0.0770434 -0.00173691   -0.030328 0.0375543 0.376892 0.0206529 0.925265
1311867724.477073  -0.0777116 -0.00100272  -0.0284667 0.0378826 0.378912 0.0215613 0.924406
1311867724.509510   -0.0787456 -4.76989e-05   -0.0290108 0.0381718 0.380699 0.0220073 0.923649
1311867724.545372  -0.078348 0.00048837 -0.0298831 0.0384487 0.381785 0.0228452 0.923169
1311867724.577173 -0.0804081 0.00228139 -0.0304426 0.0382745 0.383048 0.0232601 0.922642
1311867724.609288 -0.0797356 0.00347805 -0.0304691 0.0379506 0.38445 0.0234488 0.922067
1311867724.645139 -0.0781532 0.00324193 -0.0291623 0.0385071 0.386497 0.0237513 0.92118
1311867724.677186 -0.0785016 0.00497115 -0.0305607 0.0377208 0.388406 0.0228072 0.920433
1311867724.709303 -0.0782722 0.00701805 -0.0312547 0.0377245 0.390559 0.0227529 0.919523
1311867724.745227 -0.0784762 0.00696761 -0.0316824 0.0388775 0.392765 0.0217233 0.91856
1311867724.777282 -0.0808936 0.00687095 -0.0322505 0.039169 0.394671 0.0209279 0.917749
1311867724.809388 -0.0824563 0.00994273 -0.0356771 0.0392421 0.396016 0.0197755 0.917192
1311867724.845439 -0.0831538  0.0107908 -0.0367799 0.0393864 0.397952 0.019642 0.91635
1311867724.877196 -0.0824275 0.00721714 -0.0383467 0.0394302 0.399395 0.020491 0.915701
1311867724.909339 -0.0837963  0.0105288  -0.039561 0.0393053 0.401142 0.0195921 0.914963
1311867724.945383 -0.0804403 0.00810887 -0.0395854 0.0390227 0.402243 0.0204942 0.914471
1311867724.977351 -0.0829463 0.00703339 -0.0383707 0.0393018 0.403451 0.0206475 0.913924
1311867725.009417 -0.0848547 0.00832701 -0.0382098 0.0389392 0.404879 0.0204246 0.913313
1311867725.045371 -0.0822809 0.00704841 -0.0390598 0.0386169 0.405874 0.0208032 0.912876
1311867725.077165 -0.0853719    0.01067 -0.0394086 0.0394329 0.407545 0.019765 0.912119
1311867725.109324 -0.0857958 0.00923186 -0.0396657 0.0390429 0.408849 0.0201744 0.911543
1311867725.145400  -0.087049  0.0132833 -0.0388454 0.0393872 0.410597 0.0195601 0.910756
1311867725.177425 -0.0850841  0.0123664 -0.0403037 0.0398572 0.411523 0.0194138 0.91032
1311867725.209553 -0.0859796  0.0136771 -0.0391344 0.0400423 0.41375 0.0192373 0.909306
1311867725.245367 -0.0850931  0.0171381 -0.0403562 0.0403474 0.415104 0.0183606 0.908693
1311867725.277418 -0.0826787  0.0165875 -0.0422422 0.0407059 0.416253 0.0183992 0.908151
1311867725.309285 -0.0839896  0.0180168 -0.0438066 0.0404979 0.417922 0.0176871 0.907407
1311867725.345324 -0.0828077  0.0156328 -0.0431892 0.0403673 0.419799 0.0185413 0.906529
1311867725.377264 -0.0845974   0.018015 -0.0443455 0.0410096 0.420801 0.0171615 0.906063
1311867725.409396 -0.0834523  0.0165034 -0.0461116 0.0408709 0.421711 0.0168096 0.905653
1311867725.445325 -0.0816363  0.0168712 -0.0478191 0.0415606 0.423508 0.0156258 0.904803
1311867725.477288 -0.0840223  0.0161504 -0.0474818 0.0427137 0.42583 0.0150441 0.903669
1311867725.509302 -0.0853027  0.0174588 -0.0480974 0.0430984 0.42743 0.0137397 0.902916
1311867725.545377 -0.0864623  0.0197291 -0.0498693 0.0433853 0.428888 0.0126655 0.902226
1311867725.577184 -0.0901267  0.0210644 -0.0510416 0.0442892 0.431167 0.0119027 0.901106
1311867725.609402 -0.0892819  0.0206447 -0.0533371 0.044899 0.432636 0.0113747 0.900378
1311867725.645352  -0.091615  0.0218319 -0.0525057 0.0447974 0.434813 0.0113542 0.899334
1311867725.677179  -0.092267  0.0225129 -0.0532342 0.0456272 0.436806 0.0113502 0.898326
1311867725.709338 -0.0894325  0.0191778 -0.0554382 0.0462769 0.43765 0.0123884 0.897868
1311867725.745369 -0.0944967  0.0205412  -0.054026 0.0461684 0.439354 0.0128003 0.897035
1311867725.777222 -0.0894664  0.0181382 -0.0550149 0.0464227 0.440021 0.0135899 0.896684
1311867725.809386 -0.0924525  0.0188999 -0.0552371 0.0466965 0.441596 0.0130665 0.895903
1311867725.845355 -0.0894966  0.0171113 -0.0566273 0.0460611 0.442588 0.0134804 0.89544
1311867725.877262 -0.0916186  0.0183375 -0.0546739 0.0473654 0.444733 0.0131724 0.894313
1311867725.909277 -0.0915264  0.0170109 -0.0571676 0.0480518 0.446048 0.0123974 0.893632
1311867725.945447 -0.0929473   0.019412 -0.0576379 0.0482544 0.447436 0.011906 0.892934
1311867725.977286 -0.0940667   0.017552 -0.0579865 0.0488044 0.448927 0.0121646 0.892152
1311867726.009277 -0.0955463  0.0180858 -0.0556373 0.0498203 0.450641 0.0114341 0.891241
1311867726.045264  -0.104252  0.0215154 -0.0536719 0.0498465 0.452694 0.0112999 0.8902
1311867726.077353  -0.106394  0.0257298 -0.0523061 0.0505227 0.453853 0.0107689 0.889578
1311867726.109428 -0.109822 0.0288005 -0.050717 0.0507281 0.454631 0.0101565 0.889176
1311867726.145419  -0.109678  0.0280518 -0.0509953 0.0501361 0.455317 0.0108127 0.888851
1311867726.177389  -0.109287  0.0288021 -0.0507379 0.0509005 0.456394 0.0112159 0.88825
1311867726.209431  -0.110715  0.0255424 -0.0503346 0.0519588 0.45754 0.0124636 0.887582
1311867726.245339  -0.114443  0.0293042 -0.0503658 0.0523153 0.458844 0.0117739 0.886897
1311867726.277276  -0.115857  0.0325435 -0.0487958 0.0526283 0.460276 0.0111932 0.886144
1311867726.309598  -0.113609   0.031523 -0.0499905 0.0532765 0.46103 0.0110265 0.885715
1311867726.345403  -0.114826  0.0308262 -0.0510944 0.0538353 0.461849 0.0108086 0.885257
1311867726.377216  -0.116411  0.0299274 -0.0515699 0.0536937 0.462663 0.010727 0.884842
1311867726.409318  -0.116208  0.0315224 -0.0519721 0.054745 0.462935 0.0101161 0.884642
1311867726.445281  -0.113849  0.0296068 -0.0517954 0.0549613 0.462834 0.00988964 0.884684
1311867726.477474  -0.112281  0.0247595 -0.0539492 0.0548764 0.462946 0.0104945 0.884624
1311867726.509569  -0.112616  0.0220452 -0.0556479 0.0547828 0.46307 0.0109558 0.884559
1311867726.545354   -0.11468  0.0230736 -0.0550682 0.0550027 0.463269 0.0108015 0.884443
1311867726.577396  -0.114884  0.0213641 -0.0524008 0.0552954 0.46389 0.0109041 0.884098
1311867726.609317  -0.112531  0.0162542 -0.0555599 0.0552626 0.462759 0.0117865 0.884681
1311867726.645252  -0.114269  0.0163531 -0.0547142 0.0553541 0.462224 0.0119027 0.884954
1311867726.677392  -0.113749  0.0189688 -0.0539983 0.0557531 0.461605 0.0117824 0.885253
1311867726.709500  -0.111909  0.0185397 -0.0561984 0.0562812 0.460025 0.0122196 0.886036
1311867726.745393  -0.115811  0.0194697 -0.0519333 0.0564545 0.459711 0.0121034 0.88619
1311867726.777454  -0.115395  0.0228352 -0.0523663 0.0567492 0.458703 0.012088 0.886693
1311867726.809580  -0.113445  0.0213899 -0.0511862 0.0568845 0.457814 0.0127623 0.887135
1311867726.845325  -0.110369  0.0211067 -0.0532534 0.0570386 0.456337 0.0126124 0.887888
1311867726.877389   -0.11016  0.0186792 -0.0537571 0.0566552 0.455763 0.0130585 0.8882
1311867726.909457  -0.107314  0.0181426 -0.0539052 0.0568089 0.455283 0.0126273 0.888443
1311867726.945460 -0.107397 0.0185218 -0.055126 0.0569797 0.453926 0.0121678 0.889133
1311867726.977338  -0.106164  0.0183036 -0.0545523 0.0568233 0.453066 0.011825 0.889586
1311867727.009679  -0.104414  0.0185453 -0.0559672 0.0568939 0.452202 0.0115813 0.890024
1311867727.045650  -0.103271  0.0172747 -0.0553059 0.0565154 0.451574 0.0121414 0.890359
1311867727.077267  -0.104985   0.020828 -0.0531293 0.0567992 0.450763 0.011614 0.890759
1311867727.109432  -0.103201  0.0170144 -0.0534022 0.0563124 0.449458 0.0127388 0.891434
1311867727.145264 -0.104756 0.0192569 -0.051167 0.0561697 0.448712 0.0125096 0.891822
1311867727.177379  -0.100071  0.0159924 -0.0522447 0.0555772 0.446213 0.0132037 0.893102
1311867727.209695 -0.0968806   0.016122 -0.0515567 0.0563694 0.444336 0.0127937 0.893994
1311867727.245304 -0.0960852  0.0154477 -0.0515112 0.056436 0.443357 0.0123174 0.894482
1311867727.277335 -0.0939028  0.0140284 -0.0508343 0.0563363 0.442408 0.0125769 0.894954
1311867727.309357  -0.090084 0.00975775 -0.0526376 0.0556657 0.440527 0.0127825 0.895921
1311867727.345390 -0.0926121 0.00846932 -0.0509664 0.0545156 0.440054 0.0133129 0.896216
1311867727.377465 -0.0906758 0.00829677 -0.0500555 0.0540651 0.439108 0.0136683 0.896702
1311867727.409567 -0.0890777 0.00709874 -0.0502884 0.053743 0.437625 0.0134496 0.897449
1311867727.445511 -0.0916161  0.0101482 -0.0493711 0.05355 0.437154 0.0125744 0.897703
1311867727.477402 -0.0881705 0.00970984 -0.0511238 0.0535636 0.435836 0.0120421 0.89835
1311867727.509380 -0.0827586 0.00386778 -0.0533732 0.0532926 0.434109 0.01209 0.899201
1311867727.545540 -0.0801962 0.00193119 -0.0561316 0.0525117 0.432085 0.0120522 0.900222
1311867727.577361  -0.0771202 0.000854936  -0.0557501 0.0517365 0.43033 0.01285 0.901096
1311867727.609477  -0.0776123 0.000572926  -0.0558121 0.0514934 0.428415 0.013837 0.902008
1311867727.645329   -0.0764736 -0.000481121   -0.0559701 0.0507734 0.425937 0.0147275 0.903207
1311867727.677321   -0.0747578 -0.000551383   -0.0563252 0.050729 0.423209 0.0155427 0.904477
1311867727.709490  -0.0716164 -0.00195218  -0.0570566 0.0506466 0.420732 0.0166284 0.905617
1311867727.745564  -0.0717208 0.000721782  -0.0574369 0.0504411 0.419452 0.0168313 0.906219
1311867727.777375 -0.0724705 0.00232189 -0.0568572 0.0504912 0.419124 0.0176113 0.906353
1311867727.809610 -0.0694298  0.0013627 -0.0572937 0.0508946 0.417919 0.0176883 0.906885
1311867727.845413 -0.0699748 0.00111958 -0.0571905 0.0510887 0.417148 0.0177279 0.907228
1311867727.877385    -0.0702 0.00186322 -0.0579149 0.050814 0.416146 0.0171241 0.907716
1311867727.909382  -0.0683632 -0.00146827  -0.0577826 0.0509275 0.414895 0.0181787 0.908261
1311867727.945379   -0.0662464 -0.000207557   -0.0592989 0.0509676 0.41316 0.0174847 0.909063
1311867727.977349  -0.0654937 0.000870194  -0.0594632 0.0507015 0.412599 0.016539 0.90935
1311867728.009620 -0.0652372 0.00226741 -0.0592746 0.0505138 0.411713 0.0160558 0.909771
1311867728.045568  -0.0635512 0.000134031  -0.0589321 0.0499873 0.410188 0.0165194 0.91048
1311867728.077584  -0.0624597 -0.00135925  -0.0580424 0.0496445 0.408823 0.0166896 0.911109
1311867728.109390  -0.0605646 -0.00338065  -0.0576416 0.0490884 0.407372 0.016831 0.911787
1311867728.145362  -0.0620193 -0.00142064  -0.0572663 0.0493501 0.406384 0.0163093 0.912223
1311867728.177341  -0.0638247 0.000822035  -0.0556126 0.0495386 0.405844 0.0156279 0.912465
1311867728.209517 -0.0656883 0.00235217 -0.0551991 0.0494903 0.405517 0.0148924 0.912625
1311867728.245382 -0.0665881 0.00286442 -0.0553736 0.0494209 0.405143 0.0144128 0.912803
1311867728.277380  -0.0613907 -0.00246049  -0.0547918 0.0482781 0.404093 0.0159938 0.913303
1311867728.309498  -0.0610312 -0.00152827  -0.0537727 0.0481534 0.403439 0.0153336 0.91361
1311867728.345508   -0.0636765 -1.48184e-05   -0.0540958 0.0480018 0.403358 0.0147479 0.913663
1311867728.377349 -0.0640866 0.00117672 -0.0533483 0.0479573 0.403223 0.0142916 0.913732
1311867728.409591  -0.0598614 -0.00102858  -0.0536731 0.0474419 0.402493 0.0144791 0.914078
1311867728.445609   -0.058742 -0.00385204  -0.0516919 0.0470023 0.402406 0.015473 0.914123
1311867728.477457  -0.0570601 -0.00596501  -0.0506073 0.0472054 0.401411 0.0166873 0.914528
1311867728.509571  -0.0542895 -0.00648141  -0.0503987 0.0472082 0.400252 0.016954 0.915031
1311867728.545505 -0.0550214 -0.0069935  -0.050352 0.0473911 0.39961 0.017612 0.91529
1311867728.577453  -0.052783 -0.0088396 -0.0531938 0.0472705 0.397728 0.0178377 0.916111
1311867728.609535  -0.0544721 -0.00673849  -0.0536958 0.0474285 0.397018 0.0174898 0.916418
1311867728.645472  -0.0556318 -0.00644124  -0.0537709 0.0476246 0.396748 0.0177596 0.916519
1311867728.677614  -0.0548329 -0.00580788  -0.0550741 0.0477785 0.395749 0.0177049 0.916944
1311867728.709460  -0.0540704 -0.00720124  -0.0528139 0.0475198 0.395514 0.0182508 0.917048
1311867728.745414  -0.050505 -0.0105943 -0.0527679 0.0468497 0.394527 0.0187514 0.917498
1311867728.777504  -0.0520832 -0.00787866  -0.0531571 0.0471636 0.39439 0.0181414 0.917553
1311867728.809555   -0.050967 -0.00821137  -0.0542186 0.0465557 0.393684 0.0185448 0.917879
1311867728.845469  -0.0506657 -0.00954101  -0.0546528 0.0461279 0.393021 0.0188926 0.918177
1311867728.877447 -0.0476766 -0.0126851 -0.0534768 0.0452531 0.392409 0.019548 0.918469
1311867728.909533 -0.0451413 -0.0133758 -0.0529176 0.0449947 0.391678 0.019866 0.918787
1311867728.945643 -0.0428695 -0.0146808 -0.0524223 0.0447076 0.390063 0.0201966 0.91948
1311867728.977478 -0.0427512  -0.015797 -0.0515461 0.0436855 0.388488 0.0203542 0.920193
1311867729.009401 -0.0430736  -0.011953 -0.0515279 0.0434093 0.387224 0.0192387 0.920762
1311867729.045449 -0.0438947 -0.0118092 -0.0513955 0.0434608 0.386231 0.0189355 0.921183
1311867729.077452 -0.0443577 -0.0112882 -0.0514556 0.0432796 0.385285 0.0181465 0.921603
1311867729.109637 -0.0460094 -0.0117135 -0.0514842 0.043568 0.38485 0.0180399 0.921774
1311867729.145552 -0.0463427 -0.0117698 -0.0512028 0.0447129 0.383931 0.0179409 0.922104
1311867729.177587  -0.0488056 -0.00926197  -0.0521103 0.045868 0.382831 0.0170958 0.922521
1311867729.209738 -0.0495356  -0.010108 -0.0528114 0.046403 0.381173 0.0175044 0.923172
1311867729.245465  -0.0508789 -0.00902178  -0.0532271 0.0463495 0.379526 0.016864 0.923866
1311867729.277659   -0.051322 -0.00955115  -0.0535359 0.0449003 0.377882 0.0164059 0.924619
1311867729.309497 -0.0492882 -0.0109971 -0.0532777 0.043778 0.37564 0.0161329 0.92559
1311867729.345687   -0.050344 -0.00860833  -0.0539593 0.042542 0.373525 0.0144157 0.926532
1311867729.377470  -0.0503784 -0.00968854  -0.0527981 0.0412128 0.372105 0.0142897 0.927165
1311867729.409710 -0.0476668 -0.0122092 -0.0514002 0.0406819 0.370565 0.0144444 0.927803
1311867729.445579 -0.0502756  -0.010715 -0.0511285 0.0405507 0.369223 0.0135835 0.928356
1311867729.477830 -0.0526595 -0.0113492 -0.0486585 0.03972 0.368533 0.0136339 0.928666
1311867729.509729  -0.0541158 -0.00882929  -0.0460479 0.0398355 0.368086 0.0129362 0.928848
1311867729.545624  -0.0546527 -0.00832112  -0.0459724 0.0398491 0.366778 0.0128176 0.929366
1311867729.577878  -0.0532024 -0.00952522  -0.0444371 0.0387144 0.36551 0.0131363 0.929909
1311867729.609512  -0.0522295 -0.00990853   -0.042864 0.0385522 0.36406 0.0133204 0.930482
1311867729.645473  -0.0532589 -0.00935254   -0.044102 0.0382982 0.362307 0.0127903 0.931184
1311867729.677604  -0.0517467 -0.00995687  -0.0430085 0.0379503 0.360999 0.012579 0.931709
1311867729.709526 -0.0511152 -0.0132137 -0.0418374 0.0374598 0.359579 0.0135919 0.932263
1311867729.745710 -0.0501444 -0.0170612 -0.0400522 0.0368228 0.357558 0.0144348 0.933053
1311867729.777533 -0.0499818 -0.0188919 -0.0374537 0.0360456 0.35525 0.0149317 0.933957
1311867729.809609 -0.0509234 -0.0157438 -0.0379695 0.0360671 0.352796 0.0144725 0.934893
1311867729.845532 -0.0490649 -0.0194671 -0.0367866 0.0359503 0.350389 0.0150351 0.935793
1311867729.877630 -0.0509994 -0.0154015 -0.0352947 0.0363999 0.348793 0.0133705 0.936397
1311867729.909753 -0.0518733 -0.0176071 -0.0356504 0.0359314 0.346807 0.0145515 0.937135
1311867729.945458  -0.051295  -0.017264 -0.0347566 0.0367319 0.345068 0.0141318 0.937752
1311867729.977555 -0.0519625 -0.0164912 -0.0350229 0.0370019 0.343222 0.0131782 0.938433
1311867730.009850 -0.0503456 -0.0183413 -0.0345229 0.0360162 0.3413 0.0136216 0.939165
1311867730.045542 -0.0501961  -0.018853 -0.0336632 0.0360185 0.339578 0.0140552 0.939783
1311867730.077813 -0.0479349 -0.0191959 -0.0326498 0.0360818 0.337563 0.0134285 0.940515
1311867730.109824  -0.048502 -0.0177688 -0.0345964 0.0363885 0.335644 0.0126979 0.9412
1311867730.145430 -0.0474959 -0.0173372 -0.0353185 0.0365873 0.333993 0.0124094 0.941783
1311867730.177540  -0.046517 -0.0224924 -0.0334578 0.0364478 0.332247 0.0136475 0.942389
1311867730.209490 -0.0456496 -0.0222929 -0.0316845 0.0366458 0.330036 0.0131781 0.943165
1311867730.245640  -0.046305  -0.020455 -0.0312841 0.0374696 0.327653 0.0122916 0.943975
1311867730.277721 -0.0451872 -0.0178272 -0.0308047 0.0385997 0.325328 0.010999 0.944749
1311867730.309635 -0.0476127 -0.0169058 -0.0319666 0.0392315 0.323198 0.00967271 0.945468
1311867730.345503 -0.0476682 -0.0160822 -0.0309731 0.03973 0.321637 0.0088004 0.945988
1311867730.409637 -0.0491576 -0.0162029 -0.0300154 0.0409726 0.317466 0.00763495 0.947353
1311867730.445561 -0.0505171 -0.0148558 -0.0303174 0.0421776 0.31647 0.0057552 0.947647
1311867730.509694 -0.0487773 -0.0176341 -0.0276562 0.0424681 0.313906 0.00462502 0.948492
1311867730.545729  -0.048668 -0.0184265 -0.0270724 0.0424107 0.312568 0.00397814 0.94894
1311867730.577600 -0.0487437 -0.0171446 -0.0272869 0.042641 0.312294 0.00358093 0.949021
1311867730.609494 -0.0473861 -0.0211608 -0.0270303 0.0420277 0.311008 0.00475484 0.949466
1311867730.645694 -0.0461539 -0.0225382  -0.025008 0.0416603 0.308819 0.00497315 0.950195
1311867730.677622 -0.0457426 -0.0221892 -0.0251809 0.0414835 0.306593 0.00465602 0.950925
1311867730.709777 -0.0458686 -0.0231488 -0.0223705 0.0410966 0.304981 0.00428705 0.951461
1311867730.745667 -0.0460652 -0.0209362 -0.0233143 0.0414352 0.302996 0.00361319 0.952084
1311867730.777647 -0.0442856 -0.0228601 -0.0214666 0.0417976 0.301415 0.00309059 0.952571
1311867730.809764  -0.047049 -0.0202228 -0.0213527 0.0421098 0.301435 0.00152125 0.952555
1311867730.845767 -0.0466729 -0.0206796 -0.0204958 0.0419224 0.301831 0.0010571 0.952439
1311867730.877491  -0.044226 -0.0254011 -0.0208098 0.0412426 0.300548 0.00119821 0.952874
1311867730.909786 -0.0441215 -0.0258311 -0.0213852 0.0411747 0.298858 0.00042555 0.953409
1311867730.945536 -0.0441684 -0.0265295 -0.0200109 0.0418552 0.297746 -0.000841738 0.953727
1311867730.977554  -0.045027 -0.0277614 -0.0195749 0.04222 0.296694 -0.00221735 0.954036
1311867731.009601 -0.0451766 -0.0277291 -0.0196418 0.0418283 0.29503 -0.0030042 0.954567
1311867731.045620 -0.0446107 -0.0284581 -0.0186104 0.0417792 0.293005 -0.00340568 0.955192
1311867731.077521 -0.0455472 -0.0278165  -0.017049 0.0420528 0.29158 -0.00404588 0.955613
1311867731.109610 -0.0458167 -0.0269946  -0.017182 0.0413813 0.290891 -0.00419749 0.955852
1311867731.145679 -0.0466012  -0.027511 -0.0166912 0.0418848 0.290852 -0.00367556 0.955844
1311867731.177740 -0.0472685 -0.0278767 -0.0180428 0.0419707 0.289318 -0.00414254 0.956304
1311867731.209652 -0.0476591 -0.0275019 -0.0176301 0.0420647 0.287892 -0.00481493 0.956726
1311867731.245598 -0.0467804 -0.0291212 -0.0162063 0.0418054 0.286268 -0.00494898 0.957224
1311867731.277549 -0.0468111 -0.0292409 -0.0164842 0.0415639 0.283647 -0.005175 0.958014
1311867731.309744 -0.0462593 -0.0305841 -0.0164645 0.0403319 0.280597 -0.00514729 0.958964
1311867731.345800  -0.047042 -0.0297112 -0.0154272 0.0396322 0.27816 -0.0050789 0.959703
1311867731.377733 -0.0438361 -0.0302683  -0.014883 0.0383169 0.274485 -0.00511444 0.960814
1311867731.409693 -0.0447606 -0.0285971    -0.0162 0.0371995 0.271814 -0.00553977 0.961615
1311867731.445554  -0.041761  -0.030304 -0.0171896 0.0351718 0.269182 -0.00508097 0.962433
1311867731.477653 -0.0407329 -0.0334872  -0.015171 0.0334129 0.266752 -0.00383391 0.963178
1311867731.509672 -0.0404789 -0.0333638 -0.0136557 0.0325064 0.263722 -0.00395902 0.964043
1311867731.545709 -0.0412766 -0.0333189 -0.0127674 0.0317185 0.260859 -0.00440175 0.964846
1311867731.609702 -0.0425198  -0.030405 -0.0120079 0.0321828 0.25716 -0.0062513 0.965812
1311867731.645603 -0.0424213 -0.0300469 -0.0148477 0.0320722 0.25565 -0.00708713 0.966211
1311867731.677662 -0.0422323  -0.032288 -0.0141556 0.0320164 0.254564 -0.00720659 0.966499
1311867731.709970 -0.0425825 -0.0334965 -0.0115819 0.0317782 0.253104 -0.00744121 0.966888
1311867731.745780 -0.0425147 -0.0333968 -0.0112506 0.0312075 0.251548 -0.00817823 0.967307
1311867731.777724 -0.0431604 -0.0335351 -0.0112955 0.0310148 0.250324 -0.00833923 0.967629
1311867731.809986  -0.0428473  -0.0350302 -0.00989327 0.0299757 0.248863 -0.00817812 0.96804
1311867731.845746  -0.0418018  -0.0362488 -0.00820943 0.0281841 0.247411 -0.00755884 0.968471
1311867731.877557  -0.0410569  -0.0352959 -0.00793035 0.0272548 0.245607 -0.0074342 0.968958
1311867731.909732 -0.0400092 -0.0351736 -0.0086236 0.0257649 0.243733 -0.00715134 0.969474
1311867731.945666  -0.0383232  -0.0378396 -0.00696808 0.0236312 0.24169 -0.00606731 0.970047
1311867731.977735  -0.0407768  -0.0355798 -0.00720813 0.0231535 0.239865 -0.00541452 0.970515
1311867732.009589  -0.0403892  -0.0384625 -0.00455923 0.0218289 0.237634 -0.00468957 0.971098
1311867732.045848  -0.0402261  -0.0364048 -0.00265414 0.0201509 0.23552 -0.00457343 0.97165
1311867732.077691 -0.0385002  -0.034116 -0.0042655 0.0194092 0.232576 -0.0046932 0.972373
1311867732.109816  -0.039027 -0.0331433 -0.0030015 0.0181641 0.231271 -0.00474134 0.972708
1311867732.145566   -0.0375045   -0.0340391 -0.000912906 0.0158501 0.22972 -0.00385703 0.97312
1311867732.177799   -0.0368338   -0.0345868 -0.000190647 0.0147541 0.228113 -0.00317452 0.973518
1311867732.209650 -0.0378127 -0.0353177  0.0010905 0.0133528 0.226902 -0.00271253 0.973822
1311867732.245805 -0.0376582 -0.0358886 0.00256674 0.0120637 0.225604 -0.0026106 0.974141
1311867732.277897 -0.0379143 -0.0338741 0.00250365 0.0128729 0.224555 -0.00332292 0.974371
1311867732.309756 -0.0386655 -0.0346162  0.0017705 0.0118186 0.22317 -0.00312585 0.974703
1311867732.345679 -0.0394242  -0.035083  0.0035111 0.0105844 0.221852 -0.00250945 0.97502
1311867732.377740 -0.0394785 -0.0351495 0.00518229 0.0105232 0.21979 -0.00231421 0.975488
1311867732.409624  -0.038953 -0.0339136 0.00309042 0.00960906 0.217319 -0.00239573 0.97605
1311867732.445694 -0.0409295 -0.0373079    0.00283 0.00773485 0.215747 -0.0012781 0.976418
1311867732.477780 -0.0388687 -0.0395293 0.00468915 0.00645433 0.213694 -0.000676445 0.976879
1311867732.509773 -0.0376113 -0.0407202 0.00678734 0.00512325 0.211065 -0.000311064 0.977459
1311867732.578278 -0.0345565 -0.0411735 0.00521718 0.00433049 0.205066 -0.000963148 0.978738
1311867732.609847 -0.0351601 -0.0396615 0.00301314 0.00466831 0.20383 -0.00162262 0.978994
1311867732.645713 -0.0361837 -0.0411937 0.00520781 0.00399927 0.202333 -0.000684379 0.979308
1311867732.677709 -0.0370134 -0.0412627 0.00897207 0.00441369 0.200142 -0.000696245 0.979757
1311867732.709743  -0.035852 -0.0403763 0.00869514 0.0053136 0.197252 -0.0016992 0.980337
1311867732.745620 -0.0366408 -0.0384484  0.0073999 0.00531754 0.195967 -0.00246152 0.980593
1311867732.777767 -0.0351528 -0.0388975 0.00913858 0.00590483 0.193994 -0.00219531 0.980983
1311867732.809974  -0.034643 -0.0406022  0.0109441 0.00570395 0.191633 -0.00233534 0.981447
1311867732.845872 -0.0361674 -0.0389582  0.0106036 0.00639582 0.190621 -0.00294031 0.981638
1311867732.877784 -0.0361783 -0.0377997  0.0105626 0.00715054 0.18893 -0.00321251 0.981959
1311867732.909743 -0.0370044 -0.0363007 0.00962661 0.00864607 0.18655 -0.00410376 0.982399
1311867732.945738 -0.0344927 -0.0330866 0.00665298 0.00996371 0.183297 -0.0052896 0.982993
1311867733.009792 -0.0332736 -0.0373439 0.00812836 0.0091936 0.179401 -0.00506835 0.98372
1311867733.045816 -0.0346799 -0.0333757 0.00430553 0.0102123 0.177563 -0.00624639 0.984037
1311867733.109780 -0.0346116  -0.035943 0.00687966 0.00820413 0.173653 -0.00532021 0.984758
1311867733.145819 -0.0324728 -0.0348979 0.00203321 0.00820866 0.170236 -0.00535926 0.985355
1311867733.177769 -0.0323116 -0.0340097 0.00215037 0.0069064 0.168591 -0.00532393 0.985647
1311867733.209741 -0.0321647 -0.0347268 0.00325381 0.00668526 0.166828 -0.0056291 0.985947
1311867733.245837  -0.0310445  -0.0329297 0.000873431 0.0075525 0.164007 -0.00668771 0.986408
1311867733.277739 -0.0322771 -0.0334008 0.00199257 0.00651899 0.162401 -0.00737121 0.986676
1311867733.345700 -0.0341281 -0.0356591 0.00430518 0.0039202 0.15775 -0.00751718 0.987443
1311867733.377911  -0.032408 -0.0377424 0.00159285 0.000676284 0.154574 -0.00731206 0.987954
1311867733.409838 -0.0314461 -0.0391077 0.00186631 -0.000875081 0.152239 -0.00693704 0.988319
1311867733.445703 -0.0306282 -0.0395402 0.00175008 -0.00121215 0.149378 -0.00671769 0.988757
1311867733.509852  -0.0286567  -0.0383673 -0.00021384 -0.00164242 0.145022 -0.00697619 0.989402
1311867733.545799 -0.0284222 -0.0370087 0.00113385 -0.000497305 0.142639 -0.00774892 0.989744
1311867733.577740 -0.0303864 -0.0373942 0.00066042 -0.00149499 0.14133 -0.00782692 0.98993
1311867733.613876   -0.0300934   -0.0351248 -0.000980906 -0.00161942 0.139735 -0.00817577 0.990154
1311867733.645698 -0.0319794 -0.0358953 0.00157186 -0.00202746 0.138281 -0.00815735 0.990357
1311867733.677886 -0.0323132 -0.0381437 0.00322872 -0.00302783 0.13596 -0.0076144 0.99068
1311867733.713740 -0.0353977 -0.0411572 0.00597734 -0.00474707 0.134198 -0.0068711 0.990919
1311867733.745820 -0.0342632 -0.0413665 0.00625024 -0.00583481 0.131229 -0.00724066 0.991308
1311867733.777867 -0.0340365 -0.0424983 0.00830082 -0.00658015 0.129076 -0.00730656 0.991586
1311867733.813850 -0.0353394 -0.0422958 0.00916429 -0.00790096 0.126501 -0.00754917 0.991906
1311867733.845764 -0.0360874 -0.0430083 0.00878193 -0.0100699 0.123628 -0.00782698 0.992247
1311867733.877818 -0.0365159 -0.0410208 0.00737558 -0.0104766 0.120175 -0.00826397 0.992663
1311867733.913970 -0.0383101  -0.038807 0.00867086 -0.0111585 0.116974 -0.00940194 0.993028
1311867733.945759 -0.0340934 -0.0391232 0.00566749 -0.0130054 0.112561 -0.0100017 0.993509
1311867733.977771 -0.0358317 -0.0384849 0.00586428 -0.0134677 0.111447 -0.0111386 0.993617
1311867734.013927 -0.0375362 -0.0386791 0.00819361 -0.0143064 0.110734 -0.011504 0.993681
1311867734.045887 -0.0401172 -0.0415611  0.0113671 -0.0162112 0.109145 -0.0108018 0.993835
1311867734.077930 -0.0401423 -0.0436948  0.0139015 -0.0166876 0.105758 -0.0106566 0.994195
1311867734.113782 -0.0356361 -0.0388105  0.0109694 -0.0157031 0.101375 -0.0103666 0.99467
1311867734.177878 -0.0393017 -0.0424411  0.0160435 -0.0176585 0.0972973 -0.00997489 0.995049
1311867734.213922 -0.0354514 -0.0389829  0.0122108 -0.0164826 0.0926072 -0.0103851 0.995512
1311867734.245823 -0.0361566 -0.0379974  0.0121914 -0.0171805 0.0902518 -0.010392 0.995717
1311867734.277978  -0.039202 -0.0381925  0.0115669 -0.0170182 0.0891876 -0.0107412 0.995812
1311867734.313780 -0.0390829 -0.0382144  0.0122782 -0.0162503 0.086838 -0.0106084 0.996033
1311867734.345710 -0.0380075  -0.039025  0.0132455 -0.0167308 0.083935 -0.0106749 0.996274
1311867734.377893 -0.0359206 -0.0403794  0.0128671 -0.0163357 0.080926 -0.0101551 0.996534
1311867734.413964 -0.0349496 -0.0376978  0.0104652 -0.0142631 0.0786706 -0.0103071 0.996745
1311867734.445803 -0.0359154 -0.0361312 0.00984437 -0.0135471 0.0775227 -0.0101467 0.996847
1311867734.477808 -0.0364308 -0.0381453  0.0117545 -0.0137365 0.0761874 -0.00952002 0.996953
1311867734.514023 -0.0326186 -0.0366192  0.0106433 -0.0120287 0.0724915 -0.00944346 0.997252
1311867734.545765 -0.0342473 -0.0342451 0.00934601 -0.0110117 0.0712878 -0.00967564 0.997348
1311867734.578069 -0.0346552 -0.0344745 0.00914146 -0.010479 0.0704805 -0.00950544 0.997413
1311867734.613937 -0.0306464 -0.0351325 0.00823828 -0.00941251 0.0680356 -0.00948556 0.997593
1311867734.645901 -0.0278161 -0.0322859  0.0064742 -0.00788484 0.0662884 -0.00979688 0.997721
1311867734.677822 -0.0291477 -0.0323882 0.00740929 -0.00783977 0.0667617 -0.0101903 0.997686
1311867734.745765 -0.0365677 -0.0330501  0.0113083 -0.00760749 0.0660909 -0.00994913 0.997735
1311867734.777819 -0.0383309 -0.0357017  0.0135427 -0.00850433 0.0643962 -0.00998686 0.997838
1311867734.813971 -0.0366209 -0.0323689  0.0110395 -0.00694475 0.0617644 -0.0101609 0.998015
1311867734.877805 -0.0354494 -0.0320761  0.0110685 -0.00501353 0.0576425 -0.00995218 0.998275
1311867734.913882 -0.0376664 -0.0319651  0.0116929 -0.00502111 0.0565562 -0.00994802 0.998337
1311867734.977881 -0.0414607 -0.0347888  0.0145019 -0.00564394 0.0552227 -0.0101866 0.998406
1311867735.013793 -0.0417211 -0.0337738  0.0128996 -0.00582745 0.0541353 -0.0100435 0.998466
1311867735.045936 -0.0399677 -0.0359596   0.013594 -0.00585975 0.0517494 -0.0101799 0.998591
1311867735.077819 -0.0393875  -0.036413  0.0150242 -0.00585973 0.0501361 -0.0100174 0.998675
1311867735.113923 -0.0392431 -0.0355123  0.0146819 -0.00577873 0.0496013 -0.0098569 0.998704
1311867735.145880 -0.0371881 -0.0364676  0.0161491 -0.00545282 0.0480568 -0.00957012 0.998784
1311867735.213763 -0.0368692 -0.0371783   0.016446 -0.00642855 0.0450401 -0.00865047 0.998927
1311867735.277932  -0.034114 -0.0383867  0.0177141 -0.0051511 0.0415562 -0.00842133 0.999087
1311867735.314090 -0.0309357 -0.0373403  0.0151778 -0.00446971 0.0393246 -0.00835683 0.999182
1311867735.346154 -0.0313058 -0.0411125  0.0186437 -0.00446224 0.0376168 -0.0074398 0.999255
1311867735.378012 -0.0365676 -0.0419275  0.0179472 -0.00440168 0.0359648 -0.00675881 0.999321
1311867735.413944 -0.0358346 -0.0427082  0.0194757 -0.00394014 0.0327932 -0.00659154 0.999433
1311867735.446377 -0.0323559 -0.0404639  0.0185657 -0.00222601 0.0304083 -0.00658517 0.999513
1311867735.477897 -0.0277029 -0.0380428  0.0162545 -0.000645831 0.0281699 -0.00671347 0.99958
1311867735.513715 -0.0279194 -0.0372953  0.0145185 0.000454125 0.0274197 -0.00684982 0.9996
1311867735.577818 -0.0279019   -0.03691  0.0141872 0.00153927 0.0254813 -0.00684813 0.999651
1311867735.613924 -0.0232413 -0.0359074  0.0125572 0.00223004 0.0223581 -0.00656043 0.999726
1311867735.645920 -0.0281358 -0.0377103  0.0136875 0.00125183 0.0216861 -0.00647262 0.999743
1311867735.677863 -0.0314958 -0.0384123   0.013505 -0.000742303 0.0211528 -0.00669209 0.999754
1311867735.713773 -0.0228859 -0.0366725  0.0141351 -0.00180888 0.0162775 -0.00664977 0.999844
1311867735.777907 -0.0170208 -0.0376092  0.0127905 -0.00271585 0.0121831 -0.00693563 0.999898
1311867735.813952 -0.0156299   -0.03724  0.0132093 -0.00289419 0.0111691 -0.00738711 0.999906
1311867735.877952 -0.0112324 -0.0397182  0.0119104 -0.00231028 0.00610877 -0.00808587 0.999946
1311867735.913931 -0.00808388  -0.0402626   0.0119368 -0.00150493 0.00379532 -0.00888649 0.999952
1311867735.946147 -0.00620145  -0.0402003    0.011087 -0.000321204 0.00213457 -0.00868259 0.99996
1311867735.977847 -0.00795158  -0.0408875   0.0110293 0.000336735 0.00105234 -0.00897732 0.999959
1311867736.013884  -0.011534 -0.0388895 0.00979273 0.00208341 0.000424873 -0.00969775 0.999951
1311867736.077885 -0.00960972  -0.0389188   0.0104629 0.00310134 -0.0053731 -0.0100791 0.99993
1311867736.113970 -0.0106562 -0.0392283  0.0115082 0.00360031 -0.00762817 -0.0102313 0.999912
1311867736.145811 -0.0118448 -0.0391054   0.010638 0.00392469 -0.010635 -0.0102651 0.999883
1311867736.177992 -0.0109575 -0.0390349  0.0110955 0.00428924 -0.0125631 -0.0100391 0.999861
1311867736.213861 -0.00786193  -0.0342332   0.0108426 0.006696 -0.0146136 -0.00972872 0.999823
1311867736.278093 -0.0116933 -0.0332199  0.0108871 0.00814806 -0.0165823 -0.00904737 0.999788
1311867736.313868 -0.0113816 -0.0358634  0.0116396 0.0072617 -0.0186864 -0.00892536 0.999759
1311867736.345829 -0.00956104  -0.0357269   0.0121742 0.00794498 -0.0213976 -0.00874014 0.999701
1311867736.377921 -0.0119873  -0.035363   0.012156 0.00740343 -0.0227619 -0.008625 0.999676
1311867736.413898 -0.00715642   -0.036218   0.0112297 0.00624339 -0.0262604 -0.00865437 0.999598
1311867736.445818 -0.00340635  -0.0338908   0.0112915 0.0077521 -0.0293842 -0.00816307 0.999505
1311867736.478038 -0.00426905  -0.0315306  0.00923237 0.00773591 -0.0312081 -0.00772791 0.999453
1311867736.513855 -0.00305873  -0.0313748   0.0101122 0.00723561 -0.0336721 -0.00780741 0.999376
1311867736.545942 -0.00263068  -0.0303195   0.0149418 0.00886069 -0.0354648 -0.00780453 0.999301
1311867736.577921 -0.000413061   -0.0273341    0.0113998 0.00922497 -0.0372879 -0.00787087 0.999231
1311867736.614041 -0.000990613    -0.028272   0.00981767 0.00769634 -0.0379752 -0.00792974 0.999218
1311867736.645945 0.00733642 -0.0260684  0.0114242 0.00879424 -0.0423703 -0.00743745 0.999036
1311867736.677917 0.00318399 -0.0225933 0.00769927 0.0083994 -0.0427614 -0.00710509 0.999025
1311867736.714011 -0.00248996  -0.0232386  0.00798533 0.00565962 -0.0428 -0.00722837 0.999041
1311867736.745845 0.00340811 -0.0248252  0.0124043 0.00435595 -0.047128 -0.00728135 0.998853
1311867736.778041 0.00682332  -0.023701  0.0109274 0.00367736 -0.0511585 -0.00761068 0.998655
1311867736.813988 0.00665277 -0.0252035  0.0118942 0.00222912 -0.0539942 -0.00833023 0.998504
1311867736.845893  0.0127919 -0.0273625  0.0146526 0.00227477 -0.05865 -0.00873877 0.998238
1311867736.877969  0.0102791 -0.0264886  0.0154214 0.00390613 -0.0604139 -0.00857793 0.998129
1311867736.914026  0.0104394 -0.0286273  0.0124312 0.002701 -0.0629937 -0.00840546 0.997975
1311867736.945957  0.0104968 -0.0320427  0.0135732 0.00316596 -0.0660438 -0.00889395 0.997772
1311867736.977952  0.0063524 -0.0314743  0.0147582 0.00550541 -0.0674081 -0.00842066 0.997675
1311867737.014033 0.00058302   -0.03361 0.00948198 0.00427001 -0.0666618 -0.00865687 0.997729
1311867737.045908 0.00635875 -0.0346023   0.010501 0.00436645 -0.0697951 -0.00897733 0.997511
1311867737.078108  0.0108041 -0.0333443  0.0127266 0.0061127 -0.0727995 -0.00870508 0.99729
1311867737.113940  0.0109715 -0.0344754   0.008217 0.0052438 -0.0733046 -0.00846623 0.99726
1311867737.146046  0.0139101 -0.0348717 0.00959597 0.00553729 -0.0753348 -0.00835485 0.997108
1311867737.177948  0.0116789 -0.0345075 0.00906251 0.00660006 -0.0758616 -0.00824146 0.997062
1311867737.213967 0.00940419 -0.0343186 0.00861643 0.0071225 -0.0762921 -0.00821613 0.997026
1311867737.246123 0.00994908 -0.0346379 0.00888823 0.00737233 -0.0779733 -0.00822744 0.996894
1311867737.278372  0.0102555 -0.0349675   0.010627 0.00879992 -0.0794604 -0.0081209 0.996766
1311867737.313876 0.00917428 -0.0348077  0.0114774 0.0103618 -0.0805656 -0.00811002 0.996662
1311867737.345968 0.00876083 -0.0354515 0.00951016 0.0111163 -0.0813436 -0.00789007 0.996593
1311867737.378049  0.0093307 -0.0358357  0.0105275 0.0124576 -0.0831226 -0.00751761 0.996433
1311867737.414197 0.00888807 -0.0358106 0.00991394 0.0139304 -0.0849197 -0.00735404 0.996263
1311867737.446224  0.0088405 -0.0358008 0.00969233 0.0152887 -0.0864855 -0.00708487 0.996111
1311867737.478065 0.00996972  -0.035968 0.00991247 0.016724 -0.0883383 -0.00714886 0.995924
1311867737.514192  0.0102691  -0.034962 0.00847253 0.0180088 -0.0895843 -0.00714166 0.995791
1311867737.546463 0.00971774 -0.0353314  0.0100477 0.01903 -0.0906262 -0.00705101 0.995678
1311867737.578080 0.00713416 -0.0345308 0.00907342 0.0203134 -0.0913649 -0.00672622 0.995588
1311867737.614253  0.0038419 -0.0349229 0.00854294 0.0213906 -0.0924127 -0.00659851 0.995469
1311867737.646024 0.00369953 -0.0350105 0.00755978 0.0221779 -0.0941512 -0.00622742 0.995291
1311867737.678009 0.00817363 -0.0320571 0.00651791 0.0231077 -0.0968757 -0.00614815 0.995009
1311867737.713975  0.0110583 -0.0303341 0.00538436 0.0234853 -0.0982576 -0.00612357 0.994865
1311867737.746041  0.0147522 -0.0281311 0.00621461 0.0244874 -0.100557 -0.00560792 0.994614
1311867737.778216   0.012768 -0.0264966 0.00806904 0.0257743 -0.101093 -0.00572177 0.994527
1311867737.814047  0.0135511 -0.0252296 0.00781917 0.0268232 -0.102082 -0.00548478 0.994399
1311867737.846024  0.0131763 -0.0269801 0.00797158 0.0270056 -0.103165 -0.00489028 0.994286
1311867737.877992  0.0110053 -0.0274831  0.0103505 0.0286267 -0.104421 -0.00488659 0.994109
1311867737.914040  0.0135456 -0.0264252  0.0111718 0.0294227 -0.106586 -0.00458115 0.993858
1311867737.945994   0.013356 -0.0254567 0.00832755 0.0299518 -0.10787 -0.00357503 0.993707
1311867737.978199  0.0113356 -0.0288429  0.0091391 0.0296721 -0.109236 -0.00347187 0.993567
1311867738.014108  0.0135682 -0.0275207 0.00877698 0.0303024 -0.111418 -0.00308092 0.993307
1311867738.046018  0.0166575 -0.0264619  0.0120441 0.0324061 -0.113357 -0.00291014 0.993021
1311867738.078104 0.0166862 -0.033551 0.0133647 0.0324418 -0.114906 -0.00326748 0.992841
1311867738.114017  0.0183504 -0.0304567 0.00933526 0.0340296 -0.116795 -0.00232006 0.99257
1311867738.146005  0.0196332 -0.0278085 0.00686357 0.0349287 -0.118603 -0.00192783 0.992325
1311867738.177991  0.0205569 -0.0282258 0.00736286 0.0349751 -0.12029 -0.00197545 0.99212
1311867738.214175  0.0221157 -0.0233404 0.00531603 0.0363497 -0.122152 -0.00103461 0.991845
1311867738.246190  0.0220429 -0.0223541 0.00287626 0.0350767 -0.123511 -0.000896566 0.991723
1311867738.278144  0.0222544 -0.0238957 0.00400095 0.0330001 -0.12508 -0.00134757 0.991597
1311867738.314111    0.02221 -0.0244636 0.00428903 0.0312308 -0.12686 -0.00148934 0.991428
1311867738.346109  0.0209391 -0.0250202 0.00349488 0.0291918 -0.128286 -0.00200696 0.991305
1311867738.378144  0.0201285 -0.0249744 0.00483182 0.0280443 -0.130007 -0.00218306 0.991114
1311867738.414237  0.0217454 -0.0240619 0.00719632 0.0282214 -0.132772 -0.00257514 0.990741
1311867738.446246  0.0236251 -0.0230208 0.00989548 0.0284751 -0.135152 -0.00283693 0.990412
1311867738.478192  0.0217207 -0.0224052 0.00824909 0.027838 -0.135349 -0.00327565 0.990401
1311867738.514016  0.0204484 -0.0226998  0.0104811 0.0288503 -0.136739 -0.00354561 0.990181
1311867738.546231  0.0240336 -0.0232968   0.010614 0.0295151 -0.139395 -0.00340404 0.989791
1311867738.577962  0.0255761 -0.0219365 0.00728498 0.0289018 -0.140932 -0.00354042 0.989591
1311867738.614059  0.0207002 -0.0224849 0.00538233 0.0281625 -0.140725 -0.00467712 0.989637
1311867738.646095  0.0177974 -0.0267473 0.00592276 0.0268543 -0.141623 -0.00577176 0.98954
1311867738.678072  0.0184245 -0.0246994   0.002469 0.0261209 -0.14317 -0.00690345 0.989329
1311867738.714209  0.0163772 -0.0256674 0.00137519 0.0241949 -0.143853 -0.00876124 0.989264
1311867738.746097  0.0126353 -0.0263896  0.0022344 0.0234544 -0.144738 -0.00990892 0.989142
1311867738.778386  0.0111944 -0.0262943 0.00196216 0.0230378 -0.146587 -0.0112613 0.988865
1311867738.814255   0.0117779  -0.0269164 0.000917459 0.0211338 -0.147824 -0.013222 0.988699
1311867738.846296  0.0126346 -0.0249811 0.00211304 0.0213359 -0.148806 -0.0135689 0.988543
1311867738.878191  0.0100391  -0.024892 0.00156485 0.0213093 -0.150085 -0.0143005 0.98834
1311867738.914119  0.0088355 -0.0272556 0.00114669 0.0197875 -0.151966 -0.0154528 0.988067
1311867738.946200  0.0091141 -0.0275512 0.00131731 0.0189728 -0.153834 -0.0167615 0.987772
1311867738.978163 0.00826238 -0.0286982 0.00239589 0.0183884 -0.154987 -0.0176069 0.987588
1311867739.014204    0.0112095   -0.0270061 -8.49582e-05 0.017238 -0.15624 -0.0185046 0.987395
1311867739.046184   0.0153233  -0.0261391 -0.00105292 0.0150559 -0.158238 -0.0208434 0.987066
1311867739.078150  0.0164632 -0.0257906 0.00288216 0.0146364 -0.160574 -0.0233837 0.986638
1311867739.114513  0.0163119 -0.0238524 0.00192083 0.0148337 -0.162159 -0.0242875 0.986354
1311867739.146348    0.0148343   -0.0221817 -0.000730583 0.0141091 -0.163508 -0.0249849 0.986125
1311867739.178469     0.01488  -0.0216255 0.000415809 0.0135415 -0.164889 -0.0255285 0.985889
1311867739.214397     0.016894   -0.0211972 -0.000378686 0.0128706 -0.16651 -0.025426 0.985628
1311867739.246233   0.0172618  -0.0222007 0.000149666 0.0113469 -0.168257 -0.0260733 0.985333
1311867739.278172    0.0210123   -0.0226647 -0.000594717 0.00922428 -0.169997 -0.0272011 0.985026
1311867739.314220   0.0191334  -0.0240444 0.000437899 0.00779153 -0.170307 -0.0285456 0.984947
1311867739.346651    0.0202611   -0.0227538 -4.53382e-05 0.00768481 -0.17081 -0.0287579 0.984854
1311867739.378155  0.0217616  -0.021909 0.00132895 0.00750383 -0.170373 -0.0286701 0.984934
1311867739.414069  0.0188271 -0.0226812 0.00255716 0.00717951 -0.169191 -0.0288387 0.985135
1311867739.446069  0.0175136 -0.0228548 0.00351349 0.00809423 -0.170228 -0.0296415 0.984925
1311867739.478345  0.0186633 -0.0228388 0.00166255 0.00768937 -0.171121 -0.0297504 0.984771
1311867739.514181   0.0167478  -0.0240069 0.000239925 0.00672836 -0.171893 -0.0301881 0.98463
1311867739.546243  0.0148371 -0.0264512 0.00344991 0.00706309 -0.17439 -0.0309399 0.984165
1311867739.578139  0.0183346 -0.0245813 0.00180923 0.00770356 -0.177152 -0.0301379 0.983692
1311867739.614208  0.0187541 -0.0252931 0.00179249 0.0073653 -0.178479 -0.0301218 0.983455
1311867739.646038   0.017711  -0.024836 0.00229428 0.00795917 -0.17943 -0.0299383 0.983283
1311867739.683014    0.0208873   -0.0244848 -0.000463987 0.00751464 -0.180973 -0.0294821 0.983017
1311867739.714200  0.0196533 -0.0248273 0.00150885 0.00797843 -0.183117 -0.028755 0.982638
1311867739.746116  0.0242318 -0.0253752 0.00347787 0.00897811 -0.1868 -0.0287739 0.981935
1311867739.778237    0.0267528   -0.0226725 -0.000736103 0.00919269 -0.188604 -0.0281325 0.981607
1311867739.814068   0.0255816  -0.0242485 -0.00170954 0.00833008 -0.189826 -0.0290929 0.981351
1311867739.846203   0.0234515  -0.0259329 0.000732578 0.00913242 -0.191412 -0.0292863 0.98103
1311867739.878418   0.0269822  -0.0225508 -0.00261058 0.0092296 -0.192903 -0.0280647 0.980773
1311867739.914115   0.0283038  -0.0229925 -0.00603051 0.00711181 -0.193528 -0.0284749 0.980656
1311867739.946216   0.0230406  -0.0246736 -0.00460602 0.00695137 -0.194164 -0.0291132 0.980512
1311867739.978102   0.0234144  -0.0226172 -0.00217864 0.00817952 -0.196635 -0.0280261 0.980042
1311867740.014076  0.0299183 -0.0200461  -0.001598 0.00766378 -0.199187 -0.0270522 0.979558
1311867740.046266  0.0324542 -0.0212366 0.00113226 0.00696262 -0.200544 -0.0263501 0.979305
1311867740.078241  0.0285735 -0.0223292 0.00470552 0.0085863 -0.201758 -0.0261122 0.97905
1311867740.114064  0.0329701   -0.02289 0.00180785 0.00742321 -0.20443 -0.0266863 0.978489
1311867740.146371  0.0334027 -0.0221327 0.00251793 0.00625527 -0.205714 -0.0261754 0.978242
1311867740.178194  0.0297131 -0.0219599 0.00415284 0.00736453 -0.206943 -0.0261295 0.977976
1311867740.214200  0.0317426 -0.0209814 0.00290976 0.00769315 -0.208456 -0.0259187 0.977658
1311867740.246293  0.0344907 -0.0221167 0.00222313 0.00608934 -0.20946 -0.02592 0.977455
1311867740.278212  0.0311237 -0.0240765 0.00443026 0.00641723 -0.209412 -0.0265418 0.977446
1311867740.314320  0.0307362 -0.0223132  0.0050072 0.00734344 -0.20893 -0.0258417 0.977561
1311867740.346390  0.0292931 -0.0224359  0.0049109 0.00713388 -0.208339 -0.0259682 0.977686
1311867740.378110  0.0284477 -0.0228553 0.00467688 0.00762503 -0.208114 -0.0265628 0.977714
1311867740.414083  0.0283086 -0.0223574 0.00490227 0.00776771 -0.209302 -0.0263073 0.977466
1311867740.446127  0.0264313 -0.0241919 0.00699226 0.00770729 -0.210384 -0.0269723 0.977216
1311867740.478245  0.0288147 -0.0243128 0.00624517 0.00784067 -0.211606 -0.0271999 0.976945
1311867740.514205  0.0258391 -0.0237341 0.00675755 0.00870876 -0.212755 -0.0268493 0.976698
1311867740.546310   0.025029 -0.0250319 0.00676485 0.00869363 -0.214854 -0.0269323 0.976236
1311867740.578219  0.0238482 -0.0254651 0.00669961 0.00917406 -0.216591 -0.0267994 0.975852
1311867740.614121  0.0222773 -0.0243517 0.00486903 0.0101758 -0.21781 -0.0266164 0.975575
1311867740.646321  0.0231678 -0.0230566 0.00722453 0.0111213 -0.219232 -0.0259874 0.975263
1311867740.678287  0.0225496 -0.0207592  0.0057686 0.0116325 -0.219383 -0.0251778 0.975245
1311867740.714219  0.0228003 -0.0200275 0.00448753 0.0114618 -0.220778 -0.0260109 0.97491
1311867740.746296  0.0213455 -0.0208493 0.00539061 0.0112237 -0.22229 -0.0268097 0.974547
1311867740.778455  0.0218033 -0.0190975 0.00538204 0.0110219 -0.223409 -0.0259745 0.974316
1311867740.814265  0.0241302 -0.0195778 0.00592078 0.0103723 -0.225597 -0.0262252 0.973813
1311867740.846153  0.0202135 -0.0203607 0.00757399 0.0104875 -0.226773 -0.0263023 0.973536
1311867740.878261  0.0211079 -0.0192406 0.00794932 0.0101699 -0.228423 -0.0260992 0.973159
1311867740.914527  0.0218292 -0.0195941 0.00796004 0.0086725 -0.228667 -0.0259195 0.973121
1311867740.946827  0.0188033 -0.0196557  0.0112248 0.00913148 -0.228812 -0.0251442 0.973103
1311867740.978374  0.0217357 -0.0185398 0.00916948 0.0089624 -0.229804 -0.0245097 0.972887
1311867741.014198  0.0238862 -0.0174799 0.00944347 0.00776194 -0.230869 -0.0243913 0.972648
1311867741.046255  0.0217768 -0.0199906  0.0149577 0.00763094 -0.231655 -0.0250168 0.972446
1311867741.078225 0.0210523  -0.01805 0.0161867 0.00881546 -0.231934 -0.0240847 0.972393
1311867741.114405  0.0261658 -0.0163019  0.0141762 0.00788829 -0.23298 -0.0236614 0.972162
1311867741.146687  0.0247429 -0.0171575   0.015769 0.00718973 -0.233128 -0.024133 0.97212
1311867741.178394  0.0217295 -0.0172471  0.0154567 0.00735886 -0.233357 -0.023951 0.972068
1311867741.214399 0.0229926 -0.015283 0.0140208 0.00691267 -0.235264 -0.0235605 0.971621
1311867741.246529  0.0238795 -0.0151335  0.0155213 0.00565354 -0.237773 -0.0239083 0.97101
1311867741.278459  0.021997   -0.0173 0.0183974 0.00433257 -0.239542 -0.0245046 0.970567
1311867741.314395 0.0216266 -0.015211 0.0176319 0.00439437 -0.240946 -0.0239539 0.970233
1311867741.346411  0.0196081 -0.0184911  0.0210506 0.00386296 -0.242269 -0.0253881 0.969869
1311867741.378315 0.0195527 -0.016984 0.0212673 0.00498858 -0.243328 -0.0247555 0.969615
1311867741.415319  0.0184515 -0.0177659  0.0208896 0.00527491 -0.24408 -0.0247078 0.969426
1311867741.448065  0.0168848 -0.0184469  0.0194804 0.00583923 -0.245161 -0.0248511 0.969146
1311867741.478466  0.0155481 -0.0194043  0.0186048 0.00678782 -0.246888 -0.0251459 0.968694
1311867741.514373  0.0167412 -0.0192826  0.0182861 0.00734451 -0.248571 -0.0247028 0.968271
1311867741.546194  0.0184552 -0.0186408  0.0174342 0.00714912 -0.250086 -0.0239477 0.967901
1311867741.578264  0.0133637 -0.0215013  0.0190063 0.00725858 -0.250627 -0.0242916 0.967752
1311867741.614334  0.0162834 -0.0203467  0.0183333 0.00800499 -0.252605 -0.0234038 0.967253
1311867741.646445  0.0153881 -0.0202679  0.0173378 0.00800012 -0.253306 -0.0231895 0.967075
1311867741.678331  0.0145699 -0.0208608   0.017389 0.00825534 -0.254326 -0.0232919 0.966803
1311867741.714401  0.0139885 -0.0208562  0.0167169 0.00865302 -0.254782 -0.0230409 0.966685
1311867741.746390  0.0137239 -0.0204577  0.0162184 0.00869581 -0.255924 -0.0226405 0.966393
1311867741.778383  0.0117851 -0.0207871  0.0155848 0.0087518 -0.256401 -0.0229042 0.966259
1311867741.814390  0.0106374 -0.0227214  0.0167384 0.00857126 -0.257267 -0.0233114 0.966021
1311867741.848614 0.00719347 -0.0242924  0.0173468 0.00903538 -0.257674 -0.0237951 0.965897
1311867741.878273 0.00841568 -0.0244002  0.0165921 0.00892965 -0.258633 -0.0238396 0.96564
1311867741.914423 0.00683115 -0.0244735  0.0148585 0.00906197 -0.259055 -0.024039 0.965521
1311867741.946874 0.00524387 -0.0245515  0.0143368 0.00959515 -0.260132 -0.0239162 0.965229
1311867741.978430  0.0046737 -0.0252168  0.0138552 0.00976668 -0.261697 -0.0242021 0.964797
1311867742.014256 0.00512489   -0.02518  0.0134558 0.00947749 -0.263291 -0.0241214 0.964368
1311867742.046253 0.00311566 -0.0254533  0.0134432 0.0100332 -0.265005 -0.0247715 0.963877
1311867742.078677 0.00170887 -0.0265381   0.012686 0.0100936 -0.266374 -0.0249222 0.963495
1311867742.114431 0.00106609 -0.0244784  0.0120017 0.010978 -0.267586 -0.0243366 0.963164
1311867742.146290 0.000775511  -0.0251764   0.0126927 0.0108665 -0.269569 -0.0249427 0.962597
1311867742.178290 0.000485097  -0.0252142   0.0121037 0.0110389 -0.271157 -0.0251717 0.962143
1311867742.214351 0.000168048  -0.0249396   0.0100346 0.0115641 -0.272912 -0.0253508 0.961635
1311867742.246390 -8.14066e-05   -0.0243242   0.00930393 0.0120079 -0.274976 -0.0254126 0.96104
1311867742.278539  0.0010617 -0.0239764 0.00793481 0.0113317 -0.276849 -0.0257182 0.960502
1311867742.314326 0.00154079 -0.0235034 0.00798507 0.011189 -0.278105 -0.0261112 0.96013
1311867742.346421 8.19479e-05  -0.0247155  0.00867005 0.0103496 -0.278625 -0.0268686 0.959968
1311867742.378418 0.000758606  -0.0239111  0.00831872 0.00953821 -0.279034 -0.0269566 0.959855
1311867742.414311 0.000948299  -0.0241953  0.00828307 0.00885904 -0.279137 -0.0269466 0.959832
1311867742.446263 0.00155758 -0.0243592 0.00685857 0.00838831 -0.27972 -0.0267513 0.959672
1311867742.478290 -0.000222358   -0.0230563   0.00776753 0.00835645 -0.280603 -0.0263902 0.959425
1311867742.514425 0.00034098 -0.0233531 0.00744442 0.00802903 -0.281166 -0.0264924 0.95926
1311867742.546381 -0.00178381  -0.0242455  0.00717834 0.00862093 -0.280777 -0.0266056 0.959365
1311867742.578302 -0.000603583   -0.0227609    0.0069295 0.00927433 -0.281447 -0.0253819 0.959196
1311867742.614292 0.000170905   -0.023316  0.00546908 0.00921086 -0.282756 -0.0253063 0.958814
1311867742.646252 -0.0024902 -0.0238822  0.0054559 0.00968231 -0.283676 -0.0256516 0.958528
1311867742.682359 0.000354954  -0.0235436  0.00451693 0.00932567 -0.284678 -0.025365 0.958242
1311867742.714393  0.0001212 -0.0231539 0.00415158 0.00906188 -0.285415 -0.0256036 0.958019
1311867742.746344 -0.000272976   -0.0238957   0.00509798 0.00902006 -0.28699 -0.0256303 0.957548
1311867742.782367 6.57815e-05  -0.0238003  0.00408407 0.0089904 -0.288168 -0.0261887 0.957179
1311867742.814266 -0.000375128   -0.0235174   0.00503498 0.00879899 -0.289762 -0.0262752 0.956697
1311867742.846416 0.000425495   -0.023891  0.00466483 0.00861594 -0.290797 -0.0263084 0.956384
1311867742.882365 0.00169343 -0.0238534 0.00464879 0.00854585 -0.291788 -0.0260425 0.95609
1311867742.914294 -0.000417274   -0.0238013   0.00534438 0.00884104 -0.293294 -0.0261335 0.955624
1311867742.946401 -0.0010016 -0.0256525 0.00637233 0.00861116 -0.29451 -0.0265749 0.95524
1311867742.982291 0.000145034  -0.0257091  0.00594344 0.00851678 -0.295157 -0.0265614 0.955041
1311867743.014441 -0.00123028  -0.0248429  0.00753773 0.00917038 -0.295962 -0.025888 0.954805
1311867743.046336 -0.00221775  -0.0235564  0.00794434 0.0100157 -0.296769 -0.0254934 0.954556
1311867743.082403 -0.00181188  -0.0240464  0.00632634 0.0099394 -0.297901 -0.0260516 0.954189
1311867743.114244 -0.0024486 -0.0259019 0.00580616 0.00985556 -0.298292 -0.0266363 0.954052
1311867743.146291 -0.00207201  -0.0247611  0.00542924 0.00993431 -0.298879 -0.0261663 0.95388
1311867743.182485 -0.00351619  -0.0253501  0.00506238 0.0100276 -0.30022 -0.0265548 0.953448
1311867743.214378 -0.0056173 -0.0262665 0.00597238 0.0103021 -0.301279 -0.0272848 0.95309
1311867743.246306 -0.00547773   -0.026147  0.00598616 0.0104304 -0.302645 -0.0274908 0.95265
1311867743.282405 -0.00719507  -0.0305647  0.00650272 0.0100167 -0.30308 -0.0286912 0.95248
1311867743.314313 -0.0064672 -0.0302007 0.00683101 0.0105375 -0.303273 -0.0284037 0.952422
1311867743.346336 -0.00822784  -0.0315421  0.00783736 0.0111018 -0.303662 -0.0278537 0.952308
1311867743.382252 -0.00717281  -0.0301916  0.00677544 0.0123265 -0.304878 -0.0262082 0.951951
1311867743.414596 -0.00656117  -0.0293073  0.00662157 0.0130087 -0.30698 -0.0250919 0.951296
1311867743.446308 -0.0043605  -0.029755 0.00572405 0.0131272 -0.308459 -0.0257009 0.9508
1311867743.482891 -0.00330181  -0.0303132  0.00544009 0.0132613 -0.30913 -0.0262168 0.950566
1311867743.514541 -0.00610159  -0.0302402  0.00651114 0.014161 -0.309506 -0.0257876 0.950442
1311867743.546315 -0.00533033   -0.030256  0.00639661 0.014417 -0.310573 -0.0255823 0.950096
1311867743.582469 -0.00652349  -0.0292399  0.00665454 0.0151296 -0.311027 -0.0248049 0.949957
1311867743.614323 -0.00656986  -0.0281777  0.00733708 0.0157638 -0.311481 -0.0240036 0.949818
1311867743.646584 -0.00511894  -0.0265093  0.00762648 0.0161296 -0.312331 -0.023915 0.949535
1311867743.682723 -0.00513923  -0.0272043  0.00771137 0.0155192 -0.312546 -0.024333 0.949464
1311867743.714328 -0.00610564  -0.0259015  0.00696004 0.0159728 -0.312464 -0.0236768 0.9495
1311867743.746871 -0.00500855  -0.0246171  0.00691342 0.0156674 -0.31293 -0.022919 0.94937
1311867743.782352 -0.00467256  -0.0249303  0.00829887 0.0150736 -0.313976 -0.0230624 0.949031
1311867743.814607 -0.00752376  -0.0262467  0.00900401 0.0146191 -0.313686 -0.0235068 0.949123
1311867743.846643 -0.0078954 -0.0254498 0.00962784 0.0138211 -0.313133 -0.0232688 0.949324
1311867743.882591 -0.00933216   -0.024656   0.0103925 0.0138288 -0.313697 -0.0230949 0.949142
1311867743.914313 -0.0115529 -0.0264716  0.0121902 0.0138229 -0.314473 -0.0232283 0.948882
1311867743.947510 -0.00966783  -0.0250783   0.0118744 0.013062 -0.314853 -0.0230154 0.948772
1311867743.982586 -0.0119741 -0.0259525  0.0125083 0.0137389 -0.314947 -0.0232546 0.948725
1311867744.014555 -0.0126635 -0.0259598  0.0133632 0.0151806 -0.314677 -0.0224269 0.948812
1311867744.046549 -0.0120506 -0.0258744  0.0131712 0.0157564 -0.315122 -0.0213495 0.94868
1311867744.082516 -0.0117461 -0.0258585  0.0137033 0.0169574 -0.315355 -0.020574 0.948599
1311867744.115520 -0.0103397 -0.0244881  0.0128165 0.017789 -0.315372 -0.0193628 0.948604
1311867744.148571 -0.0119116 -0.0254779    0.01244 0.0192528 -0.315501 -0.0182301 0.948555
1311867744.182585 -0.0130968 -0.0248756  0.0138999 0.0221838 -0.316294 -0.0165748 0.948257
1311867744.214411 -0.00772663   -0.023071   0.0125419 0.0224363 -0.317191 -0.0153118 0.947972
1311867744.246501 -0.0093932 -0.0238005  0.0127774 0.0229258 -0.317081 -0.0152745 0.947998
1311867744.282414 -0.0131627 -0.0260297  0.0142241 0.0241944 -0.31648 -0.0146512 0.948177
1311867744.314359 -0.00785747   -0.023645   0.0114254 0.0239102 -0.316588 -0.0132736 0.948169
1311867744.346504 -0.00707231  -0.0210754    0.011845 0.0245169 -0.31719 -0.012816 0.947959
1311867744.382526 -0.00915168  -0.0227097   0.0112447 0.0253229 -0.317445 -0.0129129 0.947851
1311867744.414428 -0.00688615    -0.02143   0.0102808 0.0253677 -0.318004 -0.0122566 0.947671
1311867744.446633 -0.0058315 -0.0208712 0.00961233 0.0249164 -0.318124 -0.0127937 0.947635
1311867744.482522 -0.00866548  -0.0218591   0.0115609 0.0248842 -0.317927 -0.0131922 0.947697
1311867744.514404 -0.00793424  -0.0211788   0.0105684 0.0255747 -0.318384 -0.0127089 0.947531
1311867744.546486 -0.00478682  -0.0209346   0.0106714 0.0252978 -0.319284 -0.0131353 0.94723
1311867744.582507 -0.00444152  -0.0214565  0.00899849 0.0246651 -0.319096 -0.014067 0.947297
1311867744.614395 -0.00540022  -0.0212146  0.00944268 0.0246619 -0.319108 -0.0141422 0.947292
1311867744.646433 -0.00435611  -0.0212445  0.00989752 0.0244514 -0.319358 -0.0142134 0.947212
1311867744.682575 -0.00282059  -0.0206569  0.00883078 0.0246191 -0.319358 -0.0145717 0.947202
1311867744.714472 -0.00522044  -0.0214052  0.00978884 0.0246313 -0.319046 -0.0147699 0.947304
1311867744.746558 -0.0065342 -0.0234219  0.0112302 0.0250389 -0.318903 -0.0150494 0.947337
1311867744.782346 -0.00569336  -0.0222371   0.0112487 0.0248592 -0.318727 -0.0146768 0.947407
1311867744.814387 -0.00479469   -0.020991   0.0115581 0.0237538 -0.318625 -0.0152109 0.947461
1311867744.848084 -0.00534997  -0.0214253   0.0120571 0.0236954 -0.318924 -0.0157119 0.947354
1311867744.882402 -0.0061124 -0.0202766  0.0117099 0.0233597 -0.318724 -0.0157892 0.947428
1311867744.914398 -0.00593151   -0.020248   0.0113681 0.0223122 -0.318803 -0.0162437 0.947419
1311867744.946600 -0.00764639  -0.0206194   0.0115897 0.0224966 -0.319376 -0.0163597 0.94722
1311867744.982403 -0.00884683  -0.0200704   0.0120584 0.0227397 -0.320346 -0.0157215 0.946897
1311867745.014581 -0.00721553  -0.0197698     0.01022 0.0226188 -0.322214 -0.0158619 0.946264
1311867745.046617 -0.00540779  -0.0180892   0.0110628 0.0223776 -0.324237 -0.0159216 0.945577
1311867745.082541 -0.00527523  -0.0182252   0.0128411 0.0218637 -0.32608 -0.0163601 0.944948
1311867745.114588 -0.00582155  -0.0173502   0.0135594 0.0218502 -0.326713 -0.0163047 0.94473
1311867745.146961 -0.00522272  -0.0167456   0.0135202 0.0222212 -0.328503 -0.0164269 0.944099
1311867745.182565 -0.00267981   -0.015612   0.0138946 0.0217747 -0.330154 -0.017219 0.943519
1311867745.214610 -0.00509519  -0.0161547   0.0150514 0.02111 -0.331571 -0.0178284 0.943025
1311867745.249023 -0.00669803  -0.0170996   0.0157828 0.0219304 -0.332986 -0.0182722 0.9425
1311867745.282839 -0.00567273  -0.0162521   0.0156551 0.0219493 -0.333242 -0.0183064 0.942408
1311867745.314820 -0.00390263  -0.0152194   0.0150491 0.0216106 -0.333983 -0.018654 0.942147
1311867745.346864 -0.00429341  -0.0138548   0.0154915 0.0215647 -0.334951 -0.0185072 0.941807
1311867745.382676 -0.00466238  -0.0136362    0.015794 0.0212157 -0.336349 -0.0185912 0.941315
1311867745.415121 -0.00428811  -0.0119427   0.0154925 0.0213939 -0.337221 -0.0185425 0.941
1311867745.446860 -0.00449555  -0.0118448   0.0150186 0.0212429 -0.337594 -0.018968 0.940861
1311867745.482610 -0.00490313  -0.0117657   0.0157104 0.0213095 -0.338471 -0.0187325 0.940549
1311867745.514631 -0.00289408  -0.0116776   0.0153557 0.0213794 -0.339838 -0.0187644 0.940054
1311867745.546657 -0.00106633  -0.0109715   0.0146109 0.0208381 -0.34189 -0.0189133 0.939319
1311867745.582649 -0.000584833   -0.0102301    0.0143624 0.019335 -0.343311 -0.0190198 0.93883
1311867745.614810 -0.00365968  -0.0110014   0.0160574 0.0183988 -0.344619 -0.0190352 0.938369
1311867745.647863 -0.00614904  -0.0134608   0.0163737 0.017635 -0.3455 -0.0196638 0.938047
1311867745.682574 -0.00756991  -0.0127979   0.0161282 0.0178884 -0.346095 -0.0190736 0.937835
1311867745.714645 -0.00812258  -0.0148436   0.0160947 0.0178448 -0.347406 -0.0193076 0.937346
1311867745.746630 -0.0078146 -0.0141873  0.0166361 0.0181769 -0.348743 -0.0190714 0.936848
1311867745.782604 -0.00680238  -0.0115044   0.0172666 0.0184381 -0.349425 -0.018867 0.936593
1311867745.814593 -0.0077258 -0.0116517   0.018156 0.0189262 -0.350158 -0.0189721 0.936307
1311867745.846588 -0.00761929  -0.0111402   0.0165876 0.0190936 -0.351518 -0.0184766 0.935804
1311867745.882700 -0.00791679  -0.0118819   0.0162351 0.0187555 -0.352195 -0.0181924 0.935562
1311867745.914670 -0.00992118   -0.011706   0.0168023 0.0194212 -0.353259 -0.0174433 0.935161
1311867745.946772 -0.00916979  -0.0107067   0.0166228 0.0188856 -0.354859 -0.0168042 0.934578
1311867745.982737 -0.00931717 -0.00983946   0.0154067 0.0178961 -0.3564 -0.0166941 0.934013
1311867746.014698  -0.010348 -0.0096163   0.016701 0.0172179 -0.358203 -0.0172764 0.933325
1311867746.046591 -0.00959325  -0.0101607   0.0161528 0.0160267 -0.359408 -0.0183201 0.932863
1311867746.082581 -0.0129655 -0.0111772  0.0160889 0.0162294 -0.3605 -0.0190887 0.932423
1311867746.114588  -0.011831 -0.0116162   0.016001 0.0162614 -0.362164 -0.0197337 0.931764
1311867746.146884 -0.0116789 -0.0110872  0.0155145 0.0152353 -0.363175 -0.0205027 0.931371
1311867746.182687 -0.0127825 -0.0130928  0.0149729 0.0146314 -0.363639 -0.0219894 0.931165
1311867746.214659 -0.0134883 -0.0134615    0.01368 0.0148351 -0.364486 -0.0221781 0.930827
1311867746.246716 -0.0102643 -0.0115192   0.015231 0.0135308 -0.366108 -0.0221605 0.93021
1311867746.282706 -0.0100483 -0.0127937  0.0136878 0.0114466 -0.366387 -0.0237994 0.930088
1311867746.314755 -0.0138073 -0.0128658  0.0134611 0.0114286 -0.367722 -0.0236702 0.929564
1311867746.346685 -0.0139575 -0.0119198  0.0149697 0.0116057 -0.369888 -0.0232564 0.928713
1311867746.382671 -0.0106574 -0.0113888  0.0169443 0.00990634 -0.370612 -0.0235986 0.928435
1311867746.414685 -0.0134494 -0.0123133  0.0178011 0.00929392 -0.370733 -0.0242029 0.928378
1311867746.446722 -0.0147554 -0.0122884  0.0170411 0.00928374 -0.371648 -0.0235119 0.92803
1311867746.482661 -0.0140413 -0.0116737  0.0171456 0.00887482 -0.372818 -0.0230464 0.927576
1311867746.514539 -0.0147828 -0.0116457  0.0172725 0.00863274 -0.373517 -0.023299 0.927291
1311867746.546818 -0.0167766 -0.0131121  0.0179407 0.00871942 -0.374173 -0.0232217 0.927027
1311867746.582547 -0.0164484 -0.0126666    0.01731 0.0086249 -0.374578 -0.0224465 0.926883
1311867746.614597 -0.0161705 -0.0123871   0.017759 0.0086473 -0.375763 -0.0220863 0.926412
1311867746.646732 -0.0175531 -0.0121519  0.0185516 0.00863144 -0.37659 -0.0216042 0.926088
1311867746.682746 -0.0169654 -0.0105353  0.0188308 0.00857881 -0.377568 -0.0211463 0.925701
1311867746.714560 -0.0168615 -0.0108442  0.0178144 0.008022 -0.378685 -0.0217591 0.925235
1311867746.746554 -0.0172421 -0.0107151  0.0180035 0.0075635 -0.379622 -0.0218374 0.924853
1311867746.782741 -0.0172312 -0.0101447  0.0188904 0.0072915 -0.380618 -0.0216598 0.92445
1311867746.814650  -0.0172815 -0.00958807    0.018049 0.00726117 -0.381432 -0.0219763 0.924107
1311867746.846781  -0.0157072 -0.00881486   0.0180032 0.00652314 -0.382204 -0.0222937 0.923786
1311867746.882780 -0.0177316 -0.0103346  0.0172516 0.00611512 -0.382741 -0.0228643 0.923552
1311867746.914551  -0.0194265 -0.00904907   0.0179191 0.00743337 -0.383549 -0.0222674 0.923222
1311867746.946641   -0.016147 -0.00907478   0.0176587 0.00733817 -0.38432 -0.0226026 0.922894
1311867746.982691  -0.0160144 -0.00931104   0.0173217 0.00730422 -0.384709 -0.0231564 0.922719
1311867747.014575  -0.0164431 -0.00839739   0.0163616 0.00761511 -0.385391 -0.0227237 0.922442
1311867747.046571  -0.0152443 -0.00777228   0.0170508 0.00725398 -0.386766 -0.0226919 0.92187
1311867747.082578  -0.0160088 -0.00898959   0.0163069 0.0072815 -0.387598 -0.0231786 0.921508
1311867747.114628  -0.0159336 -0.00948088   0.0171352 0.00772842 -0.388997 -0.0232415 0.920913
1311867747.147542 -0.016833 -0.010946 0.0170319 0.00838973 -0.390144 -0.02282 0.920433
1311867747.182577 -0.0143626 -0.0105044  0.0162552 0.00866153 -0.390444 -0.022902 0.920301
1311867747.214630 -0.0128595 -0.0100001  0.0160946 0.00874241 -0.390727 -0.0237698 0.920158
1311867747.246846 -0.0142556 -0.0100111  0.0160913 0.00900708 -0.391103 -0.0242948 0.919982
1311867747.282832 -0.0135515 -0.0101468  0.0160655 0.00920226 -0.392564 -0.0244346 0.919354
1311867747.314572  -0.0125297 -0.00986712    0.015885 0.00929051 -0.394133 -0.0250198 0.918666
1311867747.346839  -0.0124589 -0.00986001   0.0162181 0.00885862 -0.395126 -0.0263254 0.918207
1311867747.382651 -0.0145334 -0.0110394  0.0164621 0.00856528 -0.395956 -0.0269527 0.917834
1311867747.414959 -0.0165467 -0.0121641  0.0165337 0.00842903 -0.397105 -0.0266387 0.917348
1311867747.446727 -0.0157499 -0.0111153   0.016925 0.00836915 -0.398322 -0.0263952 0.916828
1311867747.482791 -0.0145845 -0.0113726   0.017492 0.0076703 -0.398837 -0.0269338 0.916594
1311867747.515778  -0.015849 -0.0116291  0.0174072 0.0076506 -0.398636 -0.0267199 0.916688
1311867747.546694 -0.0154743 -0.0106959   0.016187 0.00790095 -0.399756 -0.0266349 0.9162
1311867747.582894 -0.0152226 -0.0114895  0.0169719 0.00775626 -0.401585 -0.0275602 0.915374
1311867747.615160 -0.0174281 -0.0117836  0.0167415 0.00713641 -0.401821 -0.0275598 0.915275
1311867747.647427 -0.0177588 -0.0117958  0.0179332 0.00707899 -0.402212 -0.0274747 0.915107
1311867747.682778 -0.0180934 -0.0107575  0.0175303 0.00704376 -0.403014 -0.0270017 0.914768
1311867747.714659 -0.0190302 -0.0116945  0.0180997 0.00620054 -0.402935 -0.0274709 0.914795
1311867747.747962 -0.0208962 -0.0111909  0.0173537 0.00609339 -0.402316 -0.0270198 0.915082
1311867747.782687 -0.0205592 -0.0114728  0.0162505 0.00584687 -0.402531 -0.0264571 0.915005
1311867747.814902 -0.0198233 -0.0104291  0.0166855 0.00493673 -0.402184 -0.0263354 0.915167
1311867747.846654 -0.0213207 -0.0123042  0.0172993 0.00500529 -0.401614 -0.0274851 0.915383
1311867747.882781 -0.0218187 -0.0114693  0.0167891 0.00534236 -0.400502 -0.0267012 0.915891
1311867747.915044 -0.0192881  -0.011294  0.0171198 0.00457264 -0.399581 -0.0263526 0.916308
1311867747.947782  -0.0203403 -0.00972557   0.0181454 0.00453732 -0.397942 -0.0259777 0.917032
1311867747.982658 -0.0210084 -0.0101854  0.0173001 0.00445227 -0.396425 -0.0256094 0.917699
1311867748.014660  -0.0206802 -0.00985747   0.0176842 0.00437931 -0.395447 -0.0247627 0.918145
1311867748.046910 -0.0209699 -0.0106104   0.019371 0.00427112 -0.393893 -0.0245308 0.918819
1311867748.082875 -0.0203476 -0.0101894  0.0198085 0.00448902 -0.39275 -0.0235652 0.919332
1311867748.115057 -0.0207817 -0.0110275  0.0195419 0.00451875 -0.39098 -0.022928 0.920103
1311867748.148601 -0.0193712 -0.0108043  0.0207505 0.00454627 -0.389787 -0.0224457 0.92062
1311867748.183104 -0.0186594 -0.0125775   0.020017 0.00482112 -0.389086 -0.0227162 0.920909
1311867748.214832 -0.0186714 -0.0126102  0.0205191 0.00488331 -0.38823 -0.0222733 0.92128
1311867748.246660 -0.0189749 -0.0127495   0.020272 0.00491351 -0.387527 -0.0219748 0.921583
1311867748.282760 -0.0182358 -0.0118503  0.0204012 0.0049642 -0.386369 -0.0217909 0.922073
1311867748.314883 -0.0168504 -0.0109746  0.0202054 0.00482779 -0.385654 -0.0212615 0.922386
1311867748.347087 -0.0161954 -0.0106619   0.020171 0.00437865 -0.384566 -0.0216423 0.922833
1311867748.382700 -0.0175238 -0.0116673  0.0205891 0.00448515 -0.382747 -0.0223738 0.923571
1311867748.414826 -0.0191125 -0.0120134  0.0203908 0.00532799 -0.380869 -0.0223549 0.924343
1311867748.452019 -0.0183966  -0.011832  0.0204006 0.00531357 -0.379197 -0.0223192 0.925032
1311867748.483132 -0.0186865 -0.0120636  0.0183799 0.00522745 -0.377416 -0.0219537 0.925769
1311867748.514996 -0.0190295 -0.0139132  0.0172935 0.00571506 -0.376096 -0.0225286 0.926289
1311867748.546793 -0.0179002 -0.0141703  0.0174802 0.00565215 -0.374159 -0.0227458 0.927068
1311867748.582716 -0.0160566 -0.0145592  0.0181966 0.00540606 -0.372994 -0.0225148 0.927545
1311867748.614800 -0.0151782 -0.0163285  0.0176075 0.00536108 -0.371474 -0.0224455 0.928157
1311867748.646913 -0.0155556 -0.0166604  0.0175036 0.00518667 -0.369823 -0.0217685 0.928833
1311867748.682756 -0.0128554 -0.0169779  0.0163405 0.00521047 -0.369143 -0.0216831 0.929105
1311867748.714736 -0.0128086 -0.0171961  0.0165284 0.00472685 -0.368139 -0.0219531 0.929499
1311867748.749936 -0.0136639  -0.016874  0.0178328 0.00404486 -0.367007 -0.0221182 0.929946
1311867748.782826 -0.0124784 -0.0170569  0.0173591 0.00377708 -0.365496 -0.0223356 0.930537
1311867748.815147  -0.013387 -0.0166691  0.0168235 0.00375139 -0.364076 -0.0222976 0.931095
1311867748.846633 -0.0127773 -0.0159414  0.0170617 0.00348366 -0.362847 -0.0218377 0.931586
1311867748.882958 -0.0117461 -0.0166475  0.0159111 0.0032133 -0.36105 -0.022028 0.932281
1311867748.914912 -0.0118935 -0.0173753  0.0174157 0.00317729 -0.359411 -0.0219776 0.932915
1311867748.947250 -0.00984525  -0.0147418   0.0180665 0.00299774 -0.357487 -0.0209763 0.933678
1311867748.982936 -0.0113583   -0.01562  0.0191601 0.00283323 -0.355862 -0.0207348 0.934304
1311867749.015976 -0.0106693 -0.0150096   0.019094 0.00297751 -0.354488 -0.0196925 0.934848
1311867749.046719 -0.00925465  -0.0149152   0.0183068 0.00294143 -0.353174 -0.0193409 0.935353
1311867749.082897 -0.00904913  -0.0151168   0.0200541 0.00270865 -0.35218 -0.0191976 0.935731
1311867749.115842 -0.0100165 -0.0163886  0.0205904 0.0030792 -0.351112 -0.0194157 0.936127
1311867749.148525 -0.00897208   -0.016264   0.0217026 0.00373834 -0.350574 -0.018888 0.936337
1311867749.182962 -0.00902638  -0.0162337   0.0217008 0.00383394 -0.349261 -0.0185893 0.936833
1311867749.215600 -0.00637918  -0.0144942   0.0216728 0.00418217 -0.349069 -0.0173212 0.936928
1311867749.246872 -0.00531619  -0.0140119    0.021398 0.00402279 -0.349459 -0.0169917 0.936789
1311867749.282848 -0.00439404  -0.0153177   0.0216879 0.00338406 -0.348725 -0.018079 0.937044
1311867749.314814 -0.00529298  -0.0155072   0.0229292 0.00352691 -0.346899 -0.0183436 0.937717
1311867749.346897 -0.00379741  -0.0155586   0.0229145 0.00376373 -0.344923 -0.0185787 0.93844
1311867749.382847 -0.00215456  -0.0144028   0.0230301 0.00385533 -0.342886 -0.0181466 0.939194
1311867749.414793 -0.00274858  -0.0149506    0.023464 0.0046706 -0.341225 -0.0178004 0.939801
1311867749.446749 -0.00360472  -0.0159573    0.025045 0.0060295 -0.338939 -0.0175948 0.940625
1311867749.482908 -0.000460929   -0.0146741    0.0251176 0.00677795 -0.337864 -0.0163897 0.941028
1311867749.515985 0.00268159 -0.0161034  0.0243049 0.00627499 -0.33684 -0.0167105 0.941393
1311867749.546853 0.00099672 -0.0164728  0.0262246 0.0054429 -0.3345 -0.0163652 0.942238
1311867749.583027 0.00172772 -0.0165658   0.026682 0.00486993 -0.333019 -0.0160794 0.94277
1311867749.614825 0.000968497  -0.0151771   0.0269642 0.00462772 -0.331492 -0.0153382 0.943322
1311867749.646905 0.00209248 -0.0155944  0.0281765 0.00420061 -0.330491 -0.0152302 0.943677
1311867749.682915 0.00122626 -0.0161488  0.0280695 0.00341713 -0.328396 -0.0161073 0.944397
1311867749.716080 0.00038316 -0.0162687  0.0289228 0.00220703 -0.325929 -0.0168784 0.945241
1311867749.746861 0.00137474 -0.0159224  0.0271978 0.00171977 -0.323988 -0.017562 0.945897
1311867749.782879 0.00304564 -0.0148522  0.0264108 0.00118076 -0.322617 -0.0177484 0.946363
1311867749.814895  0.0028679 -0.0162359  0.0255605 0.000242562 -0.320799 -0.0183236 0.94697
1311867749.846903 0.00346152 -0.0154262   0.025338 0.000742694 -0.319999 -0.0181401 0.947244
1311867749.882903  0.0023768 -0.0160682  0.0266321 0.000784603 -0.31807 -0.0192178 0.947872
1311867749.914964 0.00191181  -0.017985  0.0268743 -9.36563e-05 -0.31559 -0.0203491 0.948678
1311867749.950865 0.00177331 -0.0174227  0.0264729 0.000207058 -0.314028 -0.0198735 0.949206
1311867749.982794 0.00252154 -0.0170943  0.0264051 5.94088e-05 -0.311997 -0.0198756 0.949875
1311867750.014775 0.00218844 -0.0184491  0.0270182 -0.000246898 -0.309766 -0.0200515 0.950601
1311867750.047054 0.00321209 -0.0176682  0.0258489 -3.36583e-05 -0.308445 -0.0200775 0.95103
1311867750.082934 0.00268573 -0.0192407  0.0272616 -0.000611932 -0.306524 -0.0206018 0.95164
1311867750.115634 0.00140506 -0.0210134  0.0281906 -0.000679953 -0.304541 -0.0212509 0.952262
1311867750.147479 0.00204798 -0.0209163  0.0270961 -0.00067364 -0.30181 -0.021273 0.953131
1311867750.182871  0.0018796 -0.0211902   0.026603 -0.000441945 -0.299824 -0.0213346 0.953756
1311867750.215640 0.00362383 -0.0200277  0.0247378 -5.3982e-05 -0.298243 -0.0203401 0.954273
1311867750.246908 0.00268251 -0.0218188  0.0250372 0.000104355 -0.296254 -0.0208413 0.954882
1311867750.282997 0.00239454 -0.0236771  0.0254203 0.000606662 -0.294112 -0.0211082 0.955538
1311867750.315013 0.00317975 -0.0235728  0.0259994 0.000780715 -0.292196 -0.0204218 0.95614
1311867750.346909 0.00557216 -0.0246742  0.0240829 -8.22603e-05 -0.290787 -0.020638 0.956565
1311867750.382866 0.00280819 -0.0251926  0.0243637 0.000141905 -0.289643 -0.0205136 0.956915
1311867750.414864 0.00175928 -0.0258817  0.0249623 -2.88687e-06 -0.288129 -0.0212294 0.957356
1311867750.446986 0.00500094 -0.0222524  0.0224406 -0.000712876 -0.285108 -0.0207695 0.95827
1311867750.482962 0.00312802 -0.0241619  0.0241616 -0.00146753 -0.282517 -0.0219143 0.959011
1311867750.514886 0.00345838 -0.0240333  0.0242753 -0.00164863 -0.280619 -0.0222835 0.959559
1311867750.547607 0.00236554 -0.0251911  0.0247805 -0.00276164 -0.278681 -0.0227867 0.960109
1311867750.582778 0.00199444 -0.0259426  0.0252419 -0.00256542 -0.277253 -0.0234833 0.960507
1311867750.614865  0.0018029 -0.0266755  0.0280107 -0.00236954 -0.275456 -0.0239559 0.961012
1311867750.646981 0.00218647 -0.0269519  0.0288865 -0.00256088 -0.273657 -0.0235675 0.961535
1311867750.682932 0.00150738 -0.0286081  0.0301037 -0.00237002 -0.271332 -0.0239672 0.962184
1311867750.714922 0.000182491  -0.0278318   0.0310116 -0.00165688 -0.270117 -0.0230842 0.962549
1311867750.746915 0.00460562 -0.0257131  0.0302905 -0.00160648 -0.269717 -0.0221124 0.962684
1311867750.783213 0.00440253 -0.0252282  0.0332385 -0.00224463 -0.267296 -0.0216063 0.96337
1311867750.814955 0.00480878  -0.026803  0.0339405 -0.00181797 -0.265823 -0.0215708 0.963779
1311867750.846846 0.00558338 -0.0245512  0.0323358 -0.000810019 -0.26455 -0.0205977 0.964152
1311867750.882884 0.00780002  -0.022957  0.0307789 -0.000639841 -0.263673 -0.0200018 0.964404
1311867750.914797  0.0082035 -0.0232469  0.0309776 -0.000773556 -0.262686 -0.0201527 0.964671
1311867750.946877 0.00927319 -0.0230951  0.0311506 -0.00062378 -0.261404 -0.0200434 0.965021
1311867750.983037  0.0102676 -0.0205496   0.031709 -0.00124332 -0.259848 -0.0194979 0.965452
1311867751.016841  0.0122494 -0.0210509  0.0321436 -0.00281012 -0.258014 -0.0206739 0.965916
1311867751.047034  0.0106044 -0.0235676   0.031769 -0.00388525 -0.253904 -0.022899 0.96695
1311867751.082860  0.0107403 -0.0237831  0.0304385 -0.0044034 -0.251271 -0.0233788 0.967624
1311867751.117481  0.0121379 -0.0218973  0.0298852 -0.0049629 -0.249553 -0.0231873 0.968071
1311867751.146879  0.0137642 -0.0226858  0.0300707 -0.00625532 -0.247409 -0.0234122 0.968608
1311867751.183462  0.0127229 -0.0213376  0.0302048 -0.00553918 -0.245601 -0.0229109 0.969084
1311867751.216082  0.0156768 -0.0207845  0.0283348 -0.00613679 -0.244292 -0.0224044 0.969423
1311867751.246848  0.0146421 -0.0194211  0.0289459 -0.00728229 -0.242701 -0.0211219 0.969844
1311867751.283159  0.0117761 -0.0217872  0.0298272 -0.00673339 -0.241736 -0.0211423 0.970088
1311867751.314986   0.014814 -0.0165863  0.0312587 -0.00476779 -0.241332 -0.0182228 0.97026
1311867751.349855  0.0171678 -0.0161676  0.0281736 -0.00604584 -0.238985 -0.0183942 0.97083
1311867751.383467  0.0134125 -0.0174407  0.0309405 -0.00635014 -0.236037 -0.0190454 0.971537
1311867751.415116  0.0141758 -0.0151036  0.0281236 -0.00527214 -0.234643 -0.0178046 0.971904
1311867751.451374  0.0153426 -0.0104864  0.0258977 -0.00485626 -0.23296 -0.0168091 0.972329
1311867751.483813  0.0153728 -0.0111677  0.0279572 -0.00565628 -0.232221 -0.0172146 0.972494
1311867751.514978  0.0159479 -0.0130913  0.0264896 -0.00552034 -0.231232 -0.0180674 0.972715
1311867751.549558  0.0183611 -0.0121102  0.0263672 -0.00554472 -0.230012 -0.0170783 0.973022
1311867751.582972  0.0152148 -0.0156702  0.0257175 -0.0056331 -0.227858 -0.0181045 0.97351
1311867751.614952  0.0173526 -0.0150048  0.0273966 -0.00447012 -0.226854 -0.0170367 0.973769
1311867751.650110   0.019095 -0.0125858  0.0256518 -0.00396247 -0.224679 -0.015827 0.974296
1311867751.683797   0.020996 -0.0121168  0.0271377 -0.00350411 -0.223791 -0.015382 0.974509
1311867751.715071  0.0189493 -0.0131028  0.0267499 -0.00335601 -0.221592 -0.0159692 0.975003
1311867751.750700  0.0198966 -0.0123132  0.0266279 -0.00332379 -0.22048 -0.0153529 0.975265
1311867751.783011  0.0205142 -0.0153252  0.0250054 -0.0048069 -0.217873 -0.0159067 0.975836
1311867751.814960  0.0200909 -0.0156367  0.0268437 -0.00478546 -0.215351 -0.0157746 0.976398
1311867751.850953  0.0161812 -0.0178127  0.0267532 -0.00483629 -0.213061 -0.0160828 0.976895
1311867751.883233  0.0173731 -0.0185266  0.0265183 -0.00523966 -0.211047 -0.0160222 0.977331
1311867751.914918  0.0149572 -0.0205622   0.028645 -0.00565565 -0.207342 -0.0164241 0.978114
1311867751.953050  0.0141635 -0.0222078  0.0284115 -0.00518348 -0.205244 -0.0162447 0.978562
1311867751.982952  0.0130817 -0.0217214   0.027948 -0.00440825 -0.202262 -0.0165582 0.979182
1311867752.015367  0.0119919 -0.0231241  0.0299438 -0.00378073 -0.198693 -0.0167168 0.979912
1311867752.051015  0.0132228 -0.0226564  0.0287887 -0.00223652 -0.196208 -0.0164068 0.980422
1311867752.082884   0.014094 -0.0251885   0.029995 -0.00269889 -0.192446 -0.0170297 0.981156
1311867752.115043  0.0149592 -0.0253288  0.0287785 -0.00240466 -0.188229 -0.0175383 0.981966
1311867752.150986  0.0137286 -0.0255467  0.0270601 -0.00155317 -0.184255 -0.0176785 0.982718
1311867752.182968  0.0151373 -0.0262932   0.026876 -0.00129632 -0.180615 -0.0175966 0.983396
1311867752.215004  0.0147763 -0.0289251  0.0264568 -0.0018752 -0.177273 -0.0176449 0.984002
1311867752.251234  0.0129283 -0.0283747   0.024812 -0.000377911 -0.174588 -0.0174515 0.984487
1311867752.283327  0.0129387 -0.0282003  0.0224684 0.000541167 -0.172362 -0.0170028 0.984887
1311867752.315080 0.0129491 -0.027719  0.022163 0.00108708 -0.172039 -0.0165756 0.98495
1311867752.350998  0.0132257 -0.0288123  0.0217675 0.000964322 -0.171277 -0.0173281 0.98507
1311867752.382985  0.0147035 -0.0295058  0.0212859 5.73513e-05 -0.169807 -0.0172956 0.985326
1311867752.416028   0.011766 -0.0293106  0.0207794 2.19068e-05 -0.168149 -0.0170502 0.985614
1311867752.451071 0.00975411 -0.0295644  0.0207573 -0.000153137 -0.167125 -0.0172999 0.985784
1311867752.482908 0.00947383 -0.0292743  0.0194355 -0.000788333 -0.166014 -0.0173528 0.98597
1311867752.517965 0.00688497 -0.0329068  0.0207607 -0.00275825 -0.163677 -0.0182535 0.986341
1311867752.551106 0.00196817 -0.0336384  0.0219083 -0.00295255 -0.161732 -0.0184404 0.986658
1311867752.583009 0.00163009 -0.0345826  0.0219986 -0.00337243 -0.161312 -0.0186936 0.986721
1311867752.615700 -0.00164204  -0.0355368   0.0232137 -0.00417738 -0.159307 -0.0188002 0.987041
1311867752.651492 -0.000344686   -0.0360315     0.025614 -0.00425677 -0.159724 -0.0186974 0.986975
1311867752.683008 -0.000711787   -0.0355853    0.0262731 -0.00441425 -0.159018 -0.0184931 0.987093
1311867752.715276 -0.00163931  -0.0357855   0.0252529 -0.00536862 -0.158353 -0.0185444 0.987194
1311867752.751061 -0.00270532  -0.0358653   0.0258265 -0.00640727 -0.157767 -0.0193413 0.987266
1311867752.783026 -0.000987789   -0.0376002    0.0279627 -0.00768934 -0.156872 -0.0199673 0.987387
1311867752.816277 -0.00187498  -0.0381966   0.0285893 -0.0078015 -0.15565 -0.0198675 0.987582
1311867752.851106 -0.00356476  -0.0395703   0.0293507 -0.00759878 -0.154682 -0.02026 0.987727
1311867752.883300 -0.00610065  -0.0416563   0.0308663 -0.00785191 -0.152709 -0.0207674 0.988022
1311867752.918371 -0.00561145  -0.0407677   0.0306359 -0.00666883 -0.152141 -0.0206225 0.988121
1311867752.951113 -0.00417022  -0.0372847   0.0273512 -0.00570005 -0.151651 -0.0199183 0.988217
1311867752.982858 -0.0070589 -0.0385686  0.0282468 -0.0064727 -0.14923 -0.0206546 0.988566
1311867753.016805 -0.00679476  -0.0375274   0.0283886 -0.0059901 -0.148313 -0.0205634 0.988708
1311867753.051020 -0.00533811  -0.0372186   0.0269939 -0.00650141 -0.147777 -0.0204517 0.988788
1311867753.082906 -0.00395806  -0.0376172   0.0255728 -0.00759499 -0.145923 -0.0206943 0.98905
1311867753.118415 -0.00302991   -0.037896   0.0266916 -0.00723217 -0.144821 -0.0206459 0.989216
1311867753.151076 -0.00153316  -0.0372548   0.0259632 -0.00708946 -0.143627 -0.0205795 0.989393
1311867753.183007 -0.00217392  -0.0384227   0.0278497 -0.00891234 -0.140932 -0.0207885 0.989761
1311867753.218625 -0.00172195  -0.0377622   0.0290682 -0.00782607 -0.139533 -0.0210136 0.989963
1311867753.252047 -0.000157855   -0.0363609    0.0316497 -0.00624589 -0.138581 -0.0205366 0.990118
1311867753.282991 5.60523e-05  -0.0367304   0.0328558 -0.00660054 -0.135631 -0.0201853 0.990532
1311867753.317822 -0.00148891  -0.0378441   0.0337002 -0.00623302 -0.132916 -0.0201874 0.990902
1311867753.350937 -0.00201331  -0.0386389   0.0341232 -0.0048958 -0.131496 -0.0198343 0.991106
1311867753.382934 -0.0019829 -0.0387804  0.0344519 -0.00531939 -0.130063 -0.0194793 0.9913
1311867753.418184 -0.000518493   -0.0398009    0.0362706 -0.0060142 -0.128694 -0.0194428 0.991476
1311867753.451172 0.000383439  -0.0387305   0.0353925 -0.00584036 -0.12668 -0.0188906 0.991746
1311867753.483151 -0.00112778  -0.0376932   0.0346094 -0.00604666 -0.123125 -0.0185789 0.992199
1311867753.519940 -0.00371743  -0.0380981    0.036882 -0.00613598 -0.119846 -0.0182514 0.992606
1311867753.553259 -2.1957e-05    -0.03633   0.0370628 -0.00537237 -0.118869 -0.0176678 0.992738
1311867753.583229 -0.00176722  -0.0352147   0.0379713 -0.00523473 -0.11536 -0.016903 0.993166
1311867753.618309 -0.00161953  -0.0370345   0.0389974 -0.00548931 -0.113133 -0.016388 0.99343
1311867753.650930 -0.00101702  -0.0362229   0.0388965 -0.00527881 -0.11136 -0.0153826 0.993647
1311867753.683012 -0.0043802 -0.0405074  0.0402655 -0.00697263 -0.10829 -0.0152238 0.993978
1311867753.720470 -0.00550731  -0.0399368   0.0410854 -0.00647262 -0.106326 -0.014609 0.994203
1311867753.751021 0.000775472  -0.0363578   0.0419379 -0.00490879 -0.10612 -0.0142741 0.994239
1311867753.786501 -0.00263428  -0.0378656     0.04169 -0.00644352 -0.101697 -0.0139418 0.994697
1311867753.815177 0.000855812  -0.0379107   0.0425419 -0.00550692 -0.100987 -0.0134997 0.994781
1311867753.851067 0.00279589 -0.0343867   0.042285 -0.0032722 -0.0999198 -0.0129082 0.994906
1311867753.883103 0.00237618 -0.0349164  0.0404395 -0.00507879 -0.0967567 -0.0129105 0.995211
1311867753.915568 0.00100692 -0.0364988   0.042039 -0.00627418 -0.094674 -0.0133186 0.995399
1311867753.951162 0.00232003 -0.0377852  0.0428425 -0.00561839 -0.093695 -0.0131397 0.995498
1311867753.985893 0.00263108 -0.0372126  0.0412445 -0.00572268 -0.0914662 -0.0123613 0.995715
1311867754.015170 0.000844132  -0.0391178   0.0428283 -0.00741128 -0.0890846 -0.0123898 0.995919
1311867754.051044  0.0066558 -0.0369294  0.0449576 -0.00677493 -0.0882741 -0.0117688 0.996004
1311867754.083903 0.00268809  -0.039519  0.0435383 -0.0077197 -0.0834711 -0.0108067 0.996422
1311867754.116603 0.00106426 -0.0385332  0.0411081 -0.00840971 -0.0798255 -0.00996159 0.996724
1311867754.151104 -0.00199859  -0.0404484   0.0425409 -0.00960928 -0.0761829 -0.00964509 0.997001
1311867754.183207 0.00349874 -0.0401073  0.0428404 -0.00855914 -0.0763638 -0.00895397 0.997003
1311867754.216630 0.00399772 -0.0409115  0.0417111 -0.00893757 -0.0732298 -0.00865881 0.997237
1311867754.252287 0.00265921 -0.0453424  0.0424403 -0.0112005 -0.068975 -0.00835073 0.997521
1311867754.287314 0.00114277  -0.046532  0.0431716 -0.0114248 -0.0659851 -0.00814394 0.997722
1311867754.317409 -0.00277261  -0.0464264   0.0435913 -0.0117985 -0.0613862 -0.00747672 0.998016
1311867754.351172 -0.00363757  -0.0477769   0.0457629 -0.0125631 -0.0575828 -0.00739921 0.998234
1311867754.386875 6.01281e-06  -0.0507285   0.0489099 -0.0131571 -0.056625 -0.00707114 0.998284
1311867754.415976 -0.000877151   -0.0487383    0.0472239 -0.0121504 -0.0540866 -0.00672847 0.99844
1311867754.454596 -0.00351116  -0.0497763   0.0480323 -0.0123634 -0.0512289 -0.00633474 0.99859
1311867754.486357 0.00105296 -0.0486875  0.0475854 -0.0123696 -0.0499565 -0.0063202 0.998655
1311867754.515904 -0.00406332  -0.0491975   0.0491413 -0.0126909 -0.0457004 -0.00641864 0.998854
1311867754.551370 -0.0028266 -0.0471289  0.0473165 -0.011212 -0.0444441 -0.00609871 0.99893
1311867754.583587 -0.00540532  -0.0483965   0.0476401 -0.0120952 -0.0412754 -0.00634009 0.999054
1311867754.615486 -0.00343959  -0.0499773   0.0465511 -0.0128441 -0.0403045 -0.00624807 0.999085
1311867754.651092 -0.00260505  -0.0484197   0.0456965 -0.0118766 -0.0396972 -0.00570791 0.999125
1311867754.687267 -0.00293407   -0.045978   0.0447351 -0.011309 -0.0376691 -0.00525962 0.999212
1311867754.716288 -0.00580393  -0.0491665   0.0462593 -0.0129959 -0.0341207 -0.00544577 0.999318
1311867754.751600 -0.00177064  -0.0499521   0.0471228 -0.0117812 -0.033352 -0.00578867 0.999357
1311867754.786517 -0.00281988  -0.0471307   0.0447509 -0.00963724 -0.0308556 -0.00517701 0.999464
1311867754.815433 0.000387034  -0.0490957   0.0467162 -0.0106293 -0.0298003 -0.00494675 0.999487
1311867754.851021 0.00181495 -0.0499202  0.0453792 -0.0102525 -0.0282124 -0.00536639 0.999535
1311867754.887728 -0.00338657  -0.0495549   0.0455593 -0.00934131 -0.0233697 -0.00530158 0.999669
1311867754.920120 -0.00261886  -0.0485155   0.0441706 -0.00999244 -0.0195303 -0.00496578 0.999747
1311867754.951032 -0.000280291   -0.0476595    0.0444207 -0.00974368 -0.0166437 -0.00519291 0.999801
1311867754.983770 -0.000895422   -0.0493097    0.0456365 -0.00877826 -0.0134249 -0.00537402 0.999857
1311867755.018361 -0.000796648     -0.04752    0.0421171 -0.00721175 -0.0128172 -0.00480707 0.99988
1311867755.054076 0.00203199 -0.0436494  0.0401802 -0.00555114 -0.013431 -0.00463658 0.999884
1311867755.085098 0.00126268 -0.0449594  0.0418669 -0.00589704 -0.0115103 -0.00436429 0.999907
1311867755.115684 -0.00256623  -0.0449117   0.0428215 -0.00556718 -0.00859966 -0.00374132 0.999941
1311867755.155595 -0.00339913  -0.0444521   0.0422158 -0.00510939 -0.00679308 -0.00295386 0.99996
1311867755.184698 -0.00580528   -0.046247   0.0415341 -0.00653321 -0.00459517 -0.00203999 0.999966
1311867755.215105 -0.00641556  -0.0479573   0.0410869 -0.00647563 -0.00439984 -0.00135148 0.999968
1311867755.251214 -0.00697688  -0.0453745   0.0400175 -0.00578642 -0.00342225 -0.000868965 0.999977
1311867755.283286 -0.00938839  -0.0468348   0.0409581 -0.00785213 -0.000786425 -0.000610303 0.999969
1311867755.319177 -0.00585569  -0.0471648   0.0410065 -0.00832739 -0.00198738 -0.000465785 0.999963
1311867755.355298 -0.00581822  -0.0432436   0.0393079 -0.0073394 -0.00218407 -0.00025548 0.999971
1311867755.390004 -0.00680726  -0.0462558   0.0399377 -0.0110388 -0.000702473 6.27839e-05 0.999939
1311867755.415652 -0.00364442   -0.048363   0.0421719 -0.0127529 -0.00154882 -0.000386314 0.999917
1311867755.454835 -0.00561058  -0.0473257    0.040823 -0.0118354 -0.000453058 -0.000547283 0.99993
1311867755.486060 -0.0104381 -0.0481928  0.0413824 -0.0139675 0.00319514 -0.000793097 0.999897
1311867755.516187 -0.00925144  -0.0483812   0.0411805 -0.0146369 0.00449567 -0.00126096 0.999882
1311867755.555083 -0.00544365  -0.0455059   0.0392278 -0.0131875 0.0037219 -0.00129409 0.999905
1311867755.585394 -0.00583461  -0.0447039    0.037909 -0.0132145 0.00408997 -0.00124414 0.999904
1311867755.617108 -0.00490849  -0.0493483   0.0399589 -0.0147787 0.00439142 -0.00173077 0.99988
1311867755.654287 -0.00445707  -0.0479735   0.0392525 -0.0137795 0.00485138 -0.00171384 0.999892
1311867755.683166 -0.00482853  -0.0453635   0.0382712 -0.0138061 0.00506043 -0.00162975 0.999891
1311867755.718263 -0.00659802  -0.0439943   0.0372263 -0.0148354 0.00605813 -0.00135158 0.999871
1311867755.751140 -0.00441711  -0.0453396   0.0383527 -0.0161797 0.00578042 -0.00145221 0.999851
1311867755.786321 -0.00431433  -0.0438939   0.0382027 -0.0160427 0.00584758 -0.00117153 0.999854
1311867755.815683 -0.00978688  -0.0433606   0.0396868 -0.0174803 0.00866462 -0.00136226 0.999809
1311867755.855393 -0.00997708  -0.0473734   0.0419615 -0.0186572 0.00867684 -0.00136614 0.999787
1311867755.884828 -0.00562597  -0.0457448   0.0439205 -0.0167654 0.00703926 -0.00155013 0.999833
1311867755.915616 -0.00839942  -0.0441966   0.0438262 -0.0171153 0.00939731 -0.00170282 0.999808
1311867755.955028 -0.00749285  -0.0490708   0.0463329 -0.0184378 0.00955596 -0.00191311 0.999783
1311867755.985508 -0.0114014 -0.0499991   0.047793 -0.0175244 0.0110783 -0.00207096 0.999783
1311867756.017376 -0.0147705 -0.0481544  0.0452385 -0.0170476 0.0130624 -0.00232845 0.999767
1311867756.055430 -0.0118784 -0.0492787  0.0439967 -0.0169911 0.0124904 -0.00247199 0.999775
1311867756.083586 -0.0142186 -0.0500685  0.0445506 -0.0157651 0.013296 -0.00264765 0.999784
1311867756.119680 -0.0149107 -0.0474983  0.0426904 -0.0158173 0.0135218 -0.00215396 0.999781
1311867756.151806 -0.0124593 -0.0505234  0.0463142 -0.0172434 0.0118325 -0.00289799 0.999777
1311867756.183687 -0.0155255 -0.0520834  0.0485697 -0.0164711 0.0128101 -0.00353283 0.999776
1311867756.215343 -0.0226832 -0.0514222  0.0463259 -0.0166958 0.0156597 -0.00311984 0.999733
1311867756.255057  -0.022559 -0.0504048  0.0464285 -0.0167549 0.0158452 -0.00336791 0.999728
1311867756.285151 -0.0215405 -0.0517683  0.0493725 -0.0156687 0.0150878 -0.00374415 0.999756
1311867756.315404 -0.0214158  -0.050116  0.0484672 -0.0144509 0.014889 -0.00360149 0.999778
1311867756.354602 -0.0237584 -0.0477722  0.0462056 -0.0143405 0.0158967 -0.00356067 0.999764
1311867756.384291 -0.0209486 -0.0474169  0.0462403 -0.0138877 0.0149617 -0.00390322 0.999784
1311867756.415330 -0.0255129 -0.0469867  0.0488553 -0.0122925 0.0164969 -0.00426232 0.999779
1311867756.451089 -0.0263894 -0.0457163  0.0476797 -0.0121027 0.0169003 -0.00436287 0.999774
1311867756.486526 -0.0213017 -0.0477864  0.0499285 -0.0119465 0.0145648 -0.00471005 0.999811
1311867756.515341 -0.0239171 -0.0471146  0.0505903 -0.0104202 0.0153099 -0.0050602 0.999816
1311867756.552578 -0.0258611  -0.047106  0.0498098 -0.00932857 0.0166139 -0.00540154 0.999804
1311867756.589781 -0.0230049 -0.0482255  0.0520504 -0.00806024 0.0150799 -0.00583605 0.999837
1311867756.615254 -0.0208822 -0.0460522  0.0504874 -0.00678093 0.0141599 -0.0061117 0.999858
1311867756.651819 -0.0208015 -0.0456124    0.04995 -0.0065783 0.0143988 -0.00572503 0.999858
1311867756.683899 -0.0215625  -0.046534  0.0508327 -0.00613926 0.0145589 -0.00613817 0.999856
1311867756.715149 -0.0238015 -0.0474899  0.0518942 -0.00535849 0.0153075 -0.006109 0.99985
1311867756.751624 -0.0233971 -0.0457471  0.0503613 -0.00461185 0.0160536 -0.00600679 0.999842
1311867756.783942 -0.0273007 -0.0486332  0.0515815 -0.00534821 0.0175835 -0.00578104 0.999814
1311867756.815292 -0.0240227 -0.0487414  0.0502569 -0.00460837 0.0161153 -0.00583853 0.999842
1311867756.854194 -0.0242572 -0.0481189  0.0490476 -0.00466525 0.0164735 -0.00538218 0.999839
1311867756.884188 -0.0237524 -0.0479516  0.0491462 -0.00429929 0.0164938 -0.00550891 0.99984
1311867756.915224 -0.0246602  -0.046702  0.0488238 -0.00331567 0.0174244 -0.00564065 0.999827
1311867756.955229 -0.0288385 -0.0482867  0.0496178 -0.00462956 0.0194176 -0.00541381 0.999786
1311867756.984167  -0.026043 -0.0503998  0.0522203 -0.00453142 0.0182833 -0.00558359 0.999807
1311867757.015318 -0.0287998   -0.04711  0.0494939 -0.00320536 0.0198732 -0.00542144 0.999783
1311867757.055280 -0.0294413 -0.0492612  0.0510633 -0.00524884 0.0203905 -0.005299 0.999764
1311867757.085848 -0.0274817   -0.04973  0.0514536 -0.00514511 0.0198236 -0.00554322 0.999775
1311867757.115401   -0.03088 -0.0483165  0.0501486 -0.00614543 0.0208572 -0.00484416 0.999752
1311867757.152197  -0.031465 -0.0486581   0.050608 -0.0099314 0.0204464 -0.005106 0.999729
1311867757.185184 -0.0275817 -0.0485578  0.0502194 -0.011693 0.0188675 -0.00527707 0.99974
1311867757.215242 -0.0321338 -0.0480231  0.0516483 -0.0140083 0.0198922 -0.00480343 0.999692
1311867757.252388 -0.0345544 -0.0508042  0.0539741 -0.0189199 0.0203201 -0.00478367 0.999603
1311867757.283565 -0.0310565 -0.0567628  0.0582302 -0.0229539 0.0183217 -0.00497633 0.999556
1311867757.315445 -0.0287753 -0.0549319  0.0595296 -0.0231256 0.01657 -0.0048347 0.999584
1311867757.355531 -0.0244062 -0.0540865  0.0573278 -0.0248992 0.0147308 -0.00488378 0.999569
1311867757.383331 -0.0230882 -0.0561062   0.058761 -0.0258196 0.013736 -0.00492909 0.99956
1311867757.415369 -0.0211537 -0.0537003  0.0563989 -0.0257967 0.0125586 -0.00510956 0.999575
1311867757.454679 -0.0223013 -0.0537177  0.0577239 -0.0272307 0.0129646 -0.00550171 0.99953
1311867757.483180 -0.0196913  -0.054309  0.0572851 -0.0272396 0.0115844 -0.00531918 0.999548
1311867757.515395 -0.0215493 -0.0528265  0.0566283 -0.0282316 0.0119531 -0.0051743 0.999517
1311867757.555467 -0.0216699 -0.0541816  0.0571769 -0.0306728 0.0118109 -0.00528062 0.999446
1311867757.583662 -0.0215227 -0.0568491  0.0592393 -0.0323233 0.0116322 -0.00552492 0.999395
1311867757.615470 -0.0207934 -0.0565822  0.0560001 -0.0335611 0.0115492 -0.00513226 0.999357
1311867757.656070 -0.0166974 -0.0563827  0.0555272 -0.0341266 0.0097667 -0.00484791 0.999358
1311867757.691365 -0.0160297 -0.0566163  0.0553435 -0.0341242 0.00892137 -0.00493751 0.999366
1311867757.715330 -0.0157075  -0.056079  0.0547986 -0.0345285 0.00911235 -0.00501234 0.99935
1311867757.755483  -0.015949 -0.0567472  0.0547925 -0.0357982 0.00951164 -0.00496914 0.999301
1311867757.783440 -0.0186192 -0.0578041  0.0562648 -0.0372038 0.00993254 -0.00503738 0.999246
1311867757.815282  -0.018478 -0.0558494  0.0555307 -0.0383707 0.00992687 -0.00501826 0.999202
1311867757.855520 -0.0193929 -0.0581439  0.0570489 -0.0412635 0.0106086 -0.00521616 0.999078
1311867757.883382 -0.0160271 -0.0584552  0.0564527 -0.0428499 0.00915422 -0.0054214 0.999025
1311867757.915530 -0.0148724 -0.0577581  0.0562338 -0.0441268 0.00858747 -0.00537083 0.998975
1311867757.955436 -0.0137072 -0.0574671  0.0560344 -0.045635 0.00822244 -0.00566888 0.998908
1311867757.983392 -0.0127059 -0.0597354  0.0575618 -0.0473128 0.00806625 -0.00601476 0.998829
1311867758.015436 -0.0174552 -0.0601892  0.0562499 -0.0484356 0.00974909 -0.00650391 0.998758
1311867758.055746 -0.0155396 -0.0589443  0.0554778 -0.0492273 0.00895276 -0.00667482 0.998725
1311867758.083435  -0.014937 -0.0579134   0.055078 -0.0502432 0.00902389 -0.0067328 0.998674
1311867758.115454 -0.0163626 -0.0578679  0.0555628 -0.0516916 0.00939166 -0.00692333 0.998595
1311867758.152618 -0.0160059 -0.0577307  0.0560318 -0.0531398 0.00901196 -0.00713183 0.998521
1311867758.183320 -0.0168644 -0.0576757  0.0567777 -0.0547751 0.00913207 -0.00737114 0.99843
1311867758.215344 -0.0134683 -0.0566266  0.0550319 -0.0561773 0.00852894 -0.007246 0.998358
1311867758.256243 -0.0119579 -0.0557054   0.053321 -0.0574275 0.00868461 -0.00744508 0.998284
1311867758.283674 -0.0152564 -0.0567186  0.0538741 -0.059469 0.0104026 -0.00802212 0.998144
1311867758.315323  -0.014763 -0.0565353  0.0538895 -0.0612937 0.0106088 -0.00831931 0.998029
1311867758.353955 -0.0162229 -0.0577772  0.0553011 -0.0633988 0.0113078 -0.00892977 0.997884
1311867758.383250 -0.0167137 -0.0576325  0.0553293 -0.0644227 0.0116298 -0.00908094 0.997814
1311867758.415529 -0.0167716 -0.0579287  0.0559173 -0.0664362 0.0122514 -0.00907806 0.997674
1311867758.453686 -0.0111896 -0.0581009  0.0548489 -0.0679285 0.0108526 -0.00881555 0.997592
1311867758.483463 -0.0103531  -0.057765   0.055751 -0.0674837 0.00982894 -0.00878637 0.997633
1311867758.515256 -0.0104356 -0.0529997  0.0516192 -0.0664264 0.0101638 -0.00836959 0.997704
1311867758.552890 -0.0134422  -0.056874  0.0541441 -0.0698541 0.0116419 -0.00810778 0.997456
1311867758.583696 -0.00824863  -0.0568918   0.0542093 -0.070182 0.00955607 -0.00764937 0.997459
1311867758.615453 -0.00852835  -0.0559248   0.0530095 -0.0704338 0.00957254 -0.00737472 0.997443
1311867758.653497  -0.011899 -0.0568611  0.0553793 -0.0730042 0.0109329 -0.00810865 0.997239
1311867758.683486 -0.0100416 -0.0585359  0.0567968 -0.073902 0.0103953 -0.00843094 0.997176
1311867758.715316 -0.0118714 -0.0571024  0.0559783 -0.0739725 0.0108737 -0.0084618 0.997165
1311867758.751384 -0.00829694  -0.0580182   0.0545918 -0.0752635 0.00994217 -0.00843467 0.997078
1311867758.783337 -0.0100013 -0.0592893   0.055711 -0.0761692 0.0104783 -0.00843402 0.997004
1311867758.815429 -0.0121375 -0.0582624  0.0565912 -0.0770474 0.0110605 -0.00846691 0.99693
1311867758.851427 -0.0128064 -0.0580643  0.0570068 -0.0788766 0.0115422 -0.0083909 0.996782
1311867758.883706 -0.0101567 -0.0589687  0.0587385 -0.0805238 0.0102725 -0.00814045 0.996667
1311867758.915348 -0.00569457   -0.056124   0.0557892 -0.0807059 0.00810849 -0.00769979 0.996675
1311867758.951451 -0.00540045  -0.0537182   0.0535397 -0.0827907 0.00827864 -0.00789798 0.996501
1311867758.983527 -0.00690717  -0.0547038   0.0553362 -0.0866257 0.00890872 -0.00845657 0.996165
1311867759.015527 -0.00716677  -0.0571394   0.0582367 -0.0899793 0.00859501 -0.008514 0.99587
1311867759.051490 -0.0055712  -0.055635    0.05646 -0.0909137 0.00811761 -0.00820913 0.995792
1311867759.083506 -0.00344117  -0.0548283   0.0554566 -0.0915288 0.00788367 -0.00809745 0.995738
1311867759.115371 -0.00404766  -0.0547959   0.0549572 -0.0917847 0.00840772 -0.00825801 0.995709
1311867759.151458 -0.00789355  -0.0542197    0.056042 -0.0924051 0.0100711 -0.00874991 0.995632
1311867759.183430 -0.0115838 -0.0554376  0.0582198 -0.0940675 0.0117979 -0.00906823 0.995455
1311867759.215466 -0.0153035 -0.0552236  0.0595608 -0.0954917 0.0130205 -0.00934499 0.995301
1311867759.251572 -0.0146933 -0.0546059  0.0591112 -0.096778 0.0126835 -0.00916787 0.995183
1311867759.283514 -0.0143492 -0.0531802  0.0581188 -0.0976206 0.0128508 -0.00912571 0.995099
1311867759.315484 -0.0159095 -0.0542286  0.0606379 -0.0997895 0.0135435 -0.00934873 0.994872
1311867759.351579 -0.0158186 -0.0535013  0.0606365 -0.100523 0.0129056 -0.00898025 0.994811
1311867759.383434     -0.015 -0.0524682  0.0596823 -0.101993 0.0124897 -0.00926402 0.994664
1311867759.415399 -0.0171416 -0.0541055  0.0612152 -0.104278 0.013263 -0.00999528 0.99441
1311867759.451427 -0.0133776 -0.0528526  0.0595911 -0.10442 0.0120037 -0.0101919 0.994409
1311867759.483452 -0.0129284 -0.0525277  0.0591714 -0.104791 0.0118461 -0.0103577 0.99437
1311867759.515290 -0.0129904 -0.0519715  0.0590636 -0.105906 0.0116287 -0.0104355 0.994253
1311867759.551486 -0.0119681 -0.0523127  0.0592108 -0.10706 0.0111391 -0.0103613 0.994136
1311867759.583683 -0.0117907 -0.0503349  0.0577399 -0.10747 0.0109352 -0.0102956 0.994095
1311867759.615513 -0.0113273 -0.0495945  0.0563101 -0.10891 0.0103964 -0.0100479 0.993946
1311867759.651549 -0.0105964 -0.0505017  0.0580945 -0.110979 0.00955439 -0.0101081 0.993725
1311867759.683517 -0.00983712  -0.0493948   0.0574008 -0.111725 0.00929459 -0.0103179 0.993642
1311867759.715616 -0.00878591  -0.0484531   0.0563793 -0.113212 0.00922012 -0.01008 0.993477
1311867759.751526 -0.00910416  -0.0489643   0.0572127 -0.115111 0.00893065 -0.0101131 0.993261
1311867759.783548 -0.00786775  -0.0493772   0.0557355 -0.11609 0.00811579 -0.00975833 0.993158
1311867759.815529 -0.00962513  -0.0486578   0.0566809 -0.11824 0.00867283 -0.0100556 0.992896
1311867759.851463 -0.00937196  -0.0496578   0.0586343 -0.12048 0.00876478 -0.0105489 0.992621
1311867759.883509 -0.00505181  -0.0487532   0.0579262 -0.121203 0.00756399 -0.00973953 0.992551
1311867759.915563 -0.00727352  -0.0479815   0.0577148 -0.123614 0.00848949 -0.0101714 0.992242
1311867759.951482 -0.0110588 -0.0473315   0.061331 -0.126147 0.00999342 -0.0111992 0.991898
1311867759.983536 -0.00782459  -0.0473919   0.0594818 -0.126848 0.00917303 -0.0109113 0.99182
1311867760.015517 -0.0077013 -0.0451227  0.0583816 -0.128387 0.00983647 -0.0109675 0.991615
1311867760.051578 -0.00875536  -0.0463844   0.0609624 -0.131566 0.0102583 -0.0114537 0.991188
1311867760.083392 -0.00630724  -0.0474086   0.0625031 -0.132632 0.0093237 -0.0109593 0.991061
1311867760.115531 -0.00751725  -0.0465955   0.0626823 -0.133509 0.0100795 -0.0107727 0.990938
1311867760.151587 -0.00730346  -0.0471158    0.062703 -0.1357 0.01075 -0.0107685 0.990633
1311867760.183542 -0.00208616  -0.0474728   0.0629246 -0.136674 0.00923109 -0.00991424 0.990523
1311867760.215482 -0.00181457  -0.0461029   0.0617499 -0.137318 0.00959777 -0.00939914 0.990436
1311867760.251504 -0.00533911  -0.0464988   0.0630147 -0.14037 0.0113883 -0.00966639 0.989986
1311867760.283814 -0.00179022  -0.0478157   0.0633202 -0.142443 0.0101536 -0.00896785 0.98971
1311867760.315520 -0.00219003  -0.0467067   0.0636184 -0.143674 0.00990872 -0.00831221 0.989541
1311867760.351519 -0.00349299  -0.0443342   0.0628182 -0.14556 0.0102624 -0.00846432 0.98926
1311867760.383551 -0.00438976  -0.0440333   0.0615978 -0.148223 0.011059 -0.00902666 0.988851
1311867760.415527 -0.0026279 -0.0436917  0.0624739 -0.150012 0.0105296 -0.00818333 0.988594
1311867760.451527 -0.00541082  -0.0423126   0.0603521 -0.151793 0.0110779 -0.00855222 0.988313
1311867760.483710 -0.0021042 -0.0418034  0.0596244 -0.154191 0.0100888 -0.00844468 0.987953
1311867760.515609 0.00331187 -0.0411489  0.0588296 -0.155105 0.00805151 -0.00763578 0.987836
1311867760.551538 0.00284598  -0.038778  0.0576042 -0.155989 0.00784181 -0.00768111 0.987698
1311867760.583665 0.00273899 -0.0383065  0.0577294 -0.158184 0.00770722 -0.00760337 0.98735
1311867760.615420 0.00371482  -0.037728  0.0587912 -0.159358 0.00679969 -0.00723211 0.987171
1311867760.651259 0.00535209 -0.0366147  0.0582849 -0.160226 0.00589001 -0.00654586 0.987041
1311867760.683484 0.00323851 -0.0347641  0.0559763 -0.162349 0.00669751 -0.00714678 0.986685
1311867760.715443 0.00801084 -0.0366486  0.0572562 -0.165396 0.00514427 -0.00690084 0.98619
1311867760.751576  0.0115116 -0.0368994  0.0562315 -0.166242 0.00407337 -0.00592669 0.986059
1311867760.783655 0.00843042  -0.035869  0.0572728 -0.169045 0.00507533 -0.00644559 0.985574
1311867760.815558 0.00915815 -0.0373887  0.0577886 -0.171373 0.00443468 -0.00678195 0.985173
1311867760.851449  0.0121968 -0.0377994  0.0565334 -0.171522 0.00308284 -0.00601591 0.985157
1311867760.883494 0.00941441 -0.0365051  0.0560269 -0.17274 0.00429593 -0.00707799 0.984933
1311867760.919426  0.0101677 -0.0380983  0.0565928 -0.174399 0.00418662 -0.00741126 0.984638
1311867760.951596  0.0116049 -0.0386506  0.0560418 -0.174575 0.00335699 -0.006635 0.984616
1311867760.983476 0.00667597 -0.0375085  0.0559091 -0.175671 0.00490544 -0.00798131 0.984404
1311867761.019715 0.00518384 -0.0397411  0.0568472 -0.177966 0.00622904 -0.00893614 0.983976
1311867761.051626 0.00555097 -0.0407677  0.0554825 -0.178303 0.00634892 -0.00854112 0.983918
1311867761.083466 0.00174726 -0.0404469  0.0563246 -0.179775 0.00729747 -0.00871582 0.983642
1311867761.119674 0.00744144 -0.0402706  0.0551842 -0.181293 0.00527493 -0.00768567 0.983385
1311867761.151536 0.00734034 -0.0406543  0.0566475 -0.182424 0.00491101 -0.00727616 0.983181
1311867761.183490 0.00502945 -0.0405218  0.0578267 -0.184398 0.00598626 -0.00673385 0.98281
1311867761.219717 0.00578646 -0.0420441  0.0574357 -0.187601 0.00639994 -0.00629761 0.982204
1311867761.251600 0.00816643 -0.0408691  0.0610604 -0.188223 0.0053186 -0.00563152 0.982096
1311867761.283736 0.00861335  -0.041713  0.0583227 -0.188322 0.0050181 -0.00500913 0.982082
1311867761.319549 0.00608239 -0.0420305  0.0604353 -0.190986 0.00681735 -0.00610881 0.98155
1311867761.351646  0.0103616 -0.0423502  0.0602894 -0.191102 0.00572553 -0.00513528 0.98154
1311867761.383458 0.0062434 -0.041051 0.0600137 -0.190995 0.00646218 -0.005933 0.981552
1311867761.419595 0.00371523 -0.0425164  0.0596428 -0.19322 0.00819233 -0.00659361 0.981099
1311867761.451658 -0.00092529  -0.0427128   0.0639799 -0.194123 0.00878425 -0.00691606 0.980913
1311867761.483630 0.00369219 -0.0421366  0.0639475 -0.193588 0.00634842 -0.00599815 0.981044
1311867761.519559 0.00364845   -0.04071  0.0600863 -0.194731 0.00791296 -0.00639141 0.980804
1311867761.551650 0.00319262 -0.0413449  0.0598316 -0.196658 0.00919647 -0.00661586 0.980407
1311867761.583558 0.00436151 -0.0405074   0.061753 -0.196917 0.00828281 -0.00596703 0.980367
1311867761.619570 0.00339355 -0.0399791  0.0605287 -0.198221 0.00828016 -0.0067128 0.980099
1311867761.651653 -0.000284991   -0.0411011    0.0616715 -0.200912 0.010054 -0.00811013 0.979524
1311867761.683766 0.00180193 -0.0419853  0.0607669 -0.201518 0.00960611 -0.00790076 0.979406
1311867761.719685 -0.000585534   -0.0401278    0.0605529 -0.202556 0.0103162 -0.00844874 0.97918
1311867761.751519 -0.00259031  -0.0392366   0.0593765 -0.205169 0.0110749 -0.00928602 0.97862
1311867761.783531 -0.00090146  -0.0411515    0.060509 -0.207451 0.0111533 -0.00942984 0.978136
1311867761.819471 -0.0039294 -0.0408948  0.0621133 -0.207853 0.0119728 -0.0101822 0.978034
1311867761.851766 -0.00134072  -0.0409886   0.0607458 -0.208786 0.0118602 -0.0102352 0.977836
1311867761.883705 0.00113816 -0.0417075  0.0605145 -0.209137 0.0119852 -0.00999992 0.977762
1311867761.919739 -0.00155539  -0.0416379   0.0604824 -0.209203 0.0125058 -0.00997207 0.977741
1311867761.951747 -0.00506662   -0.039673    0.061096 -0.210883 0.0127118 -0.010717 0.97737
1311867761.983539 -0.00473568  -0.0390622   0.0627416 -0.213749 0.0130957 -0.0112016 0.976737
1311867762.019551 -0.00056267   -0.038957   0.0621637 -0.215471 0.0122643 -0.0107377 0.976374
1311867762.051559 -0.00586709  -0.0396384    0.062658 -0.217322 0.0127334 -0.011303 0.975951
1311867762.083598 -0.00504158  -0.0398832   0.0616705 -0.218667 0.0119216 -0.0111895 0.975662
1311867762.119596 -0.00181566  -0.0396992   0.0605622 -0.219098 0.0109824 -0.0104451 0.975585
1311867762.151818 -0.0040149 -0.0385592  0.0611661 -0.220315 0.011459 -0.0105866 0.975304
1311867762.183764 -0.00692859  -0.0371345   0.0627654 -0.222075 0.0116043 -0.0106982 0.974902
1311867762.219635 -0.00647136  -0.0366606   0.0613508 -0.223682 0.0109265 -0.0106295 0.974543
1311867762.251950 -0.00733853  -0.0369375   0.0634986 -0.225633 0.0111586 -0.0109201 0.974087
1311867762.283705 -0.00971867  -0.0358916   0.0653367 -0.22731 0.0120531 -0.0112772 0.973683
1311867762.319614 -0.00728874  -0.0357951   0.0651483 -0.229176 0.011214 -0.0105132 0.973264
1311867762.351479 -0.00795996  -0.0354577   0.0655569 -0.230254 0.0109643 -0.0104716 0.973013
1311867762.383902 -0.0114508 -0.0366029  0.0651043 -0.231292 0.0117777 -0.0111472 0.972749
1311867762.419945 -0.0124907 -0.0356506  0.0665881 -0.232891 0.0121185 -0.0115033 0.972359
1311867762.451700 -0.0111282 -0.0356423  0.0646818 -0.233207 0.0120441 -0.0116533 0.972283
1311867762.483809 -0.0146595 -0.0353733  0.0640132 -0.233658 0.0134831 -0.0124608 0.972145
1311867762.519787 -0.0159527 -0.0364455  0.0647121 -0.235567 0.0142324 -0.0127182 0.971671
1311867762.551695 -0.0179206  -0.036785  0.0679448 -0.236436 0.0152276 -0.0135749 0.971433
1311867762.583777 -0.0147029 -0.0376664  0.0659998 -0.236292 0.0151691 -0.0124552 0.971484
1311867762.619684 -0.0171523 -0.0363351  0.0666155 -0.237456 0.0160302 -0.0129431 0.97118
1311867762.651659 -0.0128414 -0.0370779  0.0652079 -0.238948 0.0160397 -0.0124354 0.97082
1311867762.683563  -0.012628 -0.0390509  0.0664939 -0.24043 0.0168629 -0.0126991 0.970437
1311867762.719652 -0.0163778 -0.0389264  0.0638197 -0.241022 0.0181531 -0.0130337 0.970262
1311867762.751712 -0.0183963 -0.0376723  0.0656666 -0.243334 0.0188787 -0.0134625 0.969665
1311867762.783687 -0.0159845 -0.0388772  0.0654532 -0.245456 0.0191293 -0.0134527 0.969126
1311867762.819522 -0.014194  -0.03957 0.0637194 -0.245309 0.0189104 -0.0125868 0.969179
1311867762.851812 -0.0165856 -0.0366266  0.0645988 -0.246393 0.0190726 -0.0118149 0.96891
1311867762.883631 -0.0125783 -0.0378988  0.0640524 -0.248462 0.0183147 -0.0114098 0.968401
1311867762.919680 -0.00900918  -0.0383485   0.0622696 -0.248109 0.0185196 -0.0106001 0.968497
1311867762.951627 -0.00959869  -0.0370321   0.0625007 -0.248655 0.0192419 -0.0103841 0.968345
1311867762.983871 -0.00665515  -0.0363352   0.0636154 -0.251204 0.0192234 -0.00966343 0.967695
1311867763.019658 -0.00640625  -0.0368625   0.0670292 -0.252412 0.0185741 -0.00943254 0.967395
1311867763.051854 -0.0089498 -0.0351941  0.0666524 -0.253333 0.0196494 -0.00984575 0.96713
1311867763.083715   -0.01151 -0.0344199  0.0655476 -0.255441 0.0207538 -0.0109824 0.96654
1311867763.119648 -0.0108568   -0.03575  0.0654182 -0.256425 0.0207816 -0.011326 0.966274
1311867763.151576  -0.010998 -0.0353531  0.0632461 -0.25622 0.0210115 -0.0114549 0.966322
1311867763.183786 -0.0135793  -0.036162    0.06412 -0.258342 0.0214698 -0.0126703 0.965732
1311867763.219790 -0.0136201 -0.0369295  0.0637206 -0.258999 0.0216429 -0.0129824 0.965548
1311867763.251746 -0.0124575 -0.0379142  0.0618965 -0.258593 0.0213149 -0.0128104 0.965666
1311867763.283565 -0.0152924 -0.0369022  0.0630458 -0.259989 0.0217482 -0.0134607 0.965273
1311867763.319701 -0.0155733 -0.0372254  0.0618432 -0.26005 0.0211114 -0.0128079 0.965279
1311867763.351681 -0.0151793  -0.038972  0.0613291 -0.260341 0.0203173 -0.0128923 0.965217
1311867763.383812 -0.0174269 -0.0362786  0.0609835 -0.260407 0.0212966 -0.0135429 0.965169
1311867763.419547 -0.0189819 -0.0362653  0.0625003 -0.261302 0.0218376 -0.0137979 0.964911
1311867763.451712 -0.0218316 -0.0336798  0.0641088 -0.261134 0.0215279 -0.0135417 0.964967
1311867763.483905 -0.0230835 -0.0323887  0.0611789 -0.261742 0.0217825 -0.0137949 0.964793
1311867763.519691 -0.0230358 -0.0314222  0.0625868 -0.262551 0.0216952 -0.0139892 0.964573
1311867763.551876 -0.0243739 -0.0324614  0.0610185 -0.261593 0.021514 -0.0140576 0.964836
1311867763.583866 -0.0260019 -0.0305169  0.0610137 -0.263536 0.0222161 -0.0151507 0.964275
1311867763.619728 -0.0265128 -0.0309641  0.0622185 -0.264967 0.0229627 -0.0155171 0.963859
1311867763.651710 -0.0290117 -0.0303134   0.063612 -0.264291 0.0230596 -0.0155029 0.964043
1311867763.683659 -0.0310628 -0.0279094  0.0638447 -0.265452 0.0232942 -0.0152125 0.963723
1311867763.719552 -0.0300249 -0.0295881  0.0640687 -0.266802 0.0235862 -0.0150538 0.963345
1311867763.751807 -0.0295404 -0.0304775  0.0625869 -0.266746 0.0235503 -0.0148383 0.963365
1311867763.783621 -0.0277456  -0.029982  0.0613709 -0.267681 0.0232188 -0.014819 0.963114
1311867763.819634 -0.0301499 -0.0288258  0.0624841 -0.269259 0.0240698 -0.0153723 0.962644
1311867763.851935  -0.028793 -0.0302791  0.0622973 -0.269755 0.0240221 -0.0154347 0.962506
1311867763.883728 -0.0292185 -0.0287138  0.0623707 -0.270178 0.024384 -0.0161038 0.962367
1311867763.919475 -0.0303623 -0.0291025  0.0603052 -0.27178 0.0253472 -0.0167289 0.96188
1311867763.951902 -0.0267967  -0.030865  0.0630095 -0.273225 0.0239053 -0.0162469 0.961516
1311867763.983980  -0.027968 -0.0304804  0.0631581 -0.273418 0.0240735 -0.0167798 0.961448
1311867764.019844 -0.0254046 -0.0319848  0.0612291 -0.275512 0.0240542 -0.0166578 0.960852
1311867764.051729 -0.0266148 -0.0319069  0.0622197 -0.275622 0.0241553 -0.0164507 0.960822
1311867764.083761 -0.0221107 -0.0307501  0.0617759 -0.275123 0.0225644 -0.0155022 0.961019
1311867764.119639  -0.023735 -0.0303811  0.0614253 -0.276978 0.0233974 -0.0154074 0.960468
1311867764.151718 -0.0246822 -0.0291249  0.0616872 -0.276838 0.0235148 -0.0149358 0.960513
1311867764.183758 -0.0202092 -0.0296357  0.0614561 -0.276181 0.0220775 -0.0140369 0.960749
1311867764.219766 -0.0199891 -0.0279496  0.0599964 -0.277711 0.0223484 -0.0140418 0.960302
1311867764.251739 -0.0185411 -0.0285016  0.0623664 -0.278537 0.0217047 -0.0134099 0.960087
1311867764.283692 -0.0177929 -0.0291751  0.0606675 -0.277984 0.0218254 -0.0123202 0.960259
1311867764.319837 -0.0195972 -0.0277274  0.0621306 -0.280572 0.0222669 -0.0136497 0.959478
1311867764.351804 -0.0128426 -0.0277601  0.0634177 -0.281643 0.0210555 -0.012216 0.959211
1311867764.383746 -0.0146678 -0.0280655  0.0623626 -0.280376 0.0210413 -0.0117785 0.959587
1311867764.419716 -0.0180682 -0.0256563  0.0622009 -0.282581 0.0223284 -0.0130522 0.958895
1311867764.451809 -0.0172956 -0.0267239  0.0618965 -0.284108 0.0235729 -0.0123897 0.958422
1311867764.483742 -0.0139509 -0.0269093  0.0610704 -0.282839 0.0225105 -0.0122158 0.958825
1311867764.519813 -0.0157857 -0.0251163  0.0619568 -0.285023 0.0234009 -0.0135146 0.95814
1311867764.551687 -0.0109456 -0.0263634  0.0619085 -0.286658 0.0231681 -0.0133636 0.957659
1311867764.584026 -0.0111117 -0.0253515  0.0618251 -0.285273 0.023221 -0.0129648 0.958077
1311867764.619778 -0.00894964  -0.0253149   0.0600009 -0.286045 0.0225506 -0.0127967 0.957865
1311867764.651707 -0.00791647  -0.0252913   0.0597401 -0.287184 0.0224041 -0.012511 0.957532
1311867764.683818 -0.00809999  -0.0259846   0.0603672 -0.286618 0.0222714 -0.0120972 0.95771
1311867764.719783 -0.0101506 -0.0243337  0.0606702 -0.287026 0.0226654 -0.012673 0.957571
1311867764.751658 -0.0090764 -0.0240869  0.0586223 -0.288638 0.022582 -0.0124287 0.957091
1311867764.783739 -0.00982345  -0.0225224   0.0595672 -0.287544 0.0215849 -0.0118967 0.95745
1311867764.819705 -0.00998949  -0.0242033   0.0571263 -0.287913 0.0218941 -0.0117256 0.957335
1311867764.851721 -0.00723143  -0.0237714   0.0582714 -0.290039 0.0216223 -0.0123343 0.956691
1311867764.883915 -0.00757044  -0.0249939   0.0581099 -0.288591 0.0214999 -0.0125421 0.957129
1311867764.919866 -0.00937438   -0.025065   0.0560048 -0.288719 0.0216085 -0.0127441 0.957085
1311867764.951787 -0.00908956  -0.0246658   0.0588684 -0.289371 0.0212107 -0.0126037 0.956899
1311867764.983901 -0.0116543 -0.0249242  0.0599272 -0.287096 0.0215626 -0.0133889 0.957565
1311867765.019748   -0.01173 -0.0275461  0.0576563 -0.287074 0.0218874 -0.0133078 0.957566
1311867765.051756 -0.0118807 -0.0252492  0.0593375 -0.286457 0.0213175 -0.0135035 0.957761
1311867765.083806 -0.0116717 -0.0251572  0.0602783 -0.284965 0.0213175 -0.0133954 0.958207
1311867765.119649 -0.0128656 -0.0256345  0.0573997 -0.284653 0.0216954 -0.0136607 0.958288
1311867765.151791 -0.0111282 -0.0255887  0.0581323 -0.284752 0.0213035 -0.0130875 0.958275
1311867765.183708 -0.0138368 -0.0268866  0.0595776 -0.284895 0.0211538 -0.0133962 0.958232
1311867765.219855  -0.015773 -0.0270927  0.0603708 -0.28626 0.0212124 -0.0147079 0.957804
1311867765.251799 -0.0125717 -0.0269301  0.0591321 -0.286237 0.0205616 -0.0142827 0.957832
1311867765.283837 -0.0126416 -0.0274759  0.0587918 -0.285954 0.0198672 -0.014399 0.957929
1311867765.319907 -0.0121127 -0.0251588  0.0587851 -0.286962 0.0196098 -0.0143053 0.957634
1311867765.351849 -0.0113846 -0.0239894  0.0613224 -0.287066 0.0186218 -0.0142107 0.957624
1311867765.383818 -0.0116862 -0.0239284  0.0610917 -0.286801 0.0183467 -0.0144423 0.957706
1311867765.419922 -0.0118217 -0.0252631  0.0610428 -0.288471 0.0179678 -0.0152747 0.957198
1311867765.452008 -0.00901498  -0.0231996   0.0614425 -0.28717 0.0161823 -0.0146488 0.957631
1311867765.483952 -0.00884314  -0.0245019   0.0618429 -0.286107 0.0158533 -0.0150952 0.957947
1311867765.519789 -0.00662191  -0.0249708   0.0620458 -0.286242 0.01523 -0.0152229 0.957915
1311867765.551818 -0.00834545  -0.0233665   0.0638978 -0.284532 0.0153697 -0.0147283 0.95843
1311867765.583843 -0.00854097  -0.0227559   0.0627141 -0.282856 0.0146444 -0.0146776 0.958938
1311867765.619789 -0.0121965 -0.0242536  0.0646361 -0.283724 0.0153259 -0.0157172 0.958655
1311867765.651895 -0.0132408 -0.0216508  0.0638101 -0.281734 0.015495 -0.0154083 0.959244
1311867765.683855 -0.0116297 -0.0221204  0.0628307 -0.281284 0.0150544 -0.0147423 0.959393
1311867765.719796 -0.0101877 -0.0215774  0.0642476 -0.281573 0.0151264 -0.0147656 0.959307
1311867765.751734 -0.00903623  -0.0196026   0.0666326 -0.28088 0.0149293 -0.0141591 0.959522
1311867765.784033 -0.00998958  -0.0191559   0.0675977 -0.280461 0.0151082 -0.0143698 0.959639
1311867765.819946 -0.0119479 -0.0195885  0.0654006 -0.279964 0.0163033 -0.0140923 0.959769
1311867765.851869 -0.0127227 -0.0193147  0.0657462 -0.279284 0.0163329 -0.0142399 0.959964
1311867765.883987 -0.0127677 -0.0179714  0.0676898 -0.278214 0.0159026 -0.014429 0.960279
1311867765.919823 -0.0127488 -0.0180876  0.0673499 -0.277128 0.0158517 -0.0144312 0.960594
1311867765.951937 -0.0135777 -0.0171599  0.0685571 -0.276515 0.0163866 -0.0149471 0.960754
1311867765.983944 -0.0136073 -0.0176117  0.0698879 -0.27635 0.0168062 -0.0145186 0.960801
1311867766.019938  -0.014455 -0.0169458  0.0701772 -0.275935 0.0167481 -0.0145177 0.960921
1311867766.051953 -0.0130556 -0.0168274  0.0708663 -0.275288 0.0165372 -0.0139087 0.961119
1311867766.083975 -0.0176251 -0.0167709   0.071555 -0.274523 0.0179594 -0.014678 0.961301
1311867766.119985 -0.0224251 -0.0159197  0.0710463 -0.273501 0.019838 -0.0159971 0.961534
1311867766.151794 -0.0208743 -0.0147389  0.0725091 -0.271817 0.0196831 -0.0161034 0.962013
1311867766.183897 -0.0219845 -0.0168458  0.0715204 -0.26995 0.0201876 -0.016633 0.962519
1311867766.219931 -0.0254191   -0.01644  0.0736694 -0.268318 0.0212412 -0.0177536 0.962932
1311867766.251995 -0.0254676 -0.0159431  0.0714251 -0.265883 0.0226299 -0.0187262 0.963558
1311867766.283952 -0.0270765 -0.0168862   0.070612 -0.263219 0.0238207 -0.0185403 0.964264
1311867766.319909  -0.024622 -0.0183199   0.068532 -0.260096 0.0232854 -0.0175268 0.965143
1311867766.352022 -0.0277444  -0.017625  0.0699085 -0.258693 0.0243455 -0.0178341 0.965488
1311867766.383977 -0.0306677 -0.0181982  0.0708104 -0.257361 0.0250897 -0.017596 0.965829
1311867766.419999 -0.0258342 -0.0175193  0.0673106 -0.254898 0.0241671 -0.0159882 0.966534
1311867766.451950 -0.0279692 -0.0191591  0.0651114 -0.254739 0.0245951 -0.0162774 0.96656
1311867766.483821 -0.0283528 -0.0184068  0.0681011 -0.254592 0.0241194 -0.0160708 0.966614
1311867766.520019 -0.0261501 -0.0168566  0.0663686 -0.252887 0.0225592 -0.015495 0.967109
1311867766.551985 -0.0237085 -0.0174003   0.064812 -0.252623 0.0217297 -0.0149765 0.967205
1311867766.583871 -0.0254074 -0.0177384  0.0655925 -0.25292 0.0217952 -0.0155772 0.967116
1311867766.619845 -0.0246575 -0.0163875  0.0660561 -0.251732 0.0208747 -0.015268 0.967451
1311867766.651946  -0.027814 -0.0139601  0.0673276 -0.251947 0.020662 -0.0153646 0.967398
1311867766.683889 -0.0299782 -0.0130053  0.0689529 -0.25361 0.0195802 -0.0150619 0.966991
1311867766.719899 -0.0272965 -0.0121285  0.0697854 -0.253844 0.0173903 -0.0138618 0.966989
1311867766.751946 -0.0318904 -0.0108963  0.0675894 -0.252459 0.016952 -0.0137864 0.967361
1311867766.783893  -0.0302205 -0.00752137   0.0677185 -0.253042 0.0159057 -0.0135009 0.96723
1311867766.819832  -0.0286669 -0.00568263   0.0691172 -0.25297 0.0152606 -0.0132246 0.967263
1311867766.851915 -0.0329494 -0.0047552  0.0711507 -0.251284 0.0149452 -0.0134125 0.967705
1311867766.883994  -0.0315686 -0.00510231   0.0693382 -0.250151 0.0142915 -0.0137365 0.968004
1311867766.919854   -0.031462 -0.00501464   0.0703704 -0.249848 0.0148988 -0.0152346 0.96805
1311867766.952069   -0.034625 -0.00486698   0.0724962 -0.247599 0.0151773 -0.0155386 0.968619
1311867766.983903  -0.0328306 -0.00373787   0.0727349 -0.2445 0.0136907 -0.015213 0.969433
1311867767.020207  -0.0287793 -0.00380843   0.0712487 -0.243004 0.0129918 -0.0149643 0.969823
1311867767.052020  -0.0317767 -0.00383561   0.0721955 -0.241692 0.0140601 -0.0157046 0.970124
1311867767.084046  -0.0292956 -0.00424062   0.0730187 -0.239731 0.0134271 -0.0153274 0.970626
1311867767.120002  -0.0259757 -0.00236231   0.0705226 -0.237571 0.0123787 -0.0144876 0.971183
1311867767.152276 -0.0254199 -0.0032438  0.0690868 -0.237699 0.0122916 -0.0147292 0.971149
1311867767.183870  -0.0217393 -0.00453836   0.0723631 -0.237671 0.0111239 -0.0137466 0.971185
1311867767.219810  -0.0204073 -0.00357721   0.0729952 -0.236764 0.0104912 -0.0132361 0.97142
1311867767.252281  -0.0164437 -0.00411318   0.0723732 -0.236163 0.00952103 -0.0119631 0.971593
1311867767.283793  -0.014428 -0.0039187   0.074569 -0.234586 0.00786706 -0.0115601 0.971995
1311867767.319898  -0.0171877 -0.00359902   0.0755701 -0.231966 0.00777802 -0.0118876 0.97262
1311867767.351889  -0.0149047 -0.00476501   0.0736713 -0.230701 0.00728009 -0.0119335 0.972924
1311867767.384339  -0.0180441 -0.00572142   0.0745038 -0.229516 0.00780938 -0.0130705 0.973186
1311867767.420265  -0.0184989 -0.00677324   0.0748791 -0.226716 0.0068415 -0.0134138 0.973845
1311867767.452035  -0.0140643 -0.00549115   0.0714467 -0.224014 0.00553997 -0.0128529 0.974485
1311867767.483975  -0.0122849 -0.00718917   0.0731829 -0.224055 0.00523964 -0.0132228 0.974473
1311867767.520331 -0.00982789  -0.0092282   0.0725264 -0.222241 0.0042497 -0.0127031 0.9749
1311867767.552109  -0.0113876 -0.00935099   0.0713248 -0.220165 0.00416931 -0.0124526 0.975374
1311867767.583862 -0.00678187  -0.0112925    0.070482 -0.219078 0.00260359 -0.0113913 0.975637
1311867767.620105 -0.00801316 -0.00930878   0.0709904 -0.217038 0.00284284 -0.0110871 0.976096
1311867767.652071  -0.0101907 -0.00751795   0.0721092 -0.215784 0.00274556 -0.0109766 0.976376
1311867767.684040 -0.00655524 -0.00806026   0.0709918 -0.215096 0.00150161 -0.010256 0.976538
1311867767.720054  -0.0058403 -0.00744289   0.0724013 -0.214269 0.00131711 -0.0100451 0.976722
1311867767.751999 -0.000155677  -0.00632052    0.0734319 -0.21311 -0.000378826 -0.00892664 0.976987
1311867767.784112 -5.58111e-05  -0.00473114    0.0747614 -0.212097 -0.000405754 -0.00886108 0.977208
1311867767.819999 0.000213069 -0.00459009   0.0744639 -0.211788 -0.000342069 -0.00854283 0.977278
1311867767.852040 3.09089e-05 -0.00341387   0.0764944 -0.211591 -0.000909364 -0.00835196 0.977322
1311867767.883981 -0.00501533 -0.00197824     0.07705 -0.209861 -0.000247819 -0.00904814 0.977689
1311867767.919990 -0.00246339 -0.00541045   0.0766948 -0.208867 -0.00109662 -0.00800635 0.977911
1311867767.952113  0.00262615 -0.00551674   0.0743562 -0.206407 -0.00267934 -0.00692923 0.978438
1311867767.984118  0.00554441 -0.00315587    0.074647 -0.204947 -0.00312366 -0.00681419 0.978744
1311867768.020032   0.0107332 -0.00426016   0.0741404 -0.203817 -0.0040859 -0.00596612 0.978982
1311867768.051950  0.00956444 -0.00266144   0.0755339 -0.202204 -0.00411944 -0.00592991 0.979317
1311867768.084228   0.0101706 -0.00169801   0.0745689 -0.201461 -0.00423268 -0.0057372 0.979471
1311867768.119991    0.0144168 -0.000693207    0.0740268 -0.200866 -0.00519726 -0.00438198 0.979595
1311867768.152055    0.0136217 -4.30435e-05    0.0769066 -0.199878 -0.00507843 -0.00432231 0.979798
1311867768.184094    0.017561 0.000317908   0.0791212 -0.198021 -0.00600862 -0.00372852 0.980172
1311867768.219934  0.0219861 0.00129658  0.0757073 -0.195904 -0.00666073 -0.00270201 0.980597
1311867768.283974   0.027204 0.00563392  0.0821927 -0.191964 -0.00846341 -0.00203126 0.981363
1311867768.320106   0.021897 0.00149466  0.0806156 -0.189443 -0.00700219 -0.00277624 0.981863
1311867768.384080 0.0213439  0.003446 0.0849918 -0.187147 -0.00596573 -0.00362761 0.982307
1311867768.419935   0.0216247 0.000762695   0.0856695 -0.184722 -0.00630291 -0.0037128 0.982764
1311867768.452000  0.0218169 0.00114477  0.0829422 -0.18214 -0.00593923 -0.00383605 0.983247
1311867768.484049   0.0220286 0.000822005   0.0851954 -0.181351 -0.00536235 -0.00452656 0.983393
1311867768.520051    0.0216741 -8.00332e-05    0.0857114 -0.177884 -0.00601508 -0.00456431 0.984022
1311867768.552116     0.025592 -0.000364047    0.0832037 -0.174258 -0.00826139 -0.00339937 0.98466
1311867768.583997  0.0299238 0.00173379  0.0792359 -0.17168 -0.0096431 -0.00291382 0.985101
1311867768.619987    0.028145 0.000839306    0.079996 -0.170571 -0.00912941 -0.0036262 0.985296
1311867768.652115 0.0262849 0.0018713 0.0818758 -0.167825 -0.00947821 -0.00386559 0.985764
1311867768.683987  0.0246787 0.00187764  0.0826996 -0.16466 -0.0106664 -0.0034045 0.986287
1311867768.720072  0.0282049 0.00377918  0.0783664 -0.161915 -0.0117867 -0.00256362 0.986731
1311867768.752104  0.0235327 0.00222765  0.0809948 -0.161721 -0.0102095 -0.00352094 0.986778
1311867768.820015 0.0265511 0.0056364 0.0851237 -0.156777 -0.0123906 -0.00263196 0.987553
1311867768.852110  0.0281282 0.00427503  0.0781709 -0.154757 -0.013149 -0.00222983 0.987863
1311867768.883950  0.0283499 0.00460066  0.0765032 -0.153506 -0.0133993 -0.00228214 0.988054
1311867768.919948  0.0268433 0.00404549  0.0764353 -0.152172 -0.0137803 -0.0024128 0.988255
1311867768.952023  0.0279635 0.00357556  0.0760187 -0.151177 -0.0145011 -0.00207634 0.988398
1311867768.984041  0.0222928 0.00358157  0.0762154 -0.149991 -0.0126942 -0.00328342 0.9886
1311867769.020044  0.0216658 0.00201054  0.0774715 -0.148563 -0.0126373 -0.00348617 0.988816
1311867769.051975  0.0219367 0.00346174   0.075661 -0.145962 -0.0130979 -0.00310282 0.989199
1311867769.084027  0.0223862 0.00372357  0.0743654 -0.14529 -0.0129163 -0.00260406 0.989301
1311867769.120079  0.0229918 0.00276669  0.0746891 -0.144729 -0.0129769 -0.00223128 0.989384
1311867769.152009   0.020285 0.00289356  0.0764601 -0.143947 -0.0124049 -0.00248393 0.989504
1311867769.183990  0.0210835 0.00170434  0.0763578 -0.143361 -0.0126444 -0.00183287 0.989588
1311867769.220038    0.0156692 -0.000889724    0.0797558 -0.142624 -0.0112767 -0.00217142 0.98971
1311867769.251908   0.0163833 0.000918997   0.0801958 -0.140257 -0.0111154 -0.00180777 0.990051
1311867769.283957    0.0153464 -0.000330866    0.0819978 -0.139278 -0.0103395 -0.00223283 0.990197
1311867769.319965   0.0154848 -0.00202958   0.0816326 -0.13709 -0.0101265 -0.00302226 0.990502
1311867769.352153  0.00909561 -0.00353464   0.0840365 -0.134175 -0.00835467 -0.00419417 0.990914
1311867769.383963  0.00724572 -0.00417735   0.0858694 -0.130697 -0.00771651 -0.00441363 0.991382
1311867769.420067 0.00934739 -0.0027713   0.082622 -0.127068 -0.00825514 -0.00337472 0.991854
1311867769.451990 0.0104187 -0.001858 0.0807643 -0.124245 -0.00910052 -0.00274506 0.992206
1311867769.484083   0.0121348 -0.00353575   0.0832338 -0.122698 -0.0104368 -0.00211208 0.992387
1311867769.520066   0.0107171 -0.00287657   0.0846843 -0.12104 -0.0104406 -0.00152874 0.992592
1311867769.551969   0.0139808 -0.00364576   0.0833507 -0.11981 -0.0114556 -0.000967905 0.99273
1311867769.583993    0.011513 -0.00455042   0.0859439 -0.118389 -0.0110732 -0.00118957 0.992905
1311867769.619947    0.012676 -0.00304954   0.0834295 -0.115849 -0.0119339 -0.000834586 0.993195
1311867769.651989   0.0120596 -0.00331908   0.0834559 -0.114363 -0.0120459 -0.000881572 0.993366
1311867769.684305  0.00976388 -0.00546606   0.0865371 -0.113037 -0.0122165 -0.000784645 0.993515
1311867769.720080 0.00873573 -0.0085289  0.0884614 -0.110724 -0.0130603 -0.000637002 0.993765
1311867769.751955   0.0145297 -0.00957296   0.0866229 -0.10713 -0.0149558 0.000410556 0.994132
1311867769.783986  0.0109464 -0.0106677  0.0882108 -0.103729 -0.0132243 -1.4433e-05 0.994518
1311867769.820138  0.0114565 -0.0102888  0.0868975 -0.100487 -0.0129736 -0.000193075 0.994854
1311867769.884299  0.0159505 -0.0091933   0.092866 -0.0958253 -0.0150591 -0.000184443 0.995284
1311867769.920107  0.0141044 -0.0151398   0.085984 -0.0932511 -0.0147667 -0.000782097 0.995533
1311867769.983998  0.0187911 -0.0102544  0.0901026 -0.0867492 -0.0148803 -0.00107112 0.996118
1311867770.020120 0.00664901 -0.0137339   0.087108 -0.0844771 -0.0111647 -0.00291363 0.996359
1311867770.052162 0.00864148 -0.0131069  0.0873332 -0.0817932 -0.0113345 -0.00325059 0.99658
1311867770.087991  0.0077227 -0.0131059  0.0862689 -0.0800947 -0.0103189 -0.00367292 0.996727
1311867770.120112 0.00840722 -0.0132822  0.0853087 -0.0782657 -0.0106063 -0.00394695 0.996868
1311867770.152005 0.00765898 -0.0128327  0.0850672 -0.076461 -0.0101719 -0.0041783 0.997012
1311867770.188124 0.00751901 -0.0129929  0.0849168 -0.0751078 -0.0100781 -0.00410321 0.997116
1311867770.220186 0.00789735 -0.0136543  0.0852333 -0.0738297 -0.0103507 -0.00417419 0.997208
1311867770.252236  0.0088596 -0.0129594  0.0835527 -0.0722963 -0.0102826 -0.00416648 0.997321
1311867770.288094  0.0062821 -0.0127808  0.0842605 -0.0713259 -0.0094781 -0.00415867 0.997399
1311867770.320313 0.00762635 -0.0116004  0.0824354 -0.0699168 -0.00994146 -0.00400344 0.997495
1311867770.352391 0.00792796 -0.0111658  0.0813288 -0.0688544 -0.00948573 -0.00454211 0.997571
1311867770.388144 0.00669395  -0.011775  0.0816253 -0.0675586 -0.00877555 -0.00495861 0.997664
1311867770.420092 0.00493307 -0.0130627  0.0819164 -0.0660492 -0.00834707 -0.00551559 0.997766
1311867770.452158  0.0056908 -0.0117884  0.0810631 -0.0639719 -0.00828633 -0.00584679 0.9979
1311867770.488199 0.00563976 -0.0104759  0.0795341 -0.0626889 -0.00771918 -0.00593325 0.997986
1311867770.520147 0.00576469 -0.0112983  0.0794003 -0.0617476 -0.00777455 -0.00619534 0.998042
1311867770.552085 0.00365792 -0.0124992  0.0803557 -0.0607491 -0.00740807 -0.00686165 0.998102
1311867770.588302 0.00502238 -0.0148557  0.0810261 -0.0594026 -0.00820968 -0.0074033 0.998173
1311867770.620039 0.00554569 -0.0135273  0.0796299 -0.0566457 -0.00852724 -0.00756983 0.998329
1311867770.652219 0.00649989 -0.0130459  0.0795435 -0.0550277 -0.00875435 -0.00780147 0.998416
1311867770.688257 0.00656716 -0.0129392  0.0788877 -0.0540143 -0.00881243 -0.00825176 0.998467
1311867770.720193 0.00543191 -0.0143262  0.0794666 -0.0531845 -0.00877299 -0.00895237 0.998506
1311867770.752196 0.00493323 -0.0140783  0.0796797 -0.0513749 -0.008995 -0.00912109 0.998597
1311867770.788051 0.00717118  -0.013096  0.0795611 -0.0506817 -0.00921052 -0.00924266 0.99863
1311867770.852068 0.00893163 -0.0158528  0.0821832 -0.0492696 -0.00978061 -0.00951664 0.998692
1311867770.888304  0.0126878 -0.0154295  0.0765041 -0.0488482 -0.0111865 -0.00936083 0.9987
1311867770.920203  0.0115707 -0.0178616  0.0769231 -0.0486144 -0.0108297 -0.00990846 0.99871
1311867770.952119  0.011244 -0.017251 0.0771861 -0.0467827 -0.0110442 -0.00962799 0.998798
1311867770.988162  0.0115441 -0.0163925  0.0764237 -0.0458043 -0.0117659 -0.00907467 0.99884
1311867771.052163  0.0176239 -0.0174347  0.0789248 -0.0431366 -0.0139174 -0.00857781 0.998935
1311867771.088202 0.0112662  -0.01823 0.0740874 -0.0410193 -0.0113432 -0.00860657 0.999057
1311867771.152159 0.00788417 -0.0161473   0.079446 -0.0369831 -0.0104007 -0.00811844 0.999229
1311867771.188057  0.0056537 -0.0128928  0.0744531 -0.0343459 -0.00941565 -0.00801974 0.999333
1311867771.252415 0.00329655  -0.018237  0.0788043 -0.033865 -0.0089004 -0.00754828 0.999358
1311867771.288254 -0.000734294   -0.0157114    0.0775157 -0.0313472 -0.00801956 -0.00737088 0.999449
1311867771.320227 -0.00459564  -0.0163604   0.0786579 -0.0304983 -0.00648716 -0.00719181 0.999488
1311867771.352180 -0.00734887  -0.0163894   0.0785421 -0.0294319 -0.00526221 -0.0074375 0.999525
1311867771.388111 -0.00898877   -0.018394   0.0785359 -0.0272369 -0.00514999 -0.00783352 0.999585
1311867771.420395 -0.00455539  -0.0175718   0.0761284 -0.0248494 -0.00693574 -0.00774424 0.999637
1311867771.452193 -0.0061169 -0.0200979  0.0774977 -0.0243944 -0.00591368 -0.00789355 0.999654
1311867771.488128 -0.00711947   -0.022439   0.0773205 -0.0220014 -0.00544242 -0.0079333 0.999712
1311867771.552166 -0.0043067  -0.021856  0.0810766 -0.0166513 -0.00566635 -0.00804253 0.999813
1311867771.588366 -0.00602183  -0.0229774   0.0806507 -0.0152346 -0.00440646 -0.00840363 0.999839
1311867771.620126 -0.0068374 -0.0234341  0.0809406 -0.0130306 -0.0041637 -0.00840028 0.999871
1311867771.652215 -0.0128767 -0.0209077  0.0782095 -0.0113514 -0.00131854 -0.00855561 0.999898
1311867771.688305 -0.0213112 -0.0233923  0.0782207 -0.0106963 0.00306405 -0.00873151 0.9999
1311867771.752597 -0.0128244 -0.0242085   0.078706 -0.00565285 0.000861657 -0.00846533 0.999948
1311867771.788232  -0.017731 -0.0199906  0.0744478 -0.00287626 0.00261753 -0.00888032 0.999953
1311867771.852274 -0.0218548 -0.0241738  0.0788294 -0.00056528 0.00308341 -0.0094143 0.999951
1311867771.888135 -0.0259555 -0.0222112  0.0762774 0.000585862 0.00476434 -0.00956995 0.999943
1311867771.952258  -0.021269 -0.0238692  0.0772088 0.00172872 0.00356762 -0.0105075 0.999937
1311867771.988198 -0.0243967 -0.0223228  0.0743435 0.0025519 0.00414949 -0.0105895 0.999932
1311867772.052265 -0.0205214 -0.0240384  0.0761989 0.00415678 0.00231024 -0.0112637 0.999925
1311867772.088182 -0.0221649 -0.0201586  0.0738715 0.00663291 0.00275315 -0.0112536 0.999911
1311867772.152278 -0.0163044 -0.0205411  0.0739426 0.00894421 -0.000521489 -0.011268 0.999896
1311867772.188462 -0.0206851 -0.0190191  0.0736509 0.011329 0.000495576 -0.0113906 0.999871
1311867772.252222 -0.0176719 -0.0182342  0.0733124 0.0131393 -0.00023001 -0.0113942 0.999849
1311867772.288352 -0.0105411 -0.0195925  0.0733055 0.0142756 -0.0028227 -0.0114706 0.999828
1311867772.320219  -0.014091 -0.0199264  0.0728244 0.0149217 -0.00173394 -0.01126 0.999824
1311867772.352290 -0.0159183 -0.0180675  0.0716513 0.0156847 -0.000945305 -0.0112266 0.999814
1311867772.388312 -0.0145121  -0.019596  0.0729676 0.0160383 -0.00142079 -0.0113585 0.999806
1311867772.420212 -0.0141953 -0.0193423  0.0729356 0.0173093 -0.0016977 -0.0111717 0.999786
1311867772.452160 -0.0166636 -0.0189971  0.0716785 0.0175695 -0.000638305 -0.0110692 0.999784
1311867772.488189 -0.0121821 -0.0157671  0.0708744 0.018947 -0.00148473 -0.0111938 0.999757
1311867772.520312 -0.0165839 -0.0200367  0.0731874 0.0186952 0.000120848 -0.0108461 0.999766
1311867772.552569 -0.0162549 -0.0195438  0.0733263 0.0198662 -0.000136385 -0.0105882 0.999747
1311867772.588500 -0.0151729 -0.0196298  0.0728957 0.0208877 -0.000173652 -0.0108344 0.999723
1311867772.620311 -0.0178552 -0.0228032  0.0746913 0.0218448 0.00164705 -0.0105544 0.999704
1311867772.652293 -0.0232883 -0.0257731  0.0754545 0.0226282 0.00410248 -0.00990899 0.999686
1311867772.688280 -0.0272575 -0.0193686  0.0734242 0.0255377 0.00565831 -0.0096589 0.999611
1311867772.720283  -0.027518 -0.0206175  0.0738829 0.0264934 0.00564426 -0.00971875 0.999586
1311867772.752225 -0.0285117 -0.0221035  0.0739696 0.0274799 0.00631035 -0.00999841 0.999552
1311867772.788181 -0.0336053 -0.0206777  0.0744898 0.0285694 0.00903953 -0.00977513 0.999503
1311867772.820251 -0.0289816 -0.0211717  0.0737824 0.0298727 0.00779301 -0.00987253 0.999475
1311867772.852316 -0.0241085 -0.0214875  0.0729155 0.0317707 0.00590526 -0.0103198 0.999424
1311867772.888302 -0.0267736 -0.0196569  0.0720935 0.0336593 0.00700801 -0.0103336 0.999355
1311867772.920220 -0.0274001 -0.0182663  0.0715743 0.0350872 0.00772368 -0.0104656 0.9993
1311867772.952308 -0.0247808  -0.020244  0.0729627 0.0368474 0.00686251 -0.0110288 0.999236
1311867772.988288 -0.0252152 -0.0197473  0.0719258 0.0387929 0.00703721 -0.0113382 0.999158
1311867773.020693 -0.0272244 -0.0179694  0.0715061 0.0407504 0.00729228 -0.0114612 0.999077
1311867773.052279 -0.0250712 -0.0215956  0.0729198 0.0422433 0.00604394 -0.0118962 0.999018
1311867773.088217 -0.0239622 -0.0225523  0.0718142 0.0441348 0.00572163 -0.0121932 0.998935
1311867773.120195 -0.0243738 -0.0147072  0.0697789 0.047442 0.00609141 -0.0120446 0.998783
1311867773.152268 -0.0222085 -0.0137141  0.0688715 0.0484024 0.0052435 -0.0125301 0.998736
1311867773.188308 -0.0207485 -0.0202064  0.0711409 0.0480821 0.00457523 -0.0128307 0.99875
1311867773.220302 -0.0189405 -0.0180249   0.069736 0.0502734 0.00392643 -0.0127791 0.998646
1311867773.252396  -0.015166 -0.0157794  0.0682689 0.0530133 0.00220683 -0.0132537 0.998503
1311867773.288241 -0.0158281 -0.0170812  0.0681965 0.0547677 0.00230442 -0.0131646 0.99841
1311867773.320242 -0.0175347 -0.0163543  0.0674277 0.0567683 0.0025986 -0.0131497 0.998297
1311867773.352414 -0.0197224 -0.0188083  0.0677051 0.0574093 0.00315079 -0.0129304 0.998262
1311867773.388392 -0.0200892 -0.0166023  0.0673863 0.0594272 0.00298892 -0.0128527 0.998145
1311867773.420543 -0.0147915 -0.0171635  0.0675176 0.0614662 0.00109787 -0.0138305 0.998013
1311867773.452411 -0.0182446 -0.0184456  0.0667618 0.0629965 0.00264458 -0.0137065 0.997916
1311867773.488258 -0.0230905 -0.0105454  0.0649693 0.0665994 0.0045932 -0.0128577 0.997686
1311867773.520471  -0.0201796 -0.00800079   0.0650362 0.0693495 0.00313664 -0.013389 0.997498
1311867773.552332 -0.0214435 -0.0116789  0.0645151 0.0700407 0.00322731 -0.0139143 0.997442
1311867773.588328  -0.0231828 -0.00811302   0.0626144 0.071706 0.00426719 -0.0137169 0.997322
1311867773.620608  -0.0200025 -0.00669596   0.0610972 0.0732679 0.00287489 -0.0135736 0.997216
1311867773.652293 -0.0162228 -0.0124383  0.0622773 0.0736778 0.000999911 -0.0144289 0.997177
1311867773.688421 -0.0228117 -0.0117318  0.0620926 0.0750966 0.00322924 -0.0135547 0.997079
1311867773.720313  -0.0198469 -0.00598339   0.0615915 0.0780966 0.00230213 -0.0137269 0.996849
1311867773.752371 -0.0225737 -0.0108505  0.0635488 0.0789764 0.00337614 -0.0131628 0.996784
1311867773.788374 -0.0227396 -0.0117087  0.0632304 0.080837 0.00345089 -0.0128111 0.996639
1311867773.820300  -0.0263323 -0.00574471   0.0626552 0.0836351 0.00487834 -0.011836 0.996414
1311867773.852481   -0.0274427 -0.000929138    0.0625942 0.0854155 0.00627942 -0.0115706 0.996258
1311867773.888228  -0.0222231 -0.00208034   0.0615133 0.0861267 0.00549653 -0.0119064 0.996198
1311867773.920322 -0.0238091   0.001638  0.0614715 0.0884312 0.00591543 -0.011219 0.996002
1311867773.952329  -0.023214 0.00935841  0.0625404 0.0918848 0.00509055 -0.0114888 0.99569
1311867773.988342 -0.0220454 0.00926838  0.0641738 0.093327 0.00459255 -0.0118611 0.995554
1311867774.020334 -0.0264625  0.0102664  0.0652102 0.0947714 0.00648147 -0.0109269 0.995418
1311867774.052408 -0.0243718  0.0171536  0.0661137 0.0976379 0.00512737 -0.0107577 0.995151
1311867774.088513 -0.0206995  0.0178628  0.0663827 0.0991191 0.00269251 -0.0112985 0.995008
1311867774.124606 -0.0155793  0.0178145  0.0674418 0.100691 0.000836563 -0.0127888 0.994835
1311867774.152395 -0.0173679  0.0216979  0.0671981 0.102665 0.00177216 -0.0127019 0.994633
1311867774.188234 -0.0156881    0.01734  0.0660554 0.10254 0.00113594 -0.0134477 0.994637
1311867774.220208 -0.0152398  0.0166869  0.0657208 0.10444 0.00090137 -0.0140065 0.994432
1311867774.252719 -0.0190668  0.0196243  0.0635244 0.106087 0.00242123 -0.0136582 0.99426
1311867774.288395 -0.0162991  0.0262053  0.0636336 0.109159 0.00172629 -0.0136771 0.993929
1311867774.320221 -0.00991286   0.0260715   0.0648039 0.111699 -0.000912559 -0.0144849 0.993636
1311867774.352495 -0.0114386  0.0234973  0.0628778 0.11249 -0.000479125 -0.0147726 0.993543
1311867774.388288 -0.0152713  0.0294831  0.0628714 0.115373 0.00134484 -0.013792 0.993226
1311867774.420390 -0.0146823  0.0327207  0.0637698 0.118652 0.00109723 -0.0135253 0.992843
1311867774.452381 -0.0148667  0.0344691  0.0650042 0.121667 0.000954193 -0.0136383 0.992477
1311867774.488245 -0.0227279   0.037291  0.0647596 0.122941 0.00375282 -0.0125286 0.992328
1311867774.520230 -0.0252182  0.0421741  0.0655916 0.125498 0.0053235 -0.0123884 0.992002
1311867774.552405 -0.0245813  0.0407691  0.0655393 0.126771 0.0055366 -0.0123753 0.991839
1311867774.588256 -0.0209109  0.0377972  0.0652875 0.127455 0.00373296 -0.0129199 0.991753
1311867774.620249 -0.0203272  0.0402321   0.066178 0.130131 0.00297568 -0.013511 0.9914
1311867774.652427 -0.0201226  0.0388835  0.0660481 0.131995 0.00318903 -0.0136394 0.991151
1311867774.688426 -0.0183432  0.0390012  0.0653802 0.134056 0.00281447 -0.0140546 0.99087
1311867774.720386 -0.0220055  0.0411643   0.065055 0.135844 0.00375073 -0.0131985 0.990635
1311867774.752624 -0.0197474  0.0411706  0.0651608 0.138097 0.0025277 -0.013715 0.990321
1311867774.788415 -0.0220886  0.0405308  0.0649984 0.139692 0.00342475 -0.0136795 0.990095
1311867774.820415 -0.0218618  0.0484678  0.0645697 0.143303 0.00343239 -0.0139839 0.989574
1311867774.852623 -0.0213084  0.0484387  0.0642272 0.144755 0.00307683 -0.0145833 0.989355
1311867774.888416 -0.0224483  0.0498913  0.0638013 0.146039 0.00336731 -0.0148688 0.989161
1311867774.920365 -0.0260186  0.0529642  0.0635841 0.147366 0.00441233 -0.0143353 0.988968
1311867774.952690 -0.0250068  0.0580399  0.0663953 0.150298 0.00395548 -0.0147265 0.988523
1311867774.988433 -0.0234186  0.0617621    0.06713 0.152322 0.00336164 -0.0156293 0.988202
1311867775.020311 -0.0217408  0.0640226  0.0671018 0.153544 0.00286361 -0.0159773 0.988008
1311867775.052507 -0.0204229  0.0638305  0.0680068 0.154686 0.00204623 -0.0160125 0.987832
1311867775.090287 -0.0161896  0.0638344  0.0674977 0.15605 0.000271462 -0.017055 0.987602
1311867775.120378 -0.0146979  0.0671176  0.0660782 0.157286 -0.000158881 -0.0176068 0.987396
1311867775.154120 -0.0154742  0.0721163  0.0681413 0.159522 0.00021048 -0.0174271 0.987041
1311867775.188487 -0.0184856  0.0734458  0.0685873 0.160514 0.00102383 -0.0169316 0.986888
1311867775.220322  -0.01381  0.072249 0.0683715 0.160872 -0.000379239 -0.0179142 0.986813
1311867775.252409 -0.0151226  0.0720794  0.0685641 0.16227 5.49093e-05 -0.017743 0.986587
1311867775.288475 -0.0133739  0.0763591  0.0675291 0.164095 -0.000358934 -0.0182767 0.986275
1311867775.320394 -0.0135749  0.0796022  0.0680418 0.16587 -0.000745339 -0.0176981 0.985988
1311867775.352407   -0.0146 0.0778424 0.0687453 0.167177 -0.00114876 -0.017761 0.985766
1311867775.388342 -0.0195692  0.0768548  0.0679571 0.167762 0.000309878 -0.0171278 0.985679
1311867775.420411 -0.0219978   0.082783  0.0688854 0.170105 0.00133942 -0.0163857 0.985289
1311867775.452407 -0.0167757  0.0841527  0.0685705 0.172143 -0.000688799 -0.0171772 0.984922
1311867775.488565 -0.0184914  0.0835938  0.0674812 0.173156 -0.000487413 -0.0170391 0.984747
1311867775.520395 -0.0231091  0.0874248  0.0693774 0.17554 0.00129907 -0.0165112 0.984333
1311867775.552540 -0.0255866  0.0938755  0.0714699 0.178858 0.00233669 -0.0159175 0.983743
1311867775.588475 -0.0212897  0.0947629  0.0700576 0.180528 0.000570065 -0.0170596 0.983422
1311867775.620395 -0.0239731  0.0957829  0.0701645 0.181826 0.00116162 -0.0168067 0.983186
1311867775.652413 -0.0233324   0.100135  0.0723004 0.184816 0.000876151 -0.0171945 0.982622
1311867775.688565 -0.0220214  0.0977844  0.0710292 0.185671 0.000650477 -0.0173652 0.982458
1311867775.720420 -0.0220226  0.0986785  0.0705598 0.187238 0.000666836 -0.0172442 0.982163
1311867775.752427 -0.0213284   0.104617  0.0712231 0.190278 0.000559483 -0.0177579 0.98157
1311867775.788629 -0.0207286    0.10648  0.0713402 0.1926 0.000776488 -0.0179209 0.981113
1311867775.820380 -0.0217797   0.109692   0.071425 0.195367 0.00152817 -0.0178137 0.980567
1311867775.852726 -0.0182123   0.109098  0.0704055 0.196589 0.000711946 -0.0184802 0.980311
1311867775.888382 -0.019754  0.109384 0.0705962 0.198102 0.00112267 -0.0184359 0.980007
1311867775.920338 -0.0187335   0.113325  0.0727662 0.200833 0.000885465 -0.0186027 0.979448
1311867775.952465 -0.0190144   0.114545  0.0731907 0.20282 0.00074587 -0.0186562 0.979038
1311867775.988484 -0.0213576   0.113991  0.0713282 0.203018 0.00153682 -0.0187185 0.978995
1311867776.020916 -0.0232455   0.117642  0.0719136 0.204196 0.00210535 -0.018372 0.978755
1311867776.052886 -0.0272112   0.118158  0.0736974 0.205335 0.00374668 -0.0179183 0.97852
1311867776.088825 -0.0236045   0.118705   0.073868 0.206366 0.00257048 -0.0186204 0.978294
1311867776.120535 -0.018015  0.117021 0.0729397 0.206748 0.000433521 -0.0200476 0.978189
1311867776.152706 -0.0210151   0.117787  0.0732389 0.207706 0.000995194 -0.0195726 0.977995
1311867776.188354 -0.0213236   0.119266  0.0738674 0.208832 0.000850962 -0.0195208 0.977756
1311867776.220422 -0.0225164   0.123237  0.0768704 0.21146 0.00109868 -0.0194435 0.977193
1311867776.252634 -0.0250973   0.125229  0.0777222 0.213145 0.00165195 -0.0190226 0.976834
1311867776.288583 -0.0262776   0.126665  0.0778667 0.214291 0.00175564 -0.0188895 0.976586
1311867776.320639 -0.0256987    0.12776  0.0779599 0.215502 0.00143463 -0.0189197 0.976319
1311867776.352495 -0.0237556   0.129549  0.0784744 0.217284 0.0010048 -0.0191192 0.975921
1311867776.388557 -0.0255026   0.134536  0.0799571 0.219902 0.00149536 -0.0183583 0.975348
1311867776.420407 -0.0207293   0.140281  0.0807569 0.22286 -0.000603747 -0.0186511 0.974672
1311867776.452468 -0.0274883   0.141377  0.0811312 0.224415 0.00154046 -0.017601 0.974334
1311867776.488620 -0.0256506   0.141869  0.0811525 0.225612 0.00111627 -0.0173555 0.974062
1311867776.520659 -0.0243838   0.144336  0.0813831 0.227766 0.000404125 -0.0171694 0.973565
1311867776.552714 -0.0245303   0.143092  0.0798774 0.228362 -1.96458e-05 -0.0169082 0.97343
1311867776.588551 -0.0274719   0.147282    0.08291 0.231157 0.000845389 -0.0162514 0.97278
1311867776.620451 -0.0299361   0.148726   0.082986 0.232926 0.00160486 -0.0157854 0.972365
1311867776.652719 -0.0316063   0.153565  0.0839304 0.235534 0.0023101 -0.0155628 0.971739
1311867776.688633 -0.0276402   0.156317  0.0837982 0.238061 0.0011468 -0.0162474 0.971114
1311867776.720614 -0.0258855   0.159942   0.084273 0.241314 0.000793009 -0.0162906 0.97031
1311867776.752586 -0.0306435   0.163211  0.0852633 0.244272 0.00312595 -0.0154929 0.969578
1311867776.788570 -0.0317009   0.166638  0.0853514 0.246971 0.00367005 -0.015128 0.968898
1311867776.820834 -0.0362938   0.170348  0.0881471 0.250327 0.00508438 -0.0143099 0.968042
1311867776.852619 -0.0356632     0.1756  0.0878998 0.252816 0.00471218 -0.0144756 0.967395
1311867776.888548 -0.0360304   0.183781  0.0897387 0.25626 0.00510737 -0.0140099 0.966493
1311867776.920462 -0.0374061   0.186083  0.0902922 0.258451 0.00604062 -0.0136976 0.965908
1311867776.952876 -0.0414901   0.191482  0.0911641 0.261039 0.00761678 -0.0134756 0.965204
1311867776.988533 -0.0459338   0.196886  0.0917406 0.263189 0.00844219 -0.0136369 0.964611
1311867777.020731 -0.0448676   0.201595  0.0924728 0.26477 0.00761931 -0.0139315 0.964181
1311867777.052459 -0.0425829   0.206176  0.0950567 0.267142 0.00686514 -0.0145952 0.963522
1311867777.088576 -0.0399652   0.208563  0.0936229 0.267756 0.00589825 -0.0152917 0.963347
1311867777.120458 -0.0380359   0.212483  0.0960843 0.269488 0.0049668 -0.0157315 0.962862
1311867777.152811 -0.0387846   0.215319   0.097019 0.271159 0.00486153 -0.0159287 0.962391
1311867777.188609 -0.0394378   0.216477  0.0976235 0.272586 0.00473996 -0.0161139 0.961985
1311867777.223948 -0.0429927   0.219493   0.098079 0.274126 0.00569342 -0.0156759 0.961549
1311867777.252616 -0.0415602   0.223941  0.0993206 0.276277 0.00524613 -0.0156755 0.960936
1311867777.288539 -0.0395635   0.225826  0.0995453 0.277707 0.00477583 -0.01593 0.960522
1311867777.320596 -0.0401588    0.23128   0.101675 0.28051 0.00516239 -0.0161336 0.959702
1311867777.352680 -0.0444057   0.233334   0.102736 0.281923 0.00658523 -0.0154029 0.959291
1311867777.388604 -0.0469694   0.235069   0.103589 0.283687 0.00716889 -0.0153783 0.958767
1311867777.420475 -0.0412934   0.238399    0.10355 0.285259 0.00517049 -0.0164379 0.958296
1311867777.452553 -0.0401789   0.244094   0.106546 0.287828 0.00492342 -0.016381 0.957529
1311867777.488538 -0.0383667      0.249   0.108027 0.290227 0.00454192 -0.0162468 0.956809
1311867777.520611 -0.0353793    0.25281   0.109632 0.293175 0.00343025 -0.0162046 0.955915
1311867777.552524 -0.0387541   0.257861   0.111492 0.295815 0.00467698 -0.0158439 0.955102
1311867777.588627 -0.0371796   0.262555   0.112667 0.298555 0.0042236 -0.0154894 0.954257
1311867777.620547 -0.0367211   0.268298   0.114415 0.301631 0.0040992 -0.0155341 0.953289
1311867777.652572 -0.0356307   0.273328   0.116626 0.304325 0.0040127 -0.0153271 0.952436
1311867777.688650 -0.0364726   0.276513   0.117577 0.306328 0.00453625 -0.0152421 0.951793
1311867777.720578 -0.039117   0.28101  0.119307 0.308506 0.00546177 -0.0151177 0.951087
1311867777.752682 -0.040999  0.289834  0.122962 0.312349 0.00595888 -0.0143153 0.949841
1311867777.788663 -0.0435335   0.291697   0.123807 0.31362 0.00649343 -0.0136242 0.949429
1311867777.820494 -0.0472103    0.29342   0.125748 0.315361 0.00780772 -0.013332 0.948846
1311867777.852647 -0.0470769   0.299539   0.127994 0.318696 0.0077647 -0.0132248 0.947733
1311867777.888623 -0.0508026   0.308056   0.131877 0.321782 0.00943129 -0.0127971 0.94668
1311867777.920471 -0.0539852    0.31308   0.134629 0.323708 0.0111932 -0.0120631 0.946014
1311867777.952517 -0.056341  0.315225  0.136277 0.325943 0.0117693 -0.0120961 0.945239
1311867777.988651 -0.0563443   0.317569   0.136756 0.328421 0.0111493 -0.0125791 0.944382
1311867778.020468 -0.0574328   0.328788   0.140371 0.330694 0.0123142 -0.0129315 0.943569
1311867778.053068 -0.0606315   0.327623   0.142027 0.330851 0.0138383 -0.0116106 0.94351
1311867778.088751 -0.0600604   0.330165   0.143167 0.333057 0.0133908 -0.0117217 0.942739
1311867778.120496 -0.0594333   0.330595   0.141979 0.332858 0.0126748 -0.0115865 0.942821
1311867778.152848 -0.0619159   0.331778   0.144803 0.334411 0.0130417 -0.0113283 0.942269
1311867778.188747 -0.0598149   0.339211   0.147713 0.337187 0.0126602 -0.0107247 0.941292
1311867778.220718 -0.0612329   0.336814   0.145657 0.335664 0.0134879 -0.0105231 0.941826
1311867778.252909 -0.060423  0.337036  0.145908 0.33584 0.0130409 -0.0106602 0.941768
1311867778.288731 -0.0609511   0.336118   0.144952 0.334343 0.0137624 -0.0106527 0.942291
1311867778.320976 -0.0609037   0.330218    0.14189 0.331461 0.0144352 -0.0106852 0.943298
1311867778.352678 -0.0597227   0.328359   0.141528 0.331013 0.0143913 -0.0109373 0.943453
1311867778.388635 -0.0574224   0.326336   0.139665 0.328875 0.014139 -0.0111382 0.944202
1311867778.420659 -0.0543714   0.320055   0.137041 0.326317 0.0133123 -0.0113976 0.945098
1311867778.452586 -0.0533882   0.318405   0.135781 0.325476 0.01287 -0.0118868 0.945388
1311867778.488678 -0.0546348   0.317757   0.135601 0.324263 0.0133075 -0.0126342 0.945789
1311867778.520711 -0.0483084   0.312677   0.132673 0.321417 0.0120796 -0.0132147 0.946769
1311867778.552703 -0.0458555   0.311279   0.132367 0.320699 0.0117219 -0.0134687 0.947013
1311867778.588940 -0.0443623   0.310406    0.13093 0.319383 0.0112091 -0.0137375 0.94746
1311867778.620919 -0.0496915    0.30651   0.130367 0.316637 0.0129444 -0.0139236 0.948356
1311867778.652617 -0.0511568   0.297059   0.128143 0.313364 0.0139814 -0.0139931 0.949427
1311867778.688708 -0.0444208   0.291336   0.123234 0.310677 0.0120824 -0.0139254 0.950337
1311867778.720697 -0.0431185   0.290097   0.122766 0.308735 0.0113151 -0.0142554 0.950974
1311867778.752659 -0.0401061   0.283868   0.119994 0.306068 0.00998507 -0.0144348 0.951848
1311867778.790164 -0.0407108   0.279362   0.118644 0.30422 0.0105811 -0.0142724 0.952436
1311867778.820664 -0.0446669   0.282581   0.119673 0.303034 0.0123529 -0.0135457 0.952803
1311867778.852864 -0.0428007    0.27749   0.117052 0.29943 0.0108753 -0.0136762 0.953958
1311867778.888811 -0.0425328    0.27137   0.115221 0.296033 0.00993134 -0.0141085 0.955022
1311867778.921337 -0.0413939   0.270322   0.115108 0.293865 0.0095332 -0.0145689 0.955688
1311867778.952688 -0.0454492    0.26592   0.114589 0.28977 0.0108553 -0.0142116 0.956929
1311867778.988682 -0.0385167    0.25879   0.111711 0.285554 0.00866565 -0.0146056 0.958212
1311867779.020779 -0.0415749   0.255317   0.111284 0.283189 0.00938238 -0.0148466 0.958903
1311867779.053066 -0.0416329   0.256331   0.111665 0.281492 0.00912588 -0.0149174 0.959404
1311867779.088654 -0.0433168   0.254335   0.111258 0.278976 0.00964784 -0.0149139 0.960134
1311867779.126685 -0.0422415    0.25261   0.111665 0.277401 0.00994052 -0.0159781 0.96057
1311867779.152743 -0.0435581   0.253022   0.112178 0.276174 0.0109272 -0.0158486 0.960915
1311867779.188685 -0.046383   0.25327  0.113329 0.27425 0.0128786 -0.0158923 0.961441
1311867779.220937 -0.043484  0.248169  0.111444 0.271235 0.0131167 -0.016249 0.962287
1311867779.256667 -0.0450557   0.243637    0.11083 0.268452 0.0138564 -0.0162023 0.963057
1311867779.288584 -0.048512  0.239679  0.110202 0.265258 0.0143238 -0.0162166 0.963935
1311867779.320602 -0.0481212   0.234624   0.109234 0.262625 0.0138333 -0.0164729 0.964658
1311867779.356624 -0.0494464   0.232327   0.109195 0.261022 0.0148021 -0.0167985 0.965073
1311867779.388767 -0.0548678   0.231532   0.109961 0.259126 0.0169365 -0.0156769 0.965568
1311867779.420789 -0.0516279   0.229345   0.109048 0.257008 0.0159948 -0.0164877 0.966136
1311867779.456613 -0.0483113   0.226448   0.107034 0.254145 0.0148796 -0.017307 0.966897
1311867779.488859 -0.0521387   0.225248   0.107624 0.251035 0.0158293 -0.0170217 0.967699
1311867779.520563 -0.0524424   0.226338   0.108993 0.248983 0.0160441 -0.0171721 0.968223
1311867779.556612 -0.0502225   0.223153   0.108767 0.246016 0.015388 -0.0169926 0.968995
1311867779.588572 -0.048868  0.223712  0.108276 0.243394 0.0145803 -0.0172648 0.969664
1311867779.620866 -0.050713  0.220205  0.107545 0.239461 0.0143211 -0.0170027 0.970652
1311867779.656679 -0.0452467   0.217837   0.107903 0.237092 0.0122025 -0.0186582 0.971231
1311867779.688878 -0.0493692   0.215034   0.109151 0.235285 0.0135942 -0.018031 0.971664
1311867779.720746 -0.0537021   0.214183   0.109014 0.233028 0.0150407 -0.0173459 0.972199
1311867779.756656 -0.0564959    0.21429   0.108917 0.230316 0.0162205 -0.0171454 0.97283
1311867779.788902 -0.0549314   0.206733   0.107652 0.22616 0.0157787 -0.0175466 0.973804
1311867779.820683 -0.0611192   0.203379   0.107695 0.222987 0.0181706 -0.0167852 0.974507
1311867779.856627 -0.0607063   0.204557   0.108226 0.220723 0.0191947 -0.0171685 0.974996
1311867779.888742 -0.0609626   0.203066   0.108528 0.218153 0.0203349 -0.0170748 0.975553
1311867779.920759 -0.0602296   0.202664   0.108048 0.215537 0.0198169 -0.0169952 0.976147
1311867779.956673 -0.0562711   0.199919   0.107072 0.211797 0.0179952 -0.018721 0.976969
1311867779.988789 -0.0577764   0.202277   0.108746 0.210031 0.0184274 -0.0189575 0.977337
1311867780.020645 -0.0522568   0.196307   0.107544 0.206183 0.0173791 -0.0207163 0.97814
1311867780.056669 -0.0516268   0.194551     0.1082 0.204698 0.0178208 -0.0205615 0.978447
1311867780.088906 -0.0509393   0.193105   0.106529 0.202456 0.0174016 -0.0207518 0.978917
1311867780.120727 -0.0565113   0.192499   0.107063 0.200549 0.0191878 -0.0203667 0.979284
1311867780.156738 -0.0599223   0.192826   0.108389 0.198909 0.0207321 -0.0198775 0.979597
1311867780.188830 -0.0560154   0.189919   0.107303 0.196419 0.0196225 -0.0205757 0.980108
1311867780.220887 -0.0602963   0.188527   0.107627 0.194556 0.0212023 -0.0201549 0.980455
1311867780.256704 -0.0589256    0.18903   0.107211 0.192862 0.0209784 -0.0203345 0.980791
1311867780.289131 -0.0600441   0.188779   0.107541 0.191041 0.0217265 -0.0201072 0.981136
1311867780.320723 -0.0581056   0.190897   0.107826 0.189672 0.0211771 -0.020285 0.981409
1311867780.356716 -0.0560486   0.189609   0.106985 0.186936 0.0204982 -0.0203945 0.981946
1311867780.388757 -0.057873  0.188008  0.106502 0.183308 0.0211194 -0.0202306 0.98262
1311867780.420841 -0.054019  0.186144  0.107459 0.180202 0.019967 -0.0211263 0.9832
1311867780.456784 -0.0517785   0.185359   0.109254 0.178546 0.0195754 -0.0217837 0.983496
1311867780.489004 -0.05323 0.182777 0.108233 0.175842 0.0211242 -0.02196 0.983947
1311867780.521027 -0.0538997   0.183463   0.108296 0.174082 0.022292 -0.0218545 0.984236
1311867780.556645 -0.0525485   0.182413   0.107382 0.171324 0.0218244 -0.0219858 0.984728
1311867780.588685 -0.0517384   0.183029   0.107556 0.168944 0.0211743 -0.0225534 0.98514
1311867780.620816 -0.0454474   0.178416   0.106009 0.164312 0.0183897 -0.0237829 0.98595
1311867780.656781 -0.0431272   0.180788   0.107345 0.162643 0.0171685 -0.0244008 0.986234
1311867780.688790 -0.0369317   0.173731   0.106139 0.158904 0.0149113 -0.0259365 0.986841
1311867780.720841 -0.037871  0.172576   0.10598 0.15745 0.0154034 -0.0254197 0.98708
1311867780.756748 -0.0417826   0.172384   0.106106 0.155548 0.0166147 -0.0243732 0.987388
1311867780.788869 -0.041559  0.170483  0.106034 0.152947 0.0162205 -0.0244535 0.987799
1311867780.820659 -0.0403642   0.169425   0.106436 0.150727 0.0158894 -0.0249232 0.988133
1311867780.857116 -0.0403291   0.170421   0.106608 0.148574 0.0159689 -0.0247169 0.988463
1311867780.888770 -0.0346883   0.171601   0.107408 0.146942 0.0138387 -0.0252242 0.988727
1311867780.920874 -0.0300866   0.170784   0.107332 0.145213 0.0120819 -0.0263213 0.988976
1311867780.956825 -0.0224975   0.173262   0.106243 0.143716 0.00994648 -0.0275535 0.989185
1311867780.988917 -0.0206295   0.175848   0.107526 0.142864 0.00957179 -0.0275369 0.989313
1311867781.020753 -0.0183837   0.174766    0.10832 0.141094 0.00844555 -0.0279361 0.989566
1311867781.056957 -0.0190934   0.175567   0.108086 0.139006 0.00875575 -0.0278228 0.989862
1311867781.088754 -0.0247911    0.17545   0.109687 0.136544 0.0106838 -0.0269125 0.990211
1311867781.121016 -0.0241465   0.173379   0.110188 0.133608 0.0106974 -0.0274407 0.990597
1311867781.156825 -0.0312581   0.170298   0.108409 0.129282 0.0140282 -0.0266681 0.99115
1311867781.189537 -0.0349494     0.1685   0.108472 0.125139 0.0161509 -0.0258115 0.991672
1311867781.220823 -0.0354638   0.164854   0.110558 0.121931 0.0160628 -0.0260204 0.992067
1311867781.256895 -0.0341559   0.164411   0.110592 0.119458 0.0151268 -0.0272783 0.992349
1311867781.288858 -0.0331983   0.164718   0.110544 0.116831 0.0144097 -0.0278726 0.992656
1311867781.320728 -0.0312339   0.162129    0.11233 0.113903 0.0129144 -0.0288734 0.992988
1311867781.356755 -0.0249418   0.163542   0.110973 0.111695 0.0107282 -0.0305197 0.993216
1311867781.388838 -0.0245338   0.164328   0.110996 0.109388 0.0105247 -0.0310128 0.993459
1311867781.420905 -0.0257328   0.161918   0.112328 0.10661 0.0106805 -0.0311718 0.993755
1311867781.456950 -0.0246513   0.161411   0.113285 0.103983 0.0100965 -0.0317075 0.994022
1311867781.488910 -0.0272013   0.159672   0.113849 0.100405 0.0107291 -0.0312998 0.994396
1311867781.520769 -0.0213744   0.160883   0.114971 0.0987272 0.00807528 -0.0320798 0.994565
1311867781.556724 -0.0203744   0.158978   0.116435 0.0966693 0.00778656 -0.0322154 0.994765
1311867781.588886 -0.0234006   0.159904    0.11698 0.0949283 0.00905728 -0.0319759 0.994929
1311867781.621054 -0.0227405   0.159753   0.117787 0.092644 0.00863508 -0.0320329 0.995146
1311867781.656824 -0.0194708   0.160549   0.117907 0.0910435 0.00716386 -0.0322919 0.995297
1311867781.689363 -0.0179284   0.161098   0.118082 0.0893054 0.00675064 -0.0322919 0.995458
1311867781.720993 -0.0193516   0.159268   0.118479 0.0865557 0.00751869 -0.0319178 0.995707
1311867781.756695 -0.0195596   0.158866   0.119255 0.084385 0.00772913 -0.0316102 0.995902
1311867781.788860 -0.0191046   0.159553   0.119487 0.0820611 0.00754947 -0.0312829 0.996108
1311867781.820787 -0.0231319    0.15887   0.121559 0.0795324 0.00904043 -0.0304255 0.996327
1311867781.856841 -0.01801 0.156657 0.120947 0.0771676 0.00714762 -0.0305838 0.996523
1311867781.889151 -0.0193901   0.156547   0.120798 0.0745999 0.0079092 -0.0304757 0.996716
1311867781.920804 -0.0226605   0.158669   0.120624 0.0711836 0.00929689 -0.0299036 0.996972
1311867781.956759 -0.0166928   0.157418   0.122881 0.0671277 0.00728471 -0.0300576 0.997265
1311867781.988876 -0.0157721   0.157076   0.123716 0.0639547 0.00687522 -0.0302613 0.99747
1311867782.021124 -0.0182226   0.158818   0.123646 0.0603309 0.00829888 -0.0302954 0.997684
1311867782.056803 -0.0169515   0.157151     0.1254 0.0564392 0.00817184 -0.0304251 0.997909
1311867782.089199 -0.00938277    0.154965    0.124863 0.0537512 0.00577103 -0.0307806 0.998063
1311867782.121264 -0.0118924   0.155101   0.127413 0.0526799 0.00738505 -0.0307384 0.998111
1311867782.156789 -0.0158233   0.154862    0.12889 0.0510853 0.00919245 -0.0301125 0.998198
1311867782.189021 -0.00874408    0.153583     0.12898 0.0503087 0.00659724 -0.030096 0.998258
1311867782.221601 -0.00842192     0.15452    0.128069 0.0496256 0.00647394 -0.0301794 0.998291
1311867782.256828 -0.0134726   0.152425   0.129187 0.0473157 0.00838717 -0.0299684 0.998395
1311867782.289300 -0.0163803   0.147882   0.132044 0.0449349 0.00926276 -0.0298053 0.998502
1311867782.321163 -0.010627  0.147221  0.132257 0.0445467 0.00725293 -0.0300662 0.998528
1311867782.356915 -0.0134596   0.147834   0.131351 0.0432254 0.0083654 -0.0298789 0.998583
1311867782.389169 -0.013791  0.145983  0.133363 0.0415151 0.00794211 -0.0297521 0.998663
1311867782.420840 -0.0122684   0.144935   0.133801 0.0406638 0.00717926 -0.0299645 0.998698
1311867782.457174 -0.0129633   0.144484   0.133849 0.0393827 0.00736143 -0.0301077 0.998743
1311867782.489275 -0.0130675   0.143721   0.134894 0.0383873 0.00728353 -0.03027 0.998778
1311867782.521066 -0.0101273   0.144669   0.135018 0.0391635 0.00598366 -0.0305256 0.998749
1311867782.557080 -0.01184 0.146046 0.133321 0.0386201 0.00654023 -0.0305559 0.998765
1311867782.589280 -0.0121125   0.142917   0.135306 0.0372036 0.00626012 -0.0309976 0.998807
1311867782.621217 -0.0120475   0.141883   0.135446 0.0366239 0.00628516 -0.0312935 0.998819
1311867782.656825 -0.0147426   0.141814   0.135844 0.0357839 0.00697189 -0.0311805 0.998849
1311867782.689044 -0.0142527   0.140827   0.136713 0.0348162 0.00645063 -0.031441 0.998878
1311867782.721139 -0.0123957    0.14098   0.137268 0.0350175 0.00576589 -0.0317917 0.998864
1311867782.756990 -0.0154067   0.139269   0.137655 0.03333 0.0072018 -0.0315748 0.99892
1311867782.789057 -0.0188442   0.137546   0.140351 0.0318084 0.00856032 -0.0314976 0.998961
1311867782.820879 -0.0181428   0.137459   0.141225 0.0316408 0.00807825 -0.031441 0.998972
1311867782.857015 -0.0203107   0.138479   0.140716 0.0303452 0.00896011 -0.0312864 0.99901
1311867782.888888 -0.020174  0.139049  0.141243 0.0281469 0.00929065 -0.0311711 0.999074
1311867782.920934 -0.01361 0.136794 0.144685 0.0273816 0.00646251 -0.0312992 0.999114
1311867782.957113 -0.013577  0.140038  0.142582 0.0274082 0.00616702 -0.0311784 0.999119
1311867782.988878 -0.0141456   0.139048   0.143271 0.0248426 0.00685302 -0.0308466 0.999192
1311867783.020963 -0.0142234    0.13353   0.147799 0.0225474 0.00656821 -0.0307041 0.999253
1311867783.057491 -0.0145994   0.135361   0.147415 0.0224562 0.00625581 -0.030312 0.999269
1311867783.089255 -0.0160261   0.135254   0.147127 0.0207076 0.00670774 -0.0299326 0.999315
1311867783.121047 -0.0121686   0.133897   0.148427 0.0196395 0.00499228 -0.0296274 0.999356
1311867783.157001 -0.0105412   0.134039   0.148575 0.018874 0.0040426 -0.0294507 0.99938
1311867783.189338 -0.0106426    0.13364   0.149065 0.0179097 0.00436653 -0.02938 0.999398
1311867783.221161 -0.010203   0.13183  0.150257 0.0170197 0.00396034 -0.0289475 0.999428
1311867783.256870 -0.0109777   0.131489   0.151283 0.0166759 0.00360164 -0.0291264 0.99943
1311867783.289108 -0.0112772   0.132818   0.149327 0.0159221 0.00364726 -0.0287819 0.999452
1311867783.321086 -0.0121398   0.132442   0.150675 0.014721 0.00362164 -0.0288785 0.999468
1311867783.356977 -0.00802358     0.13344    0.151453 0.0152001 0.00190776 -0.0286479 0.999472
1311867783.389026 -0.0090002    0.13446   0.150777 0.0144294 0.00209446 -0.0282397 0.999495
1311867783.424954 -0.00692337    0.133465    0.150547 0.0128723 0.00136215 -0.0279555 0.999525
1311867783.456983 -0.00219679     0.13482    0.150229 0.0132246 -0.000501697 -0.0277398 0.999528
1311867783.488979 -0.00268413    0.135977    0.149793 0.0122277 -0.00013149 -0.0277337 0.999541
1311867783.522854 -0.00114903    0.134891     0.15101 0.0107649 -0.000734291 -0.0276427 0.99956
1311867783.557107 -0.000270079     0.135268     0.151555 0.0107295 -0.00143521 -0.0277749 0.999556
1311867783.589858 -0.00369011    0.136917    0.152569 0.0102794 -6.5922e-05 -0.0281964 0.99955
1311867783.621026 -0.00347814    0.136339    0.152344 0.00904114 -0.000358239 -0.0282327 0.99956
1311867783.657259 -0.000530946     0.134191      0.15543 0.00837704 -0.00242 -0.028112 0.999567
1311867783.689359 -0.00346863    0.135791    0.155492 0.0086875 -0.00213079 -0.0280827 0.999566
1311867783.721105 -0.00252487     0.13606    0.154759 0.0079381 -0.00294544 -0.0279462 0.999574
1311867783.757061 -0.00227265    0.133877    0.158811 0.00815602 -0.00388271 -0.0278986 0.99957
1311867783.789055 -0.00367529    0.134467    0.157913 0.00898498 -0.00379561 -0.0278622 0.999564
1311867783.820939 -0.00371758    0.134625    0.155321 0.00840874 -0.00395746 -0.0275318 0.999578
1311867783.857087 -0.00399768    0.132945    0.159593 0.0101123 -0.00481405 -0.0274462 0.999561
1311867783.888974 -0.00505061    0.136341    0.157022 0.0123463 -0.00453636 -0.0273628 0.999539
1311867783.921009 -0.00235278    0.138579    0.153761 0.0131349 -0.00546909 -0.0270225 0.999534
1311867783.957263 -0.0033225   0.137093   0.155085 0.0136151 -0.0057638 -0.0267065 0.999534
1311867783.988940 0.000481363    0.139453    0.153088 0.0154757 -0.00739249 -0.0262794 0.999508
1311867784.021044 -0.000108265     0.141105     0.150694 0.0150033 -0.00627833 -0.0261908 0.999525
1311867784.057005 -0.000346306     0.137433     0.153503 0.0139758 -0.00550802 -0.0258749 0.999552
1311867784.089149 0.00297132   0.138389   0.153737 0.0152593 -0.00724989 -0.0249782 0.999545
1311867784.120911 0.0021307  0.141185  0.151625 0.0150602 -0.00658938 -0.0245765 0.999563
1311867784.157166 0.00327119   0.139225   0.153327 0.0142738 -0.00628527 -0.0239019 0.999593
1311867784.188902 0.00481991   0.141791   0.151753 0.0154986 -0.00702392 -0.0226589 0.999598
1311867784.221232 0.00505669    0.14274   0.150013 0.0145533 -0.00720583 -0.0217355 0.999632
1311867784.256918 0.00268399   0.138327   0.153828 0.0126771 -0.00606013 -0.0212104 0.999676
1311867784.289008 0.00322252   0.138623   0.155242 0.0134992 -0.00575374 -0.0204476 0.999683
1311867784.321030 3.11888e-05    0.139535     0.15389 0.0129176 -0.00450359 -0.0190599 0.999725
1311867784.356898 0.00368864   0.136425   0.155956 0.0112557 -0.00696272 -0.017978 0.999751
1311867784.389014 0.00494607   0.137108   0.156496 0.0119843 -0.00765907 -0.0174219 0.999747
1311867784.421016 0.00371562   0.138079   0.154953 0.0113723 -0.00675921 -0.01671 0.999773
1311867784.457221 0.00355859   0.134293   0.157639 0.00966626 -0.00736925 -0.0163912 0.999792
1311867784.489074 0.00490242     0.1346   0.158088 0.0102054 -0.00810057 -0.0160838 0.999786
1311867784.520971 0.00531621   0.136621   0.156358 0.0104764 -0.00780227 -0.0156409 0.999792
1311867784.557143 0.00196356   0.133391   0.158122 0.00870503 -0.00643137 -0.0152724 0.999825
1311867784.590099 0.00187368   0.133564   0.158253 0.00874961 -0.00643079 -0.0141314 0.999841
1311867784.621063 0.000784006    0.135869    0.156826 0.00843003 -0.00616397 -0.0129718 0.999861
1311867784.658555 0.00395191   0.133858   0.157709 0.00685966 -0.00719099 -0.0116469 0.999883
1311867784.689001 0.00449997    0.13299   0.159079 0.00727108 -0.00755398 -0.0104849 0.99989
1311867784.721086 0.00457313   0.135356   0.157144 0.00786493 -0.00745028 -0.00908119 0.9999
1311867784.765698 0.00491805   0.134839   0.157273 0.00735055 -0.0073128 -0.00733328 0.999919
1311867784.789716 0.00627073   0.135148   0.157691 0.00770443 -0.00807333 -0.00625337 0.999918
1311867784.821048 0.00810936   0.136353   0.154237 0.00676192 -0.0082476 -0.00503458 0.99993
1311867784.857093 0.00924384   0.134526   0.155831 0.00528558 -0.00818931 -0.00394993 0.999945
1311867784.888856 0.00943435   0.134134   0.156893 0.0055753 -0.00858867 -0.0030139 0.999943
1311867784.921178 0.00619969   0.133537   0.157367 0.00447817 -0.00694822 -0.00206472 0.999964
1311867784.957038 0.00488536   0.132827   0.158393 0.00338144 -0.00614706 -0.000708604 0.999975
1311867784.989044 0.00410368   0.132517   0.158575 0.00286273 -0.00671696 0.000732096 0.999973
1311867785.021045 0.00364028   0.132903    0.15757 0.00145619 -0.00685696 0.00232305 0.999973
1311867785.057071 0.00644107   0.131662   0.159277 -1.63224e-05 -0.00802222 0.0041527 0.999959
1311867785.089056 0.00615348   0.131256   0.160554 -0.000193684 -0.00895162 0.00580041 0.999943
1311867785.121105 0.0053397  0.132006   0.15948 -0.00099702 -0.00898195 0.00754449 0.999931
1311867785.157041 0.0059419  0.130925  0.160323 -0.00257377 -0.00899476 0.0094216 0.999912
1311867785.189242 0.0087458  0.129992  0.161598 -0.00267409 -0.0104411 0.0111424 0.99988
1311867785.221338 0.0125866  0.132096  0.159136 -0.00237582 -0.0115568 0.0133176 0.999842
1311867785.257075 0.0126839  0.131923  0.159843 -0.00281705 -0.0113204 0.015051 0.999819
1311867785.290072 0.0122891  0.130608  0.161216 -0.00285744 -0.0115943 0.0167284 0.999789
1311867785.321411 0.012385  0.13264  0.15926 -0.00245195 -0.0116222 0.0183099 0.999762
1311867785.357322 0.0141726  0.132961  0.159389 -0.00293766 -0.011931 0.0199177 0.999726
1311867785.389330 0.0179516  0.133506  0.159386 -0.00240213 -0.0130294 0.0212032 0.999687
1311867785.421125 0.0174239  0.134856  0.158096 -0.00205314 -0.012646 0.0229914 0.999654
1311867785.457053 0.0186296  0.134325  0.157849 -0.00314428 -0.0127284 0.0248041 0.999606
1311867785.490035 0.0163576  0.131171  0.161731 -0.00313815 -0.0116515 0.0255948 0.9996
1311867785.521193 0.0173177  0.134854  0.158451 -0.00119696 -0.011163 0.0269268 0.999574
1311867785.557126 0.0145798  0.134573  0.158007 -0.00147587 -0.00930308 0.0277407 0.999571
1311867785.589121 0.0157229  0.134501  0.158421 -0.00070977 -0.00959271 0.0292328 0.999526
1311867785.621159 0.0153914  0.133924  0.158924 1.34329e-05 -0.00966132 0.0311952 0.999467
1311867785.657044 0.0146151   0.13723  0.157165 0.000378414 -0.00856457 0.0329164 0.999421
1311867785.689228 0.0153061  0.136332  0.157914 -0.000231183 -0.00842874 0.0343793 0.999373
1311867785.721424 0.0155235  0.137883  0.157372 0.000778453 -0.00899194 0.0359736 0.999312
1311867785.757367 0.0168343  0.139045  0.155598 0.000263105 -0.00955323 0.0383421 0.999219
1311867785.789230 0.017766 0.138801 0.155518 -0.00122349 -0.00999639 0.0399034 0.999153
1311867785.821039 0.0208077  0.139652  0.155932 -0.00127512 -0.0111283 0.0413265 0.999083
1311867785.857434 0.0214859  0.142122  0.154633 -0.00131623 -0.0118594 0.0436148 0.998977
1311867785.889311 0.0218047  0.139967  0.155944 -0.00325856 -0.0125927 0.0457598 0.998868
1311867785.921151 0.0216655  0.138322  0.157798 -0.00365072 -0.0134425 0.0473311 0.998782
1311867785.958845 0.0223532  0.138974  0.156923 -0.00390646 -0.0135328 0.0494998 0.998675
1311867785.989262 0.022488 0.137397  0.15884 -0.00533579 -0.0133215 0.0519639 0.998546
1311867786.021062 0.0221521  0.136188   0.15928 -0.00556993 -0.014103 0.0543475 0.998407
1311867786.057227 0.0237297  0.138353  0.157407 -0.00547941 -0.0149463 0.0568856 0.998254
1311867786.089250 0.0242272  0.140358  0.154868 -0.00636334 -0.0152931 0.060007 0.998061
1311867786.121162 0.0223594   0.13887  0.156526 -0.00743787 -0.0159343 0.0625532 0.997887
1311867786.157099 0.0233633  0.140145  0.155454 -0.00729869 -0.0169834 0.0652245 0.997699
1311867786.189102 0.0258043   0.14214  0.154493 -0.00820669 -0.0175769 0.0678448 0.997507
1311867786.221647 0.0304798   0.14343   0.15457 -0.00862979 -0.0194407 0.0699722 0.997322
1311867786.257095 0.0299843  0.142326  0.156292 -0.00885332 -0.020009 0.0718844 0.997173
1311867786.289578 0.0314267  0.145932  0.152997 -0.00901841 -0.0206252 0.0739311 0.997009
1311867786.321165 0.0327174  0.144179  0.154532 -0.0107158 -0.0212141 0.0749212 0.996906
1311867786.357230 0.0335007  0.144242   0.15579 -0.0104323 -0.0220796 0.0762704 0.996788
1311867786.389144 0.0314773  0.145608  0.153418 -0.0109492 -0.0217414 0.0781626 0.996643
1311867786.421387 0.0323049  0.145524  0.153374 -0.0125889 -0.0227177 0.0792112 0.996519
1311867786.457341 0.0367048  0.147113  0.155949 -0.0119132 -0.0246767 0.0802589 0.996397
1311867786.489170 0.0337044  0.147235  0.151921 -0.0127655 -0.0240791 0.0824788 0.99622
1311867786.521789 0.0340616  0.146482  0.152534 -0.014837 -0.0253506 0.0844471 0.995995
1311867786.557252 0.0364711  0.144501  0.154517 -0.0162594 -0.0274944 0.0856765 0.995811
1311867786.589576 0.0355223  0.146682  0.152909 -0.0166027 -0.0271972 0.0876476 0.995642
1311867786.621108 0.0338727  0.145334  0.153952 -0.0187687 -0.0272845 0.0898216 0.995407
1311867786.657353 0.0357472   0.14509  0.156171 -0.0197658 -0.0295916 0.09147 0.995172
1311867786.689163 0.0369338  0.146025  0.155632 -0.020386 -0.0306647 0.0933497 0.994952
1311867786.721097 0.0364727  0.147181  0.155323 -0.0212637 -0.0303454 0.0947295 0.994813
1311867786.757072 0.0383568  0.146279  0.157081 -0.0218406 -0.0309436 0.0958399 0.994676
1311867786.789294 0.0361209  0.145461  0.157237 -0.0216275 -0.030692 0.0968252 0.994593
1311867786.821142 0.0369455  0.146997  0.155355 -0.0226081 -0.0306221 0.0978106 0.994477
1311867786.857563 0.0360708  0.144317   0.15917 -0.0235032 -0.0297118 0.0975695 0.994507
1311867786.889376 0.0326228  0.142172  0.160311 -0.0232568 -0.0281648 0.0986949 0.994447
1311867786.921188 0.0313454  0.142577  0.158749 -0.0241289 -0.0276823 0.0999597 0.994314
1311867786.957602 0.0360623  0.142788  0.158829 -0.0244462 -0.0294667 0.100559 0.994194
1311867786.989209 0.031832   0.1415 0.160179 -0.0239618 -0.0287538 0.101317 0.99415
1311867787.021140 0.0273844  0.141397  0.156838 -0.0256013 -0.0270426 0.102673 0.994018
1311867787.057125 0.0263276  0.138634  0.160975 -0.027639 -0.0278226 0.103212 0.993886
1311867787.089595 0.0259165  0.137967  0.161761 -0.0276331 -0.0286787 0.103858 0.993794
1311867787.123945 0.0209326  0.139643  0.161201 -0.028896 -0.0263212 0.104066 0.993802
1311867787.157343 0.0184046   0.13487  0.166591 -0.0311725 -0.0249014 0.103613 0.993817
1311867787.189299 0.018003 0.134551 0.166784 -0.0298655 -0.0255586 0.104741 0.993722
1311867787.223009 0.0206863  0.137364  0.163513 -0.0305995 -0.026671 0.106344 0.993501
1311867787.257181 0.0237271  0.135844   0.16607 -0.0320637 -0.0275529 0.106957 0.993364
1311867787.289340 0.0240354  0.136668  0.166117 -0.0311994 -0.0275585 0.107943 0.993285
1311867787.321733 0.0209409  0.136951  0.163838 -0.0326542 -0.0261786 0.109492 0.993106
1311867787.357242 0.0220272  0.135914  0.165512 -0.0343199 -0.0268452 0.110653 0.992903
1311867787.389292 0.0241348  0.136607  0.167174 -0.0338427 -0.0283897 0.112372 0.992684
1311867787.424534 0.0221858  0.137356  0.167086 -0.0351113 -0.027652 0.113651 0.992515
1311867787.457223 0.0198517  0.134365  0.170207 -0.0375065 -0.0266714 0.113928 0.992422
1311867787.489297 0.0217498   0.13458  0.170897 -0.037039 -0.0277533 0.115216 0.992262
1311867787.522060 0.0232546  0.139364  0.166438 -0.0367733 -0.0280272 0.117213 0.99203
1311867787.558104 0.0208497  0.137793  0.169049 -0.0394944 -0.0270171 0.117973 0.991863
1311867787.589769 0.0242254  0.138687  0.170779 -0.0390422 -0.0283833 0.119557 0.991653
1311867787.623535 0.0239324  0.141417  0.168124 -0.038704 -0.0282089 0.122272 0.99134
1311867787.657461 0.0242639  0.140446  0.169631 -0.0410638 -0.028293 0.124049 0.991022
1311867787.689861 0.0248294  0.139841  0.170498 -0.0415815 -0.0291017 0.125293 0.990821
1311867787.721224 0.0239914  0.138887    0.1714 -0.0414394 -0.0294076 0.12706 0.990593
1311867787.757981 0.0247176  0.140083   0.16907 -0.0413822 -0.0288492 0.128838 0.990382
1311867787.790156 0.0229545  0.136422  0.172384 -0.0425391 -0.0276302 0.130249 0.990183
1311867787.821852 0.0192792  0.135057  0.174046 -0.0423479 -0.0275092 0.131878 0.989979
1311867787.857375 0.0234363  0.138884  0.171447 -0.0426313 -0.0290891 0.134691 0.989543
1311867787.889440 0.0245102  0.138463  0.172674 -0.0437173 -0.0299243 0.136375 0.98924
1311867787.921388 0.0237067   0.13663  0.174716 -0.04367 -0.0309728 0.138203 0.988956
1311867787.957728 0.0242042  0.138804   0.17305 -0.0442 -0.0310834 0.140691 0.988578
1311867787.989219 0.0256697  0.137321   0.17622 -0.0460104 -0.0315985 0.142697 0.988191
1311867788.021109 0.028311 0.137766 0.176129 -0.0455825 -0.0337531 0.145546 0.987724
1311867788.057726 0.0270284  0.135477  0.177659 -0.0466696 -0.0343419 0.148056 0.98728
1311867788.089224 0.0297563  0.137455   0.17709 -0.0469488 -0.035041 0.150129 0.986929
1311867788.124063 0.0311583  0.138996  0.177598 -0.0463036 -0.0349091 0.151861 0.986699
1311867788.157285 0.0283385  0.136685  0.178544 -0.0475809 -0.0320521 0.153891 0.986421
1311867788.190462 0.0287711  0.136093  0.179526 -0.0489594 -0.0303117 0.156064 0.986067
1311867788.224709 0.0326676  0.136548   0.17948 -0.0482564 -0.0309592 0.157934 0.985784
1311867788.258359 0.031725 0.136129 0.178198 -0.0476546 -0.0308983 0.161179 0.98529
1311867788.289344 0.0312248  0.137397  0.176771 -0.0481237 -0.0313371 0.164433 0.984715
1311867788.325163 0.0321966  0.137783  0.177598 -0.0479631 -0.0331363 0.166914 0.984247
1311867788.357108 0.0330463  0.137503  0.177663 -0.0475292 -0.0347773 0.169969 0.983688
1311867788.391064 0.0381917  0.141436  0.175581 -0.0471733 -0.0365228 0.173261 0.983067
1311867788.425143 0.0390842  0.143418  0.174695 -0.04732 -0.0375221 0.175326 0.982656
1311867788.457314 0.0382105   0.14155  0.175172 -0.0478731 -0.0390769 0.176677 0.982327
1311867788.492424 0.0429347  0.145121  0.174188 -0.0479512 -0.0416158 0.178511 0.981887
1311867788.526290 0.0437897  0.146231  0.174722 -0.0490086 -0.0420757 0.179973 0.981549
1311867788.557308 0.0443552  0.146664  0.174949 -0.0492573 -0.0431708 0.181435 0.981219
1311867788.591531 0.0431291  0.146273  0.175918 -0.0493158 -0.0435132 0.183567 0.980805
1311867788.625194 0.0449577  0.150286  0.173698 -0.0499264 -0.0439348 0.185944 0.980307
1311867788.659303 0.0450117  0.149069  0.176575 -0.0513014 -0.0444245 0.187027 0.980008
1311867788.689801 0.0443909  0.149086  0.177681 -0.0510239 -0.0453351 0.18876 0.979648
1311867788.726281 0.0483733  0.153619  0.174267 -0.051548 -0.0465857 0.190617 0.979203
1311867788.757107 0.048613 0.154166 0.175075 -0.0528738 -0.0463776 0.191175 0.979033
1311867788.789962 0.0468531  0.151808  0.175215 -0.0533901 -0.0460973 0.192588 0.978741
1311867788.825319 0.047115 0.155386 0.173409 -0.0539942 -0.0465843 0.194536 0.9783
1311867788.857251 0.0476415   0.15526   0.17353 -0.0558307 -0.0468763 0.194972 0.978096
1311867788.889282 0.0473604  0.154824  0.173399 -0.0561161 -0.0472485 0.196644 0.977727
1311867788.925341 0.0470512  0.156306  0.172463 -0.0568976 -0.0473976 0.198736 0.977251
1311867788.957203 0.0469957  0.153884  0.175468 -0.0591244 -0.048286 0.200006 0.976816
1311867788.989942 0.0485813  0.156862  0.174931 -0.0587411 -0.0494235 0.201504 0.976475
1311867789.025335 0.0492769  0.157396  0.175637 -0.0588495 -0.049748 0.203322 0.976075
1311867789.057289 0.0497873  0.160005  0.173867 -0.0582919 -0.0493018 0.20546 0.975683
1311867789.092120 0.0504381  0.160084  0.173512 -0.0586236 -0.0495068 0.207553 0.97521
1311867789.126692 0.0507692  0.159432  0.176058 -0.0583911 -0.0504842 0.209979 0.974654
1311867789.157418 0.0524564  0.162884  0.175541 -0.0572866 -0.0517199 0.212463 0.974116
1311867789.189541 0.053991 0.166365 0.175233 -0.0563231 -0.052521 0.213486 0.973906
1311867789.225181 0.0532868  0.167154   0.17421 -0.0562357 -0.0514341 0.214215 0.973809
1311867789.257394 0.0531732  0.165941  0.174464 -0.0562215 -0.0515806 0.216357 0.973328
1311867789.292587 0.0533138    0.1674  0.174675 -0.0562088 -0.0521696 0.218561 0.972805
1311867789.325200 0.0548163  0.169494  0.174081 -0.0567054 -0.0528761 0.220184 0.972372
1311867789.358910 0.0521452  0.166496   0.17429 -0.0582197 -0.0517585 0.221126 0.972129
1311867789.389743 0.0523985  0.167855  0.174119 -0.0578267 -0.0523398 0.223752 0.97152
1311867789.425236 0.0524048  0.167896  0.173559 -0.058492 -0.053169 0.225879 0.970943
1311867789.457791 0.0528252  0.170023  0.173705 -0.0593935 -0.0535549 0.227144 0.970572
1311867789.489250 0.0525567  0.169216  0.174933 -0.0606387 -0.0536902 0.228884 0.970079
1311867789.525606 0.0535768  0.171411  0.173289 -0.0609927 -0.0548731 0.231697 0.969322
1311867789.557278 0.0541132  0.172567  0.173134 -0.0623503 -0.0558265 0.23371 0.968698
1311867789.589272 0.0562224   0.17469  0.174327 -0.0627837 -0.057027 0.235016 0.968284
1311867789.625370 0.055634 0.175062 0.174018 -0.0626491 -0.0569021 0.236569 0.967922
1311867789.657450 0.0556913  0.174939  0.173628 -0.0630973 -0.0568878 0.238792 0.967347
1311867789.689496 0.0587397  0.179235  0.173699 -0.062844 -0.0576724 0.241294 0.966696
1311867789.725356 0.0586578  0.175963  0.178012 -0.0636213 -0.0564089 0.242177 0.966499
1311867789.757205 0.0552408  0.174308  0.179384 -0.06241 -0.0534263 0.243919 0.966309
1311867789.789361 0.0536545  0.171684  0.180233 -0.0622512 -0.051353 0.246251 0.965841
1311867789.825335 0.0542792  0.173615  0.178779 -0.0611459 -0.0512134 0.248205 0.965418
1311867789.857341 0.0551624  0.174037  0.179288 -0.0608147 -0.0508159 0.249883 0.965027
1311867789.889353 0.0554969  0.172857   0.17939 -0.0610106 -0.0497451 0.251929 0.964539
1311867789.925348 0.0556203    0.1744  0.178981 -0.0606162 -0.0482829 0.253833 0.964139
1311867789.957296 0.0571617  0.175819   0.17956 -0.0600878 -0.0478653 0.255631 0.963717
1311867789.989258 0.0575961  0.175743  0.179036 -0.0600158 -0.0474926 0.258004 0.963108
1311867790.025386 0.0579977  0.174401  0.180656 -0.0602382 -0.0478364 0.260152 0.962499
1311867790.057203 0.0586376  0.176047  0.181178 -0.0595636 -0.0481703 0.2621 0.961996
1311867790.089682 0.060221 0.176828 0.180505 -0.0593076 -0.0486782 0.264841 0.961235
1311867790.125770 0.0603358  0.176259  0.180916 -0.0589596 -0.0491371 0.267337 0.960542
1311867790.157216 0.0603884  0.177719  0.180366 -0.0585889 -0.0486214 0.269584 0.959962
1311867790.189265 0.0610603  0.178125  0.180398 -0.0579407 -0.0488508 0.271889 0.95934
1311867790.225411 0.0619695  0.178523  0.179731 -0.0570719 -0.0491354 0.274198 0.95872
1311867790.257432 0.0621115  0.179625   0.17746 -0.0563689 -0.0485749 0.276634 0.95809
1311867790.289436 0.0630241  0.183535  0.175556 -0.0550828 -0.0488418 0.279284 0.957382
1311867790.325486 0.0616547  0.178838  0.177461 -0.0559789 -0.0481601 0.281159 0.956816
1311867790.357363 0.0643057  0.183802  0.175541 -0.054993 -0.0490927 0.283445 0.956151
1311867790.389618 0.0632763   0.18316  0.176345 -0.0554341 -0.0483521 0.285041 0.955688
1311867790.425968 0.0632076  0.182827  0.176194 -0.0553339 -0.0486067 0.28712 0.955059
1311867790.460319 0.0642624  0.183732  0.175581 -0.0554967 -0.0492548 0.289698 0.954238
1311867790.489376 0.0644464  0.186085  0.175186 -0.0553887 -0.0496198 0.291457 0.953689
1311867790.526084 0.0653815   0.18643  0.176226 -0.0552713 -0.0499353 0.293076 0.953183
1311867790.557807 0.0660047  0.186333  0.176206 -0.0550504 -0.0497275 0.295391 0.952492
1311867790.594151 0.0664807  0.190712  0.176096 -0.0538798 -0.0504439 0.297744 0.951788
1311867790.625520 0.0679207  0.193029    0.1766 -0.0539212 -0.0513259 0.299513 0.951184
1311867790.657397 0.0663692  0.193917  0.176078 -0.0539805 -0.0512 0.301267 0.950633
1311867790.690174 0.0664665  0.194181  0.175241 -0.0541747 -0.0520115 0.303618 0.94983
1311867790.725353 0.0663927  0.193994  0.175043 -0.0550535 -0.0520987 0.304875 0.949371
1311867790.757575 0.0673522   0.19495  0.175291 -0.0554808 -0.0522819 0.306496 0.948814
1311867790.791262 0.0669645  0.196688  0.173822 -0.0543129 -0.0516657 0.309551 0.947923
1311867790.826172 0.0663052  0.197307  0.173046 -0.053535 -0.0506586 0.312182 0.947159
1311867790.857356 0.0671307  0.197844  0.173049 -0.053807 -0.0502629 0.314456 0.946412
1311867790.895036 0.0675915   0.19689  0.175134 -0.0535378 -0.0495072 0.316111 0.945916
1311867790.925806 0.0674638  0.191525   0.17706 -0.053805 -0.047799 0.318094 0.945323
1311867790.960611 0.0668963   0.19376  0.173932 -0.0527752 -0.0465921 0.321603 0.944254
1311867790.994465 0.0671686  0.196171  0.173108 -0.0522978 -0.0460942 0.323914 0.943515
1311867791.029856 0.0680984  0.197348  0.172183 -0.0513189 -0.0460471 0.326387 0.942718
1311867791.057724 0.0681736  0.199257  0.170476 -0.0509161 -0.0451687 0.328865 0.941921
1311867791.091253 0.0683873  0.196784   0.17117 -0.0523501 -0.0437961 0.331278 0.941061
1311867791.125406 0.0689576  0.199841  0.170526 -0.0507579 -0.0437075 0.334661 0.939955
1311867791.158607 0.0693078  0.199713  0.171689 -0.0501062 -0.0429949 0.337983 0.938833
1311867791.190565 0.0688071  0.201711  0.168372 -0.0497265 -0.0423539 0.342047 0.93741
1311867791.225724 0.0699709  0.204801  0.165884 -0.0493213 -0.0443346 0.34655 0.935684
1311867791.257879 0.0700082  0.203846  0.167211 -0.0501886 -0.0466459 0.349407 0.934463
1311867791.292008 0.0707533  0.202763  0.169117 -0.0511141 -0.0484572 0.351538 0.93352
1311867791.327767 0.0715562  0.201251   0.16978 -0.0518678 -0.0496012 0.353573 0.93265
1311867791.359465 0.0710074  0.204837  0.168531 -0.0516657 -0.0500354 0.355964 0.931728
1311867791.389678 0.071686 0.204949  0.16792 -0.0525479 -0.0503842 0.358604 0.930647
1311867791.426995 0.0706411  0.207105  0.164828 -0.0524021 -0.0506718 0.36223 0.929234
1311867791.457447 0.0711598  0.208756  0.163807 -0.053146 -0.0521073 0.365976 0.927643
1311867791.491636 0.0709364  0.209436  0.164612 -0.0540986 -0.053378 0.369078 0.926286
1311867791.527527 0.0710054   0.21196  0.164372 -0.0538034 -0.0540535 0.370979 0.925504
1311867791.559358 0.0713515  0.210867  0.165055 -0.0543223 -0.0532889 0.372604 0.924865
1311867791.589481 0.0714741  0.210511  0.165999 -0.0546631 -0.0519751 0.374466 0.924168
1311867791.627536 0.0718275  0.210667  0.167743 -0.0545158 -0.0512535 0.376525 0.92338
1311867791.657435 0.0722327   0.21369  0.165549 -0.053731 -0.0516963 0.379777 0.922068
1311867791.689497 0.073121 0.211125 0.164852 -0.0549128 -0.0523164 0.38165 0.92119
1311867791.726304 0.0722862  0.213351     0.166 -0.0542672 -0.0530223 0.383676 0.920346
1311867791.760158 0.072188 0.213348 0.165284 -0.0545547 -0.053265 0.385002 0.919761
1311867791.789675 0.0714377  0.215059   0.16508 -0.0544632 -0.0533776 0.387168 0.91885
1311867791.826500 0.0720149  0.210944  0.165014 -0.0555496 -0.0540818 0.389297 0.917844
1311867791.857447 0.0723317  0.211074  0.165993 -0.0560983 -0.0549322 0.390701 0.917163
1311867791.889496 0.0719244  0.213164  0.165364 -0.0555767 -0.05527 0.392033 0.916606
1311867791.927577 0.0723828   0.21321    0.1661 -0.0550148 -0.0560625 0.3933 0.916049
1311867791.957497 0.0717401  0.216678  0.163794 -0.055158 -0.056705 0.395714 0.914961
1311867791.991791 0.0722522  0.216063  0.162186 -0.0565647 -0.0571851 0.39747 0.914083
1311867792.027681 0.0717646  0.216223  0.163576 -0.0557405 -0.0577684 0.398666 0.913576
1311867792.061579 0.0707546  0.220739  0.161151 -0.0551504 -0.0588028 0.401114 0.912474
1311867792.089702 0.0716054  0.219019  0.162255 -0.0565201 -0.0597197 0.402582 0.911683
1311867792.125657 0.0708071  0.217147  0.163993 -0.0562749 -0.0607586 0.404938 0.910586
1311867792.159565 0.0710555  0.222683  0.163216 -0.0553309 -0.0629925 0.407198 0.909484
1311867792.189503 0.0710428  0.224754  0.162991 -0.0563521 -0.0639509 0.409035 0.908529
1311867792.225358 0.0712041  0.225591   0.16192 -0.0563571 -0.0644111 0.411158 0.907537
1311867792.257569 0.0708471  0.225873  0.160746 -0.0561979 -0.0647942 0.413393 0.906504
1311867792.289626 0.0692954  0.228201  0.161851 -0.0568742 -0.0657881 0.416093 0.905154
1311867792.331453 0.0689566  0.230451  0.160201 -0.056516 -0.0669357 0.418346 0.904053
1311867792.358899 0.0710544  0.226784  0.163558 -0.0574113 -0.0682775 0.420088 0.903088
1311867792.389762 0.0709312  0.227141  0.161165 -0.0578404 -0.0686236 0.421869 0.902204
1311867792.428180 0.0710012   0.22703  0.162447 -0.0594186 -0.0686661 0.423496 0.901335
1311867792.458912 0.0711398  0.225917  0.164606 -0.0599938 -0.0688953 0.425305 0.900428
1311867792.489546 0.0715674  0.226548  0.163237 -0.0598186 -0.0697407 0.427605 0.899284
1311867792.525615 0.0704642   0.22794  0.162702 -0.0601598 -0.0702002 0.430231 0.897972
1311867792.557957 0.070489 0.226971  0.16278 -0.0610321 -0.0708904 0.43224 0.896893
1311867792.589828 0.0710937  0.228239  0.161743 -0.0607939 -0.0719907 0.434181 0.895884
1311867792.625499 0.0714045  0.230155  0.160619 -0.0611327 -0.073222 0.43779 0.894003
1311867792.658748 0.0720328  0.228315    0.1623 -0.062292 -0.0747505 0.440687 0.892372
1311867792.689648 0.0711952  0.227153  0.162492 -0.0629372 -0.0758325 0.44297 0.891104
1311867792.725421 0.0711264  0.229162  0.161312 -0.06302 -0.077079 0.445042 0.889958
1311867792.757481 0.0718783  0.229038  0.159648 -0.0632251 -0.0775711 0.447219 0.888808
1311867792.789577 0.0710079  0.231974  0.160236 -0.0631331 -0.0785459 0.450159 0.887244
1311867792.825445 0.0718322  0.230856  0.162158 -0.0644014 -0.0798331 0.452913 0.885635
1311867792.857803 0.0705813  0.232997  0.160955 -0.0639842 -0.0804091 0.455442 0.884315
1311867792.889651 0.0694901  0.232106  0.158719 -0.0643008 -0.0799829 0.457171 0.883438
1311867792.925428 0.0704652  0.230958  0.159963 -0.0653661 -0.0805543 0.459015 0.882351
1311867792.958011 0.0701969  0.230861   0.16031 -0.065082 -0.0809018 0.461168 0.881217
1311867792.989677 0.0697704  0.231999  0.158691 -0.0650043 -0.0816962 0.463355 0.880001
1311867793.025417 0.0693016  0.231934  0.158776 -0.0659821 -0.0826593 0.465927 0.878479
1311867793.057589 0.0683357  0.232408  0.157125 -0.0658792 -0.0839093 0.469221 0.876613
1311867793.089612 0.0677675  0.234214  0.156169 -0.0653206 -0.085741 0.472023 0.874972
1311867793.125381 0.0671341  0.234298  0.157043 -0.0652618 -0.0871097 0.474521 0.873489
1311867793.157377 0.0682905  0.233677  0.160357 -0.0651203 -0.0884222 0.476603 0.872233
1311867793.189658 0.0681132  0.236188  0.158204 -0.0650552 -0.0894213 0.479429 0.870586
1311867793.225547 0.0674365  0.235038  0.157835 -0.0656191 -0.0898887 0.481765 0.869205
1311867793.257477 0.0658364  0.236536  0.159638 -0.0647138 -0.0908738 0.483815 0.868031
1311867793.289693 0.0660475  0.242022   0.15889 -0.0639997 -0.0930306 0.486412 0.866402
1311867793.325446 0.0667859  0.240663  0.159821 -0.0656943 -0.0947238 0.489059 0.8646
1311867793.357586 0.0653761   0.24299  0.158167 -0.064933 -0.0961006 0.492288 0.862671
1311867793.389612 0.065144 0.243584  0.15635 -0.0647787 -0.0968116 0.49454 0.861314
1311867793.425441 0.0650813   0.24529  0.157043 -0.0654436 -0.0982397 0.497377 0.859466
1311867793.457656 0.0656241  0.244657  0.158247 -0.0656251 -0.0996448 0.499845 0.857857
1311867793.489663 0.063104 0.245736 0.155094 -0.0645311 -0.0996805 0.501986 0.856685
1311867793.525888 0.0623786  0.246818  0.154023 -0.0653244 -0.100168 0.504281 0.855219
1311867793.557918 0.0624028  0.246425  0.153997 -0.0658803 -0.100479 0.506292 0.853951
1311867793.589808 0.0631705  0.249218  0.152608 -0.0653154 -0.10131 0.50862 0.852511
1311867793.625551 0.0615648  0.249726  0.153533 -0.0656089 -0.101346 0.509742 0.851814
1311867793.657605 0.0611053  0.250283  0.153431 -0.0675117 -0.100944 0.512352 0.850146
1311867793.689589 0.0586293  0.253623  0.151288 -0.0665432 -0.100773 0.515065 0.848601
1311867793.726818 0.0580351  0.255545  0.151562 -0.066713 -0.100852 0.516534 0.847686
1311867793.757635 0.0592722  0.255397  0.152298 -0.0682297 -0.0998941 0.517672 0.846984
1311867793.789692 0.0588609  0.256457  0.152644 -0.0684212 -0.098758 0.519472 0.845999
1311867793.826503 0.0589022  0.258724  0.152407 -0.0684742 -0.0988844 0.520933 0.845081
1311867793.857635 0.060033 0.258925 0.154502 -0.0695957 -0.0993228 0.521619 0.844515
1311867793.889669 0.0607863  0.260161  0.155183 -0.0706564 -0.0992231 0.522535 0.843872
1311867793.926878 0.0614787  0.260049  0.153108 -0.072187 -0.0983738 0.523035 0.843532
1311867793.957676 0.0637034  0.258708  0.154429 -0.0747566 -0.0983556 0.523624 0.842945
1311867793.989707 0.0635208  0.259469  0.153303 -0.075857 -0.0978259 0.52516 0.841952
1311867794.027643 0.0686718  0.256692  0.157701 -0.0789252 -0.0983825 0.5264 0.84083
1311867794.057647 0.0690885  0.258238  0.159561 -0.0793046 -0.0969416 0.527316 0.840387
1311867794.089739 0.0688028  0.258295  0.161365 -0.0800858 -0.0948711 0.528137 0.840034
1311867794.126897 0.0687176  0.258875  0.162789 -0.0815162 -0.0925533 0.528687 0.839809
1311867794.157681 0.070659 0.257876 0.163407 -0.0834915 -0.0892137 0.529276 0.839605
1311867794.189686 0.0733676  0.256179  0.162548 -0.0844869 -0.0865353 0.530549 0.838982
1311867794.225770 0.0740972  0.256854  0.161296 -0.0850869 -0.0841822 0.531553 0.838525
1311867794.257742 0.0744902  0.259086  0.162557 -0.0854726 -0.0822398 0.532849 0.837856
1311867794.289729 0.0765508  0.260352   0.16405 -0.08558 -0.0806721 0.534176 0.837152
1311867794.325476 0.0751201  0.263549  0.160572 -0.085257 -0.0786276 0.536765 0.835723
1311867794.357692 0.0757361  0.263441  0.157832 -0.0869927 -0.0770087 0.539279 0.834074
1311867794.389831 0.0760276   0.26569  0.157948 -0.0873996 -0.0761981 0.542065 0.832298
1311867794.426751 0.0774375   0.26511  0.159039 -0.0878192 -0.0755322 0.543478 0.831393
1311867794.457721 0.0768595  0.267086  0.158603 -0.0882071 -0.0750715 0.545433 0.830112
1311867794.489688 0.0744536  0.271117     0.156 -0.0872323 -0.0745142 0.548064 0.828531
1311867794.525860 0.0744691  0.271593  0.157593 -0.0874825 -0.0747514 0.550355 0.826963
1311867794.557619 0.0715988  0.275865  0.155417 -0.0867948 -0.0745956 0.552197 0.825821
1311867794.589896 0.0706643  0.276379  0.153627 -0.0880686 -0.0738709 0.553414 0.824936
1311867794.625861 0.072294 0.277601 0.156056 -0.0880303 -0.0740842 0.555141 0.82376
1311867794.657703 0.0731956  0.278611  0.156712 -0.088202 -0.0740758 0.557879 0.821891
1311867794.689740 0.0725816  0.279571  0.156789 -0.0890622 -0.0737378 0.560094 0.820321
1311867794.725589 0.0724786   0.28019  0.156567 -0.0888406 -0.073376 0.561902 0.819139
1311867794.757652 0.076825 0.282492 0.159892 -0.0879545 -0.074642 0.563382 0.818103
1311867794.789721 0.0716036  0.286667  0.156348 -0.0858797 -0.0735271 0.565694 0.816829
1311867794.825558 0.0724701  0.287508   0.15791 -0.0862985 -0.0746617 0.567406 0.815493
1311867794.857618 0.0724869  0.288404  0.159037 -0.0858867 -0.0758721 0.569513 0.813954
1311867794.889754 0.0713178  0.288718  0.159932 -0.0851558 -0.0760034 0.571444 0.812664
1311867794.925573 0.0691345  0.291596  0.157784 -0.0844997 -0.0764297 0.574165 0.810773
1311867794.957730 0.0669237   0.29317  0.156361 -0.0842753 -0.0765935 0.576335 0.80924
1311867794.989768 0.0674269  0.294276  0.156653 -0.0836943 -0.077162 0.578356 0.807803
1311867795.025572 0.0674828  0.294878  0.158492 -0.0831376 -0.077295 0.579716 0.806872
1311867795.057825 0.0682343  0.295887  0.159236 -0.0835951 -0.0777328 0.580938 0.805904
1311867795.089715 0.0676538   0.29563  0.161101 -0.083998 -0.0776699 0.58277 0.804544
1311867795.125735 0.0683256  0.294772  0.163217 -0.0837111 -0.077418 0.583847 0.803817
1311867795.157689 0.0663672  0.296187   0.16019 -0.08299 -0.0769328 0.585099 0.803028
1311867795.189730 0.0664807  0.298879  0.162656 -0.0834471 -0.0783211 0.586377 0.801913
1311867795.225680 0.0697233   0.29768  0.165722 -0.0842236 -0.0794516 0.587043 0.801233
1311867795.257648 0.0684961  0.297878  0.165518 -0.0838888 -0.0797615 0.588507 0.800163
1311867795.289866 0.0689173  0.298542  0.166191 -0.0844544 -0.0807718 0.589246 0.799457
1311867795.325616 0.0677966  0.298868  0.165738 -0.0839383 -0.0803214 0.590378 0.798722
1311867795.357864 0.0677168  0.298821  0.165431 -0.0833483 -0.0794999 0.591856 0.797772
1311867795.389847 0.0667137  0.300165  0.165422 -0.0827407 -0.0791742 0.592912 0.797082
1311867795.425592 0.068615 0.301854  0.16889 -0.0829119 -0.079653 0.593349 0.796692
1311867795.457672 0.071547 0.300367 0.171298 -0.0829506 -0.0784016 0.593559 0.796655
1311867795.489799 0.0713381  0.299272  0.169565 -0.0830102 -0.0762806 0.594382 0.796242
1311867795.525638 0.0710253  0.301379  0.170736 -0.0827382 -0.0754535 0.59529 0.79567
1311867795.557765 0.0696512  0.303464  0.170755 -0.0813206 -0.0731383 0.595811 0.795642
1311867795.589752 0.0700356  0.304206  0.171083 -0.0805011 -0.0704855 0.596526 0.795429
1311867795.625632 0.0725229  0.305083  0.171694 -0.0804306 -0.0690253 0.597322 0.794967
1311867795.657641  0.07133 0.305918 0.172691 -0.0795549 -0.0666028 0.597869 0.794851
1311867795.689729 0.0738326  0.305912  0.173316 -0.0795516 -0.0641409 0.597897 0.795033
1311867795.725600 0.0740813  0.307185  0.171475 -0.0792118 -0.0617752 0.599094 0.794352
1311867795.757741 0.0752798  0.307268  0.171073 -0.0787555 -0.0596801 0.599806 0.79402
1311867795.789976  0.07564 0.308798 0.172363 -0.0778434 -0.0578819 0.600382 0.793808
1311867795.825649 0.0730795  0.309163  0.170531 -0.0778924 -0.0557645 0.600883 0.793576
1311867795.857734 0.0723534   0.30946  0.170247 -0.0779106 -0.0547074 0.601352 0.793293
1311867795.890028 0.072692 0.309716 0.170432 -0.0777389 -0.0542872 0.601781 0.793013
1311867795.925637 0.0713713  0.310206  0.169228 -0.0775644 -0.0540871 0.602089 0.79281
1311867795.957819 0.0719697  0.310825  0.170528 -0.0777165 -0.0545968 0.60246 0.792478
1311867795.989844 0.0706555  0.310726  0.172162 -0.0769827 -0.0544125 0.603127 0.792055
1311867796.026006 0.0707512  0.311098  0.172777 -0.0766864 -0.0546782 0.603041 0.792131
1311867796.058032 0.0719196  0.310749   0.17325 -0.0771602 -0.0545369 0.602968 0.79215
1311867796.089882 0.0726645  0.311161  0.173533 -0.0773973 -0.0540205 0.603438 0.791804
1311867796.125687 0.0728093   0.31156  0.173374 -0.0769539 -0.0537667 0.6041 0.79136
1311867796.157709 0.0725528  0.312908  0.172979 -0.0762031 -0.0541686 0.604423 0.791158
1311867796.189711 0.071471 0.313309 0.175202 -0.0753976 -0.0535713 0.604393 0.791299
1311867796.225742 0.0755232  0.312853  0.177266 -0.0759883 -0.0545618 0.604323 0.791228
1311867796.257949 0.075824 0.312254  0.17741 -0.0761334 -0.0546572 0.603973 0.791475
1311867796.289772 0.0754718   0.31311  0.178113 -0.075724 -0.054782 0.604194 0.791337
1311867796.325708 0.075293  0.31254 0.178367 -0.0752887 -0.0541444 0.604174 0.791437
1311867796.357756 0.0748307  0.313397  0.177656 -0.074667 -0.0535732 0.604354 0.791398
1311867796.389908 0.0775384  0.313852  0.180076 -0.0747919 -0.0541552 0.604373 0.791333
1311867796.425721 0.081266  0.31298 0.182237 -0.0753086 -0.0547142 0.604023 0.791512
1311867796.457775 0.0804174  0.313381  0.181187 -0.074771 -0.0540958 0.603872 0.791721
1311867796.489789 0.0796363  0.313677   0.18075 -0.0747528 -0.0538838 0.603733 0.791843
1311867796.525718 0.0788254  0.314339  0.180963 -0.0743464 -0.0536972 0.603648 0.791958
1311867796.557878 0.0791779  0.313567  0.180069 -0.0743296 -0.053693 0.603204 0.792299
1311867796.589819 0.0802601  0.312793  0.180315 -0.0751102 -0.0540581 0.601947 0.793156
1311867796.625849 0.0821439  0.312961   0.18082 -0.0754347 -0.0540382 0.600745 0.794037
1311867796.658134 0.0823048  0.312896  0.181134 -0.0754144 -0.0529419 0.598579 0.795747
1311867796.690094 0.0808485  0.313084  0.178739 -0.0761303 -0.0516978 0.597071 0.796893
1311867796.725883 0.0825169   0.31306  0.178156 -0.0767191 -0.0513988 0.595621 0.79794
1311867796.757802 0.0821038  0.311856  0.177286 -0.0758027 -0.049884 0.593964 0.799358
1311867796.789842 0.0813054  0.311796  0.178346 -0.0755789 -0.0485969 0.591991 0.80092
1311867796.825803 0.0808686  0.312475  0.179114 -0.0758288 -0.0474951 0.590261 0.802238
1311867796.857892 0.0821871  0.312444  0.178547 -0.0758436 -0.0460518 0.588358 0.803718
1311867796.889846 0.0819007   0.31196   0.17637 -0.0758259 -0.0443344 0.586897 0.804883
1311867796.925814 0.0816838  0.311957  0.174113 -0.0761318 -0.043462 0.584926 0.806335
1311867796.957721 0.0815739   0.31174  0.171929 -0.0764726 -0.0431176 0.582959 0.807744
1311867796.989938 0.0818329  0.311589  0.171491 -0.0768766 -0.0429309 0.58061 0.809406
1311867797.025860 0.0799997   0.31284  0.172835 -0.0762234 -0.0420171 0.578267 0.811192
1311867797.058013 0.0806073  0.311675  0.171606 -0.0764323 -0.041209 0.576019 0.812811
1311867797.089861 0.0804503  0.311727  0.170286 -0.0760746 -0.0406871 0.574229 0.814137
1311867797.125738 0.0802057  0.312661  0.172157 -0.0753907 -0.0397587 0.571968 0.815836
1311867797.158084 0.0784549  0.314484  0.171247 -0.0745411 -0.0383935 0.570234 0.817192
1311867797.189755 0.0819037  0.311875  0.172605 -0.0749878 -0.0371883 0.568058 0.818721
1311867797.225712 0.0831012  0.311798  0.174343 -0.0743638 -0.0356995 0.566114 0.820189
1311867797.257733 0.0804564  0.313028  0.170892 -0.0737242 -0.0334953 0.565004 0.821105
1311867797.289882 0.0773076  0.316587  0.169694 -0.0721485 -0.0319317 0.564561 0.821611
1311867797.325818 0.0782411  0.317039  0.169338 -0.0720883 -0.03092 0.563073 0.822676
1311867797.357913 0.074557 0.316797 0.166078 -0.0714367 -0.0286476 0.562465 0.823231
1311867797.393986 0.0745554  0.316587  0.165128 -0.0713413 -0.0280096 0.561593 0.823856
1311867797.425883 0.0740256    0.3174  0.164663 -0.0712102 -0.0273099 0.560633 0.824545
1311867797.457850 0.0734097  0.318082  0.164126 -0.0712884 -0.0266973 0.559741 0.825164
1311867797.493866 0.0726784  0.317786   0.16325 -0.0714436 -0.0262338 0.55883 0.825783
1311867797.525816 0.0769696  0.314955  0.163873 -0.0730209 -0.0267213 0.557594 0.826464
1311867797.557922 0.0760995  0.315738  0.164073 -0.073219 -0.0263339 0.556751 0.827027
1311867797.593956 0.0770671  0.316751  0.163427 -0.0730379 -0.0266389 0.556638 0.82711
1311867797.625798 0.0772123   0.31488  0.164271 -0.0736307 -0.0266028 0.55604 0.82746
1311867797.657969 0.0746681  0.316496  0.162149 -0.0728929 -0.0264356 0.555797 0.827694
1311867797.693973 0.0743921  0.316342  0.161485 -0.0729671 -0.0267314 0.555484 0.827888
1311867797.725918 0.072871 0.316376 0.160638 -0.0726622 -0.0269085 0.555132 0.828145
1311867797.757869 0.0754815  0.316633  0.162862 -0.0731404 -0.0284656 0.554494 0.828479
1311867797.793848 0.0746662  0.316864  0.162406 -0.0725794 -0.0289236 0.553907 0.828905
1311867797.825918 0.0747828   0.31493  0.163056 -0.0726758 -0.0291329 0.552844 0.829598
1311867797.857902 0.0763347  0.313208    0.1641 -0.0734645 -0.0299207 0.551509 0.830388
1311867797.893997 0.0772076   0.31369  0.164968 -0.0734752 -0.0306609 0.550393 0.831101
1311867797.926062 0.0750741  0.313029  0.164455 -0.0727072 -0.0300187 0.549359 0.831876
1311867797.957786 0.0750941  0.311344  0.163354 -0.0728845 -0.0297999 0.548091 0.832704
1311867797.993765 0.0748696  0.311455  0.164242 -0.0729323 -0.0301003 0.547305 0.833206
1311867798.025838 0.0767301  0.310017  0.166552 -0.0730853 -0.0308019 0.546214 0.833883
1311867798.057988 0.0787867  0.307192  0.165733 -0.0734114 -0.0310446 0.544902 0.834703
1311867798.093822 0.0779201   0.30641   0.16363 -0.0737865 -0.0311465 0.543861 0.835344
1311867798.125727 0.0780241  0.305125  0.164104 -0.0737595 -0.0314276 0.542331 0.836331
1311867798.157836 0.078568 0.306472 0.164158 -0.0729521 -0.0320899 0.541202 0.837108
1311867798.193894 0.0790436  0.305217  0.165092 -0.0732227 -0.0322589 0.539332 0.838283
1311867798.225743 0.0810781  0.301793  0.167701 -0.0738607 -0.0323044 0.537117 0.839647
1311867798.257989 0.0813751  0.301329  0.168473 -0.0731124 -0.0322685 0.535657 0.840645
1311867798.294046 0.0792356   0.30303  0.166477 -0.0718488 -0.0314827 0.534051 0.841805
1311867798.325819 0.0781204  0.304501  0.167884 -0.0709623 -0.0306199 0.532392 0.842962
1311867798.357971 0.0786936  0.303481  0.165573 -0.0706306 -0.0296478 0.530998 0.843904
1311867798.394015 0.0794171  0.304094  0.167262 -0.0700026 -0.0291429 0.529118 0.845154
1311867798.426024 0.0759871  0.304868  0.165679 -0.0688271 -0.0273665 0.528144 0.845918
1311867798.457892 0.0732301  0.307228  0.166885 -0.0674988 -0.026446 0.526966 0.846789
1311867798.494106 0.072591 0.310729 0.165624 -0.0664608 -0.0264676 0.525644 0.847691
1311867798.525916 0.0728468  0.309534  0.165532 -0.0666806 -0.0259865 0.523684 0.848902
1311867798.557795 0.0748396  0.308271  0.167784 -0.067101 -0.0261241 0.52157 0.850164
1311867798.593927 0.0742614  0.307458  0.166432 -0.0676181 -0.0256457 0.519305 0.851523
1311867798.625864 0.0761202  0.307949  0.167237 -0.0676932 -0.0255354 0.516904 0.85298
1311867798.657867 0.0766295  0.310258  0.169283 -0.0662482 -0.0245758 0.515124 0.854198
1311867798.693927 0.0751624  0.310854  0.168491 -0.0659255 -0.0232025 0.513577 0.855192
1311867798.725982 0.0759268  0.312566  0.169233 -0.0652324 -0.0227363 0.511569 0.856461
1311867798.757818 0.0766104  0.311625  0.169783 -0.0643128 -0.0213314 0.509858 0.857586
1311867798.793938 0.0766498  0.310818  0.169162 -0.0644511 -0.0197493 0.507946 0.858748
1311867798.825773 0.0767997  0.311016  0.170043 -0.0638747 -0.0182541 0.505765 0.86011
1311867798.857893 0.0778788  0.310465  0.169939 -0.0630135 -0.0167605 0.503922 0.861285
1311867798.894001 0.0780739  0.309164  0.169318 -0.0633122 -0.0149704 0.502133 0.86234
1311867798.925850 0.0783729  0.309908  0.170211 -0.0627378 -0.0137093 0.50028 0.863479
1311867798.957999 0.0782032  0.311861  0.170704 -0.0614238 -0.0127273 0.49876 0.864467
1311867798.994130 0.0762166  0.314017  0.169901 -0.0599619 -0.0112704 0.497392 0.865378
1311867799.025860 0.0789149  0.312803  0.170002 -0.0598901 -0.0105071 0.494873 0.866836
1311867799.058101 0.0808813  0.311856  0.171691 -0.0597367 -0.00947877 0.49263 0.868134
1311867799.094049 0.0812796  0.312228  0.171017 -0.0591844 -0.00860023 0.491019 0.869094
1311867799.125795 0.0797349  0.313937  0.172349 -0.0575165 -0.00731232 0.489 0.870355
1311867799.157830 0.0799014  0.312653  0.171697 -0.0568917 -0.00613694 0.487457 0.87127
1311867799.193874 0.0800746  0.313029  0.171959 -0.0570785 -0.00586503 0.485281 0.872474
1311867799.225833 0.0810614  0.309335  0.171549 -0.0582603 -0.00542592 0.483129 0.873592
1311867799.293960 0.0820886  0.308089  0.174781 -0.0579613 -0.0061871 0.480273 0.87518
1311867799.325811 0.0831647  0.306246  0.176796 -0.0584665 -0.00668661 0.47811 0.876326
1311867799.357964 0.0827677  0.308768  0.176074 -0.0572427 -0.00691152 0.476721 0.877162
1311867799.393992 0.0853471   0.30817   0.17868 -0.0569303 -0.00712032 0.475055 0.878084
1311867799.426033 0.0870439  0.304072  0.177552 -0.0578204 -0.00610829 0.473411 0.87892
1311867799.458035 0.0868266  0.303519  0.177184 -0.0573926 -0.00528972 0.472769 0.879299
1311867799.493921 0.0891513  0.301026  0.178834 -0.0576701 -0.00483347 0.471479 0.879976
1311867799.525905 0.0892551  0.300381  0.179801 -0.0577716 -0.00387408 0.470186 0.880666
1311867799.558017 0.0900887  0.300231  0.178217 -0.0583226 -0.00356489 0.468977 0.881275
1311867799.593862 0.0905335  0.299377  0.178401 -0.0585714 -0.00300973 0.467487 0.882052
1311867799.625895 0.0918721  0.298613   0.17896 -0.0594097 -0.00268073 0.46619 0.882684
1311867799.658049 0.0914769  0.298168  0.178864 -0.0601219 -0.00226323 0.465249 0.883133
1311867799.693953 0.0924952  0.297883  0.179671 -0.0604313 -0.00249118 0.463895 0.883823
1311867799.725985 0.0923697  0.298363  0.180168 -0.0609152 -0.00224972 0.462301 0.884625
1311867799.758160 0.0937516  0.297561  0.180977 -0.0625015 -0.00204677 0.46024 0.885589
1311867799.793960 0.0959047  0.298282  0.180964 -0.0630079 -0.00219499 0.458536 0.886437
1311867799.825938 0.0968595  0.297976  0.181991 -0.0638287 -0.00187053 0.457011 0.887166
1311867799.857945 0.0956222  0.294675  0.181485 -0.065112 -0.000154838 0.454888 0.888165
1311867799.894195 0.0964379  0.295474  0.182409 -0.0646457 0.000930601 0.453097 0.889114
1311867799.925950 0.0965137  0.295459  0.181961 -0.0646279 0.00250097 0.451675 0.889835
1311867799.958140 0.0965594  0.298265  0.181156 -0.0640415 0.00389477 0.449952 0.890745
1311867799.994219 0.097339 0.297533 0.181388 -0.0641022 0.00513725 0.448858 0.891286
1311867800.025968 0.0964627  0.296882  0.180687 -0.0638122 0.00640167 0.447468 0.891998
1311867800.058224 0.0971542   0.29703  0.180614 -0.0639494 0.00714659 0.44544 0.892996
1311867800.094016 0.0985613  0.296583  0.180787 -0.0646783 0.00786992 0.443676 0.893816
1311867800.125996 0.0988028  0.297288    0.1803 -0.0639873 0.00852535 0.442277 0.894552
1311867800.157882 0.0983528  0.296818  0.179883 -0.063691 0.00961638 0.440652 0.895364
1311867800.193944 0.0986475  0.296483  0.179751 -0.0640859 0.0102948 0.439061 0.89611
1311867800.225908 0.101168 0.298565 0.181746 -0.063025 0.00998483 0.438051 0.896683
1311867800.257891 0.101458 0.297408 0.180984 -0.0622644 0.0107118 0.436955 0.897262
1311867800.293975 0.101782 0.298001 0.180701 -0.061786 0.011229 0.435354 0.898066
1311867800.325991 0.101093 0.299516 0.179916 -0.0609092 0.0119648 0.433751 0.898892
1311867800.358058 0.100256  0.29872 0.178783 -0.0600093 0.0133075 0.432344 0.899611
1311867800.394099 0.100942 0.299057 0.178797 -0.0594019 0.0139697 0.430578 0.900488
1311867800.425954 0.101117 0.299045 0.178111 -0.0593179 0.0142614 0.429092 0.901198
1311867800.457935  0.10349 0.297671 0.180089 -0.0595866 0.014119 0.426866 0.902239
1311867800.493918 0.104384 0.298242 0.180182 -0.0585285 0.0144948 0.425272 0.903055
1311867800.525888 0.103588 0.296955 0.179293 -0.058712 0.0155216 0.423605 0.903809
1311867800.557963 0.104089 0.296492 0.179486 -0.058728 0.0158142 0.421254 0.904901
1311867800.593917 0.104241  0.29588 0.179592 -0.0583393 0.016162 0.418864 0.906029
1311867800.626001 0.103948 0.295789 0.178719 -0.058024 0.0164539 0.416899 0.906949
1311867800.657970 0.103777 0.294982 0.178109 -0.058175 0.0167376 0.414729 0.907929
1311867800.694065 0.105177 0.296772 0.179717 -0.0575262 0.0162147 0.41263 0.908936
1311867800.725941 0.104557 0.295898 0.179668 -0.0569562 0.0170668 0.410086 0.910107
1311867800.758126 0.105547 0.293944 0.178765 -0.0581744 0.017581 0.407585 0.911143
1311867800.794068 0.105574 0.292198 0.178492 -0.0589281 0.0179239 0.40602 0.911786
1311867800.825909 0.105433 0.291382 0.178989 -0.0584669 0.0179214 0.404584 0.912454
1311867800.858130 0.105322 0.291864   0.1788 -0.0579851 0.0180741 0.403174 0.913105
1311867800.894161 0.105861     0.29  0.17794 -0.0586712 0.018503 0.401509 0.913786
1311867800.926174 0.105413 0.289528 0.177474 -0.0584816 0.018595 0.40033 0.914314
1311867800.957970 0.105695 0.289501 0.177943 -0.0582482 0.0177498 0.398923 0.91496
1311867800.994092 0.105331 0.289084 0.178732 -0.0587494 0.0169605 0.397303 0.915648
1311867801.025931 0.105199 0.289294 0.178701 -0.0593194 0.0160395 0.395533 0.916394
1311867801.058113 0.106429  0.28883 0.179254 -0.0596698 0.0151807 0.39364 0.9172
1311867801.094112 0.106817 0.287925 0.179179 -0.0601659 0.0151659 0.392295 0.917744
1311867801.125954 0.108132 0.286053 0.181568 -0.061709 0.0150682 0.390467 0.918423
1311867801.158217 0.108398 0.283707  0.18108 -0.062545 0.0153373 0.389027 0.918973
1311867801.194187 0.107944 0.282832 0.182025 -0.0639359 0.0152235 0.387782 0.919405
1311867801.226157  0.10902 0.279581 0.182947 -0.0666584 0.0148015 0.386259 0.91986
1311867801.257980 0.108843 0.282659  0.18226 -0.0663317 0.0137416 0.385298 0.920302
1311867801.294108 0.108279 0.282267 0.182352 -0.0673049 0.0135739 0.384052 0.920755
1311867801.326117 0.106319  0.28471 0.180715 -0.066471 0.014453 0.383265 0.92113
1311867801.358071 0.107806 0.283732 0.181233 -0.0672965 0.0147902 0.382296 0.921467
1311867801.394277 0.108595 0.284468 0.182291 -0.0677958 0.0150746 0.381391 0.921801
1311867801.426129 0.106873  0.28401 0.181424 -0.0679756 0.016206 0.380549 0.922116
1311867801.458008  0.10825 0.284342 0.182197 -0.0680093 0.0166397 0.379536 0.922524
1311867801.494095 0.108774 0.283658 0.181233 -0.0681468 0.0178655 0.378305 0.922996
1311867801.526114 0.108434  0.28471 0.180582 -0.066683 0.0192116 0.376982 0.923617
1311867801.558215 0.108837 0.283606 0.179096 -0.0662036 0.0199653 0.376222 0.923946
1311867801.593980 0.110156 0.282966 0.180034 -0.0673124 0.0200138 0.375209 0.924276
1311867801.625963 0.110807  0.28128  0.17894 -0.0672007 0.020393 0.373938 0.924791
1311867801.658063 0.109873 0.281531 0.178121 -0.066193 0.0213981 0.372404 0.92546
1311867801.694109 0.112334 0.278266  0.17897 -0.0689075 0.0212743 0.370236 0.926134
1311867801.726246  0.11267 0.278114 0.179517 -0.0702038 0.0208845 0.36805 0.926917
1311867801.758140 0.112975 0.277347  0.18118 -0.0702067 0.0208075 0.364885 0.928169
1311867801.793997 0.112855 0.276857 0.180951 -0.0713682 0.0211094 0.362193 0.929127
1311867801.826116 0.113879 0.272179 0.183183 -0.0747926 0.020768 0.359351 0.929968
1311867801.858145 0.113766 0.271301 0.184039 -0.0760483 0.0192865 0.356135 0.931135
1311867801.894067 0.112906 0.270524 0.184677 -0.077585 0.0182004 0.352732 0.932325
1311867801.926044  0.11216 0.267659 0.186167 -0.0802255 0.017532 0.349457 0.933347
1311867801.958234    0.113 0.267356 0.188358 -0.0814383 0.0165528 0.345864 0.934597
1311867801.994370 0.111269  0.26994  0.18715 -0.0809193 0.0168807 0.342333 0.935935
1311867802.026172  0.11116 0.269817 0.188168 -0.081199 0.0171372 0.338589 0.937268
1311867802.058203 0.113527 0.266671 0.191174 -0.082658 0.0167953 0.333961 0.938806
1311867802.094086  0.11364 0.264819 0.193251 -0.0836247 0.0171874 0.328578 0.940611
1311867802.126143 0.113402 0.267313 0.192202 -0.0832015 0.0176773 0.324375 0.942096
1311867802.158152 0.114369 0.262578  0.19616 -0.0856171 0.0180907 0.32002 0.943361
1311867802.194041 0.115026 0.258398 0.199665 -0.0872299 0.0181024 0.315741 0.944654
1311867802.226228 0.114181 0.254986 0.201443 -0.0883967 0.0184485 0.311708 0.945877
1311867802.258143 0.112771 0.250335 0.205424 -0.0910699 0.018837 0.307996 0.946832
1311867802.294026 0.112027 0.250235 0.206986 -0.0926226 0.0181581 0.304213 0.947916
1311867802.326159 0.111513 0.250521 0.208134 -0.0945267 0.0175327 0.299622 0.949202
1311867802.358201  0.11026 0.250091 0.209835 -0.0966231 0.0169672 0.295041 0.950435
1311867802.394136 0.107235 0.246679 0.210724 -0.0997754 0.0166549 0.289872 0.951705
1311867802.426180 0.107091 0.246249 0.213625 -0.102319 0.0163289 0.284045 0.953196
1311867802.458210  0.10632 0.248116 0.213219 -0.103002 0.0162365 0.278771 0.95468
1311867802.494222 0.105583 0.247574 0.214879 -0.103993 0.0162755 0.273432 0.956115
1311867802.526168 0.104159 0.244548 0.218601 -0.107486 0.0176877 0.26764 0.957341
1311867802.558258 0.103799 0.242692 0.219411 -0.109052 0.018776 0.261599 0.958812
1311867802.594169 0.103351 0.245648 0.219767 -0.107107 0.0201138 0.25718 0.960199
1311867802.626098 0.102139  0.24695  0.21976 -0.107345 0.0214726 0.254146 0.960951
1311867802.658175 0.103262 0.245419 0.221932 -0.109022 0.0209433 0.250759 0.961663
1311867802.694279 0.102998 0.243782 0.224444 -0.108925 0.0217625 0.247421 0.96252
1311867802.726240  0.10323 0.243073 0.226219 -0.108406 0.022964 0.245461 0.963052
1311867802.758151 0.102763 0.243815 0.225458 -0.107793 0.0230232 0.244006 0.963489
1311867802.794342 0.103664 0.241545 0.230267 -0.107624 0.0225447 0.242418 0.96392
1311867802.826364 0.102871 0.239608 0.232629 -0.107092 0.0225821 0.241391 0.964236
1311867802.858128 0.102119 0.239345 0.233236 -0.107106 0.0226912 0.240359 0.96449
1311867802.894182 0.0992071  0.234361  0.237419 -0.109086 0.023962 0.238881 0.964605
1311867802.926170 0.0983508  0.232039   0.24143 -0.109611 0.0236213 0.238063 0.964756
1311867802.958158 0.0975742  0.226892  0.245901 -0.111908 0.0234185 0.236694 0.964834
1311867802.994108 0.0958527  0.223119  0.250093 -0.113536 0.0238358 0.234994 0.965049
1311867803.026142 0.0928425  0.217406  0.255079 -0.115181 0.0247294 0.232784 0.965367
1311867803.058099 0.0916338  0.215965  0.256424 -0.116147 0.0246878 0.231127 0.96565
1311867803.094236 0.0895442  0.212045  0.260699 -0.118946 0.0255565 0.228948 0.965806
1311867803.126287 0.0918473  0.214501     0.259 -0.119141 0.0245874 0.226798 0.966314
1311867803.158180 0.0901292  0.214266  0.259602 -0.119875 0.0252771 0.224578 0.966724
1311867803.194599 0.0903101   0.21451  0.260664 -0.120744 0.0252147 0.222742 0.967042
1311867803.226260 0.0907917  0.214757  0.261303 -0.121448 0.0255168 0.220487 0.967463
1311867803.258182 0.0880072  0.212463  0.264904 -0.12344 0.0275434 0.218449 0.967618
1311867803.294176 0.0858648  0.212616  0.265903 -0.125498 0.0281669 0.217342 0.967584
1311867803.326113 0.084839 0.211473 0.264672 -0.127474 0.0279464 0.215948 0.967645
1311867803.358161 0.0824307  0.209482  0.267412 -0.129035 0.028729 0.214396 0.96776
1311867803.394241 0.0833893    0.2099  0.267863 -0.129729 0.0280517 0.21276 0.968048
1311867803.426096 0.083298 0.209989 0.268518 -0.129719 0.0278763 0.210747 0.968494
1311867803.458184 0.0822333  0.209539  0.269683 -0.13039 0.0277928 0.208345 0.968926
1311867803.494174 0.0830239  0.207818  0.271166 -0.131359 0.0270881 0.205561 0.96941
1311867803.526406 0.0837838  0.208206  0.272862 -0.131026 0.0261947 0.202863 0.970048
1311867803.558188 0.0843671  0.209016  0.273435 -0.130606 0.0248163 0.200138 0.970707
1311867803.594251 0.0850325  0.212784  0.271283 -0.128951 0.0234363 0.197127 0.971578
1311867803.626250 0.0867749  0.211755  0.273244 -0.128228 0.022169 0.194165 0.972299
1311867803.658231 0.0874028     0.211   0.27464 -0.126335 0.0212217 0.191027 0.97319
1311867803.694201 0.0893517   0.21498   0.27241 -0.123592 0.020833 0.187592 0.974218
1311867803.726358 0.0872363  0.211901  0.276648 -0.122171 0.0221781 0.184197 0.975015
1311867803.758429 0.088044 0.209049 0.279922 -0.120121 0.0213675 0.18085 0.975914
1311867803.794332 0.0921077  0.211249  0.278417 -0.117045 0.0190514 0.177532 0.976944
1311867803.826263 0.092897 0.210969 0.278407 -0.115388 0.0183906 0.173218 0.977928
1311867803.858191 0.0921374  0.206575  0.281912 -0.114278 0.0190051 0.168269 0.97891
1311867803.894245 0.0923164  0.205711  0.283257 -0.11253 0.0179992 0.164514 0.97977
1311867803.926337 0.0930813  0.205992  0.283033 -0.111425 0.0164706 0.160863 0.980529
1311867803.958247 0.0949547   0.20273  0.286064 -0.111453 0.0159516 0.156852 0.981184
1311867803.994262 0.0955495  0.204252  0.286071 -0.109845 0.0158425 0.153318 0.981925
1311867804.026185 0.0942567  0.204526  0.285508 -0.10977 0.016256 0.150108 0.982422
1311867804.058216 0.0968701  0.204949  0.286555 -0.10889 0.0151213 0.147252 0.982971
1311867804.094281 0.0973976  0.207827    0.2863 -0.107353 0.0143765 0.144755 0.983521
1311867804.126333 0.0999096  0.209719  0.286607 -0.107385 0.013046 0.142469 0.98387
1311867804.158194 0.100707 0.208935 0.288039 -0.107327 0.0122971 0.140166 0.984217
1311867804.194379 0.103156 0.207048 0.291277 -0.108454 0.0106573 0.138343 0.98437
1311867804.226371 0.101211 0.201822 0.294819 -0.110971 0.0104098 0.136286 0.98438
1311867804.258200 0.102365 0.201936 0.295366 -0.11013 0.00919247 0.134211 0.984771
1311867804.294183 0.102101 0.204666 0.293423 -0.108228 0.00832169 0.132763 0.985186
1311867804.326237 0.103144 0.204683  0.29403 -0.108931 0.00752467 0.131549 0.985278
1311867804.358193  0.10382 0.203639 0.295474 -0.10881 0.00680421 0.130604 0.985422
1311867804.426193 0.105874 0.202889 0.297454 -0.108812 0.00468629 0.128307 0.985736
1311867804.458332 0.107742 0.204144 0.299104 -0.108087 0.00356694 0.12665 0.986035
1311867804.494198  0.10551 0.205662 0.297513 -0.106847 0.00396721 0.124476 0.986445
1311867804.526176 0.104915 0.206367  0.29642 -0.107491 0.00409025 0.121826 0.986705
1311867804.558354 0.107704 0.203485 0.300552 -0.10792 0.0030025 0.119291 0.986972
1311867804.594331 0.107156 0.204161  0.30093 -0.107155 0.00275847 0.1174 0.987283
1311867804.626153 0.108009 0.208501 0.299355 -0.106074 0.00196401 0.115467 0.987629
1311867804.658500 0.109936 0.210191 0.298443 -0.104499 0.00105788 0.113529 0.988023
1311867804.694288 0.111212 0.212405 0.296226 -0.103168 0.000455411 0.11249 0.988282
1311867804.758289 0.120423 0.215899 0.301341 -0.100569 -0.00216798 0.109905 0.988839
1311867804.794279 0.113179 0.211131 0.300314 -0.101019 0.000787996 0.108034 0.989001
1311867804.826451 0.113508 0.210357 0.300588 -0.101085 0.0014969 0.105945 0.98922
1311867804.858266 0.109095 0.207019 0.303083 -0.100107 0.00355593 0.103342 0.989589
1311867804.894378 0.107667 0.207593 0.304268 -0.0994019 0.00534037 0.100795 0.989915
1311867804.926254  0.10923 0.208637 0.302592 -0.0990833 0.0059424 0.0980581 0.990218
1311867804.994252 0.110414 0.210233 0.301183 -0.0959042 0.00614352 0.0943133 0.990893
1311867805.026220 0.109638 0.208899 0.301153 -0.0960641 0.00648229 0.0925922 0.991038
1311867805.094208 0.109816 0.208507 0.300666 -0.0949068 0.00642258 0.0885754 0.991517
1311867805.158476 0.111296 0.208768 0.299996 -0.0953937 0.00595621 0.0846997 0.991812
1311867805.194294 0.108467 0.206084  0.29994 -0.0954932 0.00703223 0.082245 0.992002
1311867805.226415 0.110875 0.207198 0.299027 -0.0946751 0.00616849 0.0805853 0.992222
1311867805.258287  0.10991 0.206418 0.298062 -0.0954209 0.00610558 0.0787324 0.9923
1311867805.294308 0.107808 0.207745 0.297349 -0.0948403 0.00640548 0.076386 0.992537
1311867805.326241 0.104761 0.205715 0.298246 -0.0963159 0.00735176 0.0740815 0.992563
1311867805.358395 0.104295 0.204191 0.298128 -0.0982298 0.00721208 0.0719151 0.992536
1311867805.394394 0.102733 0.202641 0.298525 -0.0996158 0.00719293 0.0697062 0.992555
1311867805.426287 0.106306 0.202109 0.299315 -0.0996546 0.00590272 0.0678396 0.992689
1311867805.458331 0.105151 0.202499 0.298604 -0.0999485 0.00621702 0.0662983 0.992762
1311867805.494357  0.10326 0.200843  0.30005 -0.101665 0.00679096 0.0644148 0.992708
1311867805.526251 0.101215 0.200331 0.299703 -0.102265 0.00785246 0.0628869 0.992736
1311867805.558280 0.0997209  0.198747  0.299913 -0.103961 0.00812278 0.0616483 0.992636
1311867805.594481 0.0984498  0.200187   0.29909 -0.106694 0.00766428 0.0600939 0.992445
1311867805.658272 0.0968682  0.199103  0.293269 -0.111591 0.00675694 0.0573418 0.992075
1311867805.694239 0.102484 0.202376 0.296104 -0.113314 0.00468841 0.0564027 0.991946
1311867805.758268 0.0975336  0.202157  0.288556 -0.118491 0.00518933 0.0535357 0.991497
1311867805.794377 0.106612  0.20345 0.292093 -0.120702 0.00132752 0.0532253 0.99126
1311867805.858228 0.100111 0.200855 0.291116 -0.125315 0.00241074 0.0502547 0.99084
1311867805.894373 0.0965409  0.201234  0.288776 -0.127661 0.00348745 0.0490432 0.990598
1311867805.926374 0.100525 0.200916 0.286215 -0.130448 0.00183485 0.0483977 0.990271
1311867805.958251 0.103898  0.19989 0.288984 -0.133314 -0.00033561 0.0471794 0.98995
1311867805.994514  0.10886 0.202865 0.291902 -0.134583 -0.00232928 0.0458059 0.98984
1311867806.058361 0.116093 0.202604 0.287981 -0.137428 -0.00425023 0.041386 0.989638
1311867806.094251 0.115094 0.201465 0.288978 -0.137993 -0.00438846 0.0391974 0.989648
1311867806.158414  0.11593 0.200618 0.292796 -0.138302 -0.00499168 0.0335584 0.989809
1311867806.194519 0.118213 0.200795 0.290395 -0.137136 -0.00598449 0.03131 0.990039
1311867806.226434 0.118758 0.200354 0.285488 -0.136957 -0.00652199 0.0285961 0.990143
1311867806.258441  0.12187 0.201034 0.286092 -0.136147 -0.007789 0.0266398 0.9903
1311867806.294365 0.117114 0.200478 0.284432 -0.135313 -0.00684722 0.0244655 0.990477
1311867806.358959 0.118728 0.199091 0.288205 -0.135622 -0.00717803 0.0213529 0.990505
1311867806.394444 0.117793 0.198401 0.282972 -0.134827 -0.00694765 0.0198962 0.990645
1311867806.458394 0.118557 0.196694 0.285274 -0.137334 -0.0077715 0.0164183 0.990358
1311867806.494521 0.119753 0.197164 0.283363 -0.137327 -0.00878946 0.0159766 0.990358
1311867806.526430 0.118717 0.198059 0.281643 -0.138656 -0.00920326 0.0141649 0.990196
1311867806.594565 0.122822 0.195845 0.287287 -0.138342 -0.0119724 0.0114983 0.990245
1311867806.626500 0.122772 0.194275  0.28423 -0.138996 -0.0123669 0.0106564 0.990158
1311867806.662342  0.12178 0.191458 0.284078 -0.13909 -0.0122352 0.00905929 0.990163
1311867806.694451 0.122721 0.191526 0.282763 -0.137125 -0.0123613 0.00806707 0.990444
1311867806.726465 0.122014 0.191799 0.282182 -0.136627 -0.0121071 0.00660328 0.990527
1311867806.762469 0.122853 0.190973 0.281236 -0.13594 -0.0121371 0.00464477 0.990632
1311867806.794421 0.126214 0.191444 0.278801 -0.134623 -0.0130152 0.00340417 0.990806
1311867806.826672 0.122369 0.190957  0.27981 -0.135324 -0.0118612 0.00215329 0.990728
1311867806.862618 0.125871 0.190571 0.278903 -0.13531 -0.0130663 0.000869455 0.990717
1311867806.926469 0.120921 0.191842 0.278015 -0.134926 -0.0101641 -0.00242231 0.990801
1311867806.962468 0.121499 0.190626 0.278211 -0.135407 -0.0103385 -0.00416811 0.990727
1311867807.026460 0.122195 0.192469 0.274507 -0.135125 -0.00968405 -0.00716368 0.990755
1311867807.062578 0.113715 0.192439 0.274322 -0.137054 -0.00660838 -0.00951916 0.990496
1311867807.094486 0.113654 0.191684   0.2795 -0.138472 -0.00510935 -0.0115751 0.990286
1311867807.126552 0.111388  0.19138 0.278114 -0.139622 -0.00380774 -0.0137183 0.990103
1311867807.162589 0.108069  0.19035 0.275702 -0.14182 -0.00237299 -0.0165658 0.989751
1311867807.194407 0.117539 0.187715  0.27755 -0.14282 -0.00468277 -0.0181652 0.989571
1311867807.226418 0.122408 0.189216 0.275517 -0.141333 -0.0060941 -0.0205838 0.989729
1311867807.262642 0.110713 0.189658 0.271916 -0.142384 -0.00241576 -0.0242973 0.98951
1311867807.294320 0.107645 0.188404  0.27275 -0.144424 -0.00149838 -0.026636 0.989156
1311867807.326472 0.110995 0.189319 0.273206 -0.144734 -0.00280375 -0.0282045 0.989065
1311867807.362674 0.103035 0.192516 0.275005 -0.145453 -0.000691925 -0.0303421 0.988899
1311867807.426839  0.10938 0.189628 0.274271 -0.147888 -0.00236367 -0.0341173 0.988413
1311867807.462384 0.0991947  0.194098  0.272625 -0.146735 0.00129987 -0.0376979 0.988456
1311867807.494599 0.0985244   0.19647  0.270949 -0.148119 0.00182376 -0.0402705 0.988148
1311867807.526552 0.0995046  0.196245  0.269103 -0.149548 0.00199523 -0.0428931 0.987822
1311867807.562588 0.0947009  0.201493  0.270584 -0.149778 0.00429321 -0.0470179 0.987592
1311867807.626450 0.0909956   0.20062  0.269862 -0.155891 0.0084633 -0.0555517 0.986175
1311867807.662362 0.0951581  0.202761  0.270786 -0.156615 0.00832697 -0.0580884 0.985915
1311867807.726444 0.0911063  0.203709  0.271378 -0.161331 0.0116847 -0.0642831 0.984735
1311867807.762348 0.0992473  0.204282  0.272372 -0.160741 0.0105973 -0.0669379 0.984667
1311867807.826668 0.101111 0.203842 0.273816 -0.162033 0.0141097 -0.0742945 0.983883
1311867807.862595 0.105994 0.203486 0.273859 -0.161512 0.0138266 -0.0765468 0.9838
1311867807.894523 0.110076 0.204247 0.272264 -0.160443 0.0140112 -0.0795439 0.983735
1311867807.926650  0.10771  0.20384 0.267397 -0.160778 0.0159994 -0.0832538 0.983343
1311867807.962519 0.0991187  0.208492  0.267386 -0.161008 0.0185567 -0.087311 0.982908
1311867807.994474  0.09746 0.208765 0.267759 -0.16157 0.0180961 -0.0904345 0.982542
1311867808.026441 0.102566 0.209424 0.268017 -0.160553 0.0154344 -0.0944834 0.982373
1311867808.094856 0.106911 0.209372 0.267864 -0.160128 0.0157972 -0.104033 0.981472
1311867808.126992 0.107195 0.209675 0.264257 -0.160802 0.0157998 -0.107951 0.980938
1311867808.162517 0.108047 0.208608 0.265812 -0.162173 0.0157607 -0.111889 0.980272
1311867808.194706 0.105689 0.211081 0.268171 -0.162181 0.0177354 -0.115997 0.979759
1311867808.226563 0.0976572   0.21306  0.268794 -0.164339 0.0212156 -0.120143 0.97883
1311867808.262791 0.0998026   0.21265  0.269379 -0.166494 0.0211456 -0.122845 0.978132
1311867808.294506 0.101855 0.212497 0.270645 -0.168376 0.0201945 -0.125349 0.977512
1311867808.326453  0.09887 0.211867  0.27471 -0.171206 0.0197676 -0.128542 0.976614
1311867808.362506 0.0997953  0.211414   0.27512 -0.173021 0.0190731 -0.131102 0.975967
1311867808.394498 0.102386  0.21131  0.27309 -0.17354 0.0187951 -0.132107 0.975745
1311867808.426900 0.102413 0.210917 0.274238 -0.174673 0.0185491 -0.133631 0.97534
1311867808.462527 0.108022 0.210702 0.275524 -0.17405 0.0169909 -0.134828 0.975315
1311867808.494549 0.100937 0.213747 0.274111 -0.174394 0.0199015 -0.136631 0.974948
1311867808.526508 0.104831 0.210692 0.276311 -0.175638 0.0185713 -0.137015 0.974696
1311867808.562485 0.111525 0.208897 0.275481 -0.175397 0.0164804 -0.138448 0.974575
1311867808.594641 0.108683 0.208494 0.275023 -0.176128 0.0182856 -0.140568 0.974107
1311867808.626511 0.105964 0.209311 0.275366 -0.176593 0.0196954 -0.142527 0.973711
1311867808.662447 0.107583 0.208569 0.273805 -0.176936 0.0200257 -0.144412 0.973364
1311867808.694354 0.105968 0.211035 0.275335 -0.176467 0.0211532 -0.147216 0.973005
1311867808.726633 0.102129 0.213913 0.276482 -0.176562 0.0222692 -0.150132 0.972518
1311867808.794498 0.0991489  0.214558  0.278933 -0.179021 0.0236696 -0.154797 0.971303
1311867808.826559 0.0965094  0.219866  0.280068 -0.178354 0.0239341 -0.158103 0.970886
1311867808.894630 0.0945761  0.219919   0.28147 -0.18204 0.0237006 -0.160862 0.969754
1311867808.926617 0.103314 0.222717 0.279182 -0.181679 0.0204384 -0.162051 0.969698
1311867808.994574 0.0988786  0.223198  0.283495 -0.184528 0.0230827 -0.165909 0.968448
1311867809.026567 0.103246 0.227026 0.280085 -0.183372 0.0219131 -0.16825 0.96829
1311867809.062540 0.102566 0.225913 0.279833 -0.186436 0.0226103 -0.169749 0.967427
1311867809.126724 0.108757 0.220314 0.281756 -0.187635 0.0215741 -0.173391 0.966573
1311867809.194671 0.108884 0.216134 0.284948 -0.190184 0.0212999 -0.176166 0.965578
1311867809.226663 0.114495 0.214256 0.289418 -0.189941 0.0181073 -0.177363 0.965472
1311867809.294548 0.105546 0.219057 0.287549 -0.188945 0.0209974 -0.18299 0.964559
1311867809.326565 0.106392 0.219103 0.287008 -0.188884 0.0204948 -0.184968 0.964204
1311867809.362638 0.107923 0.217481 0.285804 -0.189454 0.0198207 -0.187521 0.963613
1311867809.394688  0.10767 0.217451 0.284014 -0.189946 0.0201561 -0.19025 0.962974
1311867809.462565 0.106195 0.217966 0.285819 -0.192105 0.0198259 -0.195637 0.961472
1311867809.494511 0.108944 0.217138  0.28509 -0.193228 0.0188316 -0.198253 0.960731
1311867809.562649 0.112349 0.214173 0.286699 -0.194767 0.0161626 -0.202799 0.959519
1311867809.594550 0.110549 0.214933 0.286857 -0.195203 0.0162199 -0.205641 0.958825
1311867809.626667 0.110233 0.215749 0.287206 -0.194902 0.015956 -0.208085 0.958363
1311867809.662721 0.104188 0.220382 0.289873 -0.194254 0.0171526 -0.210841 0.957871
1311867809.694580 0.106655 0.219419 0.290522 -0.194396 0.0147975 -0.212286 0.957562
1311867809.726645 0.102591 0.219184 0.290607 -0.196148 0.0154812 -0.21503 0.956582
1311867809.762542 0.0980457  0.223965  0.290369 -0.196337 0.0175496 -0.217866 0.955865
1311867809.794665 0.098374 0.225762 0.290102 -0.197451 0.0171175 -0.219761 0.95521
1311867809.826900 0.0936081  0.227679  0.293584 -0.2 0.0184713 -0.222572 0.954002
1311867809.862640 0.0914982  0.232681  0.292969 -0.200112 0.0205791 -0.22619 0.953084
1311867809.894712 0.0876068  0.236744    0.2956 -0.200832 0.023636 -0.229843 0.951987
1311867809.926981 0.0841397  0.240605  0.293289 -0.201642 0.0255033 -0.234125 0.950724
1311867809.965007 0.0835833  0.242725  0.295572 -0.202513 0.0276274 -0.237676 0.949597
1311867809.994565  0.08407 0.242461 0.298101 -0.202763 0.0293548 -0.240819 0.9487
1311867810.026602 0.0839366   0.24254  0.296419 -0.202728 0.0303672 -0.243645 0.947954
1311867810.062804 0.0886494  0.240638   0.29547 -0.202749 0.0288753 -0.245567 0.9475
1311867810.094683 0.0879135  0.244546  0.297597 -0.200696 0.0293585 -0.248596 0.947132
1311867810.126495 0.0859813  0.246932   0.29439 -0.198972 0.0294012 -0.252244 0.94653
1311867810.162638 0.080912 0.250889 0.294204 -0.198692 0.0310423 -0.255629 0.945628
1311867810.195656 0.0803719  0.248603  0.296355 -0.199658 0.0312963 -0.257315 0.944958
1311867810.226852 0.0815547  0.247676  0.296925 -0.199946 0.0299774 -0.259059 0.944464
1311867810.262637 0.0783271  0.248721  0.300395 -0.201167 0.0297656 -0.260924 0.943697
1311867810.294664 0.0816399  0.245199  0.302232 -0.202472 0.0277839 -0.261665 0.943273
1311867810.326661 0.0860141  0.241777  0.301712 -0.203773 0.0252539 -0.26284 0.942737
1311867810.362596 0.0839791  0.245247  0.303329 -0.204467 0.0249142 -0.265378 0.941885
1311867810.394552 0.0858637  0.242081   0.30285 -0.205804 0.0236919 -0.26634 0.941353
1311867810.426760 0.0869667  0.240157  0.304858 -0.207381 0.0232598 -0.267476 0.940696
1311867810.462904 0.0879748  0.234738  0.305904 -0.209734 0.0220963 -0.267404 0.940223
1311867810.494720 0.0873857  0.232445  0.309543 -0.210931 0.0203473 -0.267319 0.940019
1311867810.562744 0.0901002   0.23213  0.313434 -0.211892 0.0159814 -0.26772 0.939773
1311867810.594540 0.0911114  0.232549  0.313717 -0.211593 0.0142226 -0.267919 0.939811
1311867810.626660 0.0896026  0.235481  0.313247 -0.21116 0.0134418 -0.269063 0.939593
1311867810.662670 0.0873099  0.235745  0.313859 -0.211572 0.0130637 -0.269531 0.939372
1311867810.726587 0.088697 0.233176 0.318985 -0.213387 0.00889452 -0.271039 0.938576
1311867810.762609 0.0905689  0.229587  0.321512 -0.214573 0.00727446 -0.272173 0.937991
1311867810.794554 0.0948759  0.224558  0.322869 -0.215671 0.00482534 -0.273845 0.937268
1311867810.826708 0.0930255  0.225545  0.323308 -0.21608 0.0046986 -0.276525 0.936387
1311867810.862586 0.0982679  0.220789  0.324313 -0.216701 0.00180407 -0.278098 0.935788
1311867810.894598 0.0977544  0.221189  0.323682 -0.216539 9.34134e-05 -0.281469 0.934819
1311867810.926602 0.0932118  0.228194  0.322425 -0.215723 0.000238011 -0.285889 0.933665
1311867810.962628 0.092232 0.223864 0.323232 -0.217469 -0.000593326 -0.288202 0.932548
1311867810.994636 0.0937021  0.219707  0.325893 -0.218293 -0.00168045 -0.29074 0.931566
1311867811.026577 0.0948687  0.219768  0.328858 -0.218653 -0.00302577 -0.293842 0.930505
1311867811.062869 0.0878869  0.230937  0.326258 -0.216114 -0.00195375 -0.298849 0.929506
1311867811.126553 0.0910088  0.227096  0.331826 -0.21761 -0.00599441 -0.304963 0.92715
1311867811.162733 0.0882718  0.224987   0.32912 -0.217635 -0.00702972 -0.308495 0.925968
1311867811.226636 0.0871161  0.224624  0.332575 -0.218223 -0.00840583 -0.314005 0.923964
1311867811.262742 0.086528 0.224142 0.332817 -0.218258 -0.00944809 -0.316652 0.923041
1311867811.294862 0.0877992  0.220534  0.334128 -0.21874 -0.0113854 -0.319352 0.921975
1311867811.326836 0.0856958  0.218633   0.33213 -0.219128 -0.0116847 -0.321952 0.920974
1311867811.362738 0.0842931  0.223373  0.333352 -0.218297 -0.0116633 -0.324392 0.920315
1311867811.394651 0.0832327  0.224842  0.335864 -0.218513 -0.0126887 -0.326782 0.919404
1311867811.426613 0.0822804  0.226022  0.334989 -0.218318 -0.0137154 -0.329603 0.918429
1311867811.462911 0.0854468  0.220958  0.337129 -0.219237 -0.0163048 -0.332072 0.917277
1311867811.494663 0.0850728  0.221501  0.338848 -0.218993 -0.0183814 -0.335878 0.91591
1311867811.526624 0.0825121  0.218364  0.339992 -0.220463 -0.0206064 -0.34062 0.913756
1311867811.562759 0.0794353  0.225561  0.333846 -0.217742 -0.0208905 -0.346678 0.912122
1311867811.626636 0.084534 0.214071 0.343326 -0.21645 -0.0275109 -0.356085 0.908623
1311867811.662894 0.0802841   0.22621  0.334679 -0.213683 -0.0258012 -0.360599 0.907547
1311867811.694661 0.0762345  0.234093  0.334392 -0.213717 -0.0245275 -0.36243 0.906845
1311867811.726674 0.0781429  0.227275     0.337 -0.215386 -0.0269017 -0.36294 0.906178
1311867811.762830 0.0769265  0.228501  0.336303 -0.214749 -0.0269023 -0.3656 0.90526
1311867811.794650 0.0751914  0.234284   0.33557 -0.212583 -0.0251984 -0.367657 0.904987
1311867811.826704 0.0753202  0.232623  0.336003 -0.212604 -0.0252265 -0.369012 0.90443
1311867811.862762 0.0758095  0.230109  0.335433 -0.213099 -0.0255198 -0.370122 0.903851
1311867811.897678 0.0770171  0.226216  0.333967 -0.213321 -0.0255328 -0.371731 0.903138
1311867811.926704 0.0790788  0.224137  0.333799 -0.212928 -0.0256652 -0.373107 0.902659
1311867811.965852 0.0774418  0.220534   0.33363 -0.214247 -0.0252782 -0.373894 0.902032
1311867811.994710 0.0755785  0.227096  0.332356 -0.213358 -0.0236881 -0.376106 0.901366
1311867812.026743 0.0777143  0.221431  0.335448 -0.21496 -0.0243811 -0.376682 0.900727
1311867812.062739 0.0793073  0.223209  0.333234 -0.214003 -0.0246679 -0.378057 0.900371
1311867812.094840 0.0786821  0.226515  0.332068 -0.213718 -0.0240308 -0.379927 0.899668
1311867812.126772 0.0802295  0.220409  0.333507 -0.215334 -0.0253122 -0.380527 0.898994
1311867812.162988 0.0809729  0.219889  0.333896 -0.215356 -0.0261132 -0.38208 0.898306
1311867812.194813 0.0810274  0.220843  0.330883 -0.215202 -0.0266165 -0.383762 0.897611
1311867812.226993 0.0795006  0.220579  0.331836 -0.215737 -0.0263356 -0.385644 0.896684
1311867812.262755 0.0811446  0.221745  0.333839 -0.215045 -0.0269621 -0.387749 0.895924
1311867812.294760 0.0793109  0.228519  0.330284 -0.213109 -0.0261642 -0.390618 0.895163
1311867812.326782 0.0780886  0.227555  0.329066 -0.213752 -0.0260871 -0.392498 0.894189
1311867812.362997 0.078592 0.226433 0.327735 -0.214187 -0.026352 -0.394414 0.893234
1311867812.394690 0.0789028  0.222102  0.327547 -0.215441 -0.0269971 -0.396046 0.892191
1311867812.427077 0.0781865  0.225621  0.326568 -0.215514 -0.0267373 -0.398157 0.891241
1311867812.462829 0.0760664  0.232253  0.325585 -0.21488 -0.0250586 -0.401012 0.890162
1311867812.494772 0.077965 0.229574 0.324486 -0.215548 -0.0258151 -0.402351 0.889374
1311867812.526737 0.0781079  0.231864  0.321993 -0.215639 -0.0258804 -0.404255 0.888486
1311867812.562877 0.0808243   0.22655    0.3217 -0.217297 -0.0273646 -0.405772 0.887346
1311867812.595169 0.0786067  0.224076  0.321292 -0.218732 -0.0265814 -0.407779 0.886096
1311867812.626757 0.0786481  0.226627  0.319842 -0.21833 -0.0260997 -0.410144 0.885117
1311867812.662696 0.0779372   0.22821  0.321914 -0.218778 -0.0253907 -0.412406 0.883976
1311867812.694738 0.0771976  0.228864  0.323562 -0.219461 -0.0247741 -0.414112 0.883025
1311867812.726746 0.0754357  0.225573  0.325304 -0.220572 -0.0242756 -0.41589 0.881926
1311867812.762674 0.0770305  0.227335  0.322819 -0.219948 -0.0239851 -0.417995 0.881094
1311867812.794749 0.0768194  0.225628  0.323724 -0.220593 -0.0238347 -0.419617 0.880166
1311867812.826706 0.074631 0.231723 0.323769 -0.220025 -0.0220337 -0.422383 0.879031
1311867812.862751 0.0754325  0.223435  0.325939 -0.222105 -0.0233508 -0.423128 0.878115
1311867812.894734 0.0760552  0.221238  0.327343 -0.222226 -0.0243815 -0.425281 0.877016
1311867812.926813 0.0725385   0.22535  0.325517 -0.22153 -0.0227629 -0.427868 0.875977
1311867812.962840 0.0729815  0.221511  0.325209 -0.222555 -0.0233997 -0.428445 0.875418
1311867812.994966 0.0737726  0.214072  0.328059 -0.224184 -0.0253316 -0.429053 0.87465
1311867813.026870 0.073266 0.218496 0.327262 -0.222946 -0.0251313 -0.431223 0.873905
1311867813.062956 0.0727233  0.218142  0.327713 -0.22293 -0.0255452 -0.433014 0.873011
1311867813.094770 0.0709863  0.215827  0.329389 -0.223727 -0.0261134 -0.434427 0.872088
1311867813.126905 0.0710011  0.219719   0.32844 -0.223337 -0.0262394 -0.437152 0.870821
1311867813.162704 0.0704493  0.227147  0.326123 -0.2225 -0.0249887 -0.439787 0.869745
1311867813.194856 0.0716406  0.217974   0.33068 -0.225278 -0.0275559 -0.439884 0.868903
1311867813.227086 0.0710844  0.216323  0.332041 -0.22567 -0.0284328 -0.442059 0.867668
1311867813.262797 0.0707895  0.221684  0.327567 -0.224019 -0.0278375 -0.44448 0.866878
1311867813.294724 0.070258 0.217447 0.332332 -0.225426 -0.0291686 -0.445639 0.865875
1311867813.326774 0.0675639  0.218427  0.333896 -0.225189 -0.0290555 -0.448752 0.86433
1311867813.362864 0.0671815  0.228254  0.330457 -0.222296 -0.0269482 -0.451921 0.863496
1311867813.395151 0.0662501  0.222293  0.331993 -0.223814 -0.0275525 -0.452909 0.862567
1311867813.426841 0.0654466  0.221898  0.334345 -0.223495 -0.0274246 -0.455213 0.86144
1311867813.462862 0.0630718  0.218729  0.334742 -0.22412 -0.0272688 -0.457438 0.860103
1311867813.494751 0.0639707  0.220129  0.331474 -0.222989 -0.0274179 -0.460693 0.858653
1311867813.526817 0.0610763  0.213427  0.332613 -0.224636 -0.0280637 -0.462396 0.857287
1311867813.562869 0.0611145   0.20762  0.334516 -0.226223 -0.0307069 -0.464411 0.855688
1311867813.595086 0.0570733   0.20927  0.336737 -0.226372 -0.0307437 -0.467316 0.854064
1311867813.626777 0.057041 0.212522  0.33425 -0.225786 -0.0314883 -0.47023 0.852592
1311867813.663122 0.055962  0.21583 0.333941 -0.226204 -0.0314515 -0.472652 0.851142
1311867813.695034 0.0554606  0.216412  0.334941 -0.227385 -0.0318035 -0.474716 0.849664
1311867813.726961 0.0567348  0.220107  0.335822 -0.227562 -0.0319003 -0.476773 0.848461
1311867813.762900 0.0578906  0.223528  0.336599 -0.227309 -0.0320572 -0.478967 0.847286
1311867813.794975 0.0560558  0.224986  0.337998 -0.228473 -0.0314824 -0.480692 0.846016
1311867813.826895 0.0568324     0.226  0.338496 -0.229603 -0.0319461 -0.48231 0.844772
1311867813.862818 0.0544499  0.229439  0.340759 -0.230753 -0.0310584 -0.484453 0.843264
1311867813.894826 0.0556425  0.228966  0.338226 -0.231016 -0.0316045 -0.486574 0.841949
1311867813.926890 0.0541487  0.227319  0.338684 -0.232281 -0.031277 -0.489071 0.840165
1311867813.962750 0.0572078  0.236748  0.336269 -0.231594 -0.0305936 -0.492172 0.838567
1311867813.994814 0.060443 0.234743 0.338201 -0.234059 -0.0327345 -0.493153 0.837225
1311867814.026916 0.0580449  0.240374  0.338181 -0.235371 -0.0316158 -0.496352 0.835006
1311867814.062902 0.0579911   0.24396  0.337451 -0.236522 -0.0308057 -0.498451 0.83346
1311867814.095270 0.0551927  0.236555  0.340928 -0.240059 -0.0316354 -0.499118 0.832017
1311867814.126885 0.0538171  0.243226  0.339029 -0.240948 -0.0298767 -0.502132 0.830009
1311867814.162775 0.0538401  0.243418  0.339151 -0.243663 -0.0288687 -0.50368 0.828312
1311867814.194882 0.0494526  0.236753  0.341622 -0.248041 -0.0283165 -0.504958 0.826251
1311867814.227125 0.0476068  0.237525  0.340769 -0.249234 -0.0271629 -0.507175 0.824572
1311867814.262756 0.047176 0.233756 0.341388 -0.251468 -0.0273958 -0.508361 0.823154
1311867814.294912 0.0468278  0.235511  0.341736 -0.253107 -0.0266201 -0.509969 0.821681
1311867814.327093 0.0454895  0.233478  0.343983 -0.255671 -0.0265057 -0.510978 0.820263
1311867814.362886 0.0439149  0.233993  0.344838 -0.256848 -0.0259555 -0.512793 0.818779
1311867814.394909 0.0461843  0.240045  0.343729 -0.256147 -0.025228 -0.515131 0.817552
1311867814.427234 0.0473232  0.240282  0.343592 -0.256741 -0.0256301 -0.515401 0.817184
1311867814.462887 0.0453436  0.237562  0.347871 -0.258839 -0.0262706 -0.51596 0.816148
1311867814.495052 0.0443221  0.239225  0.345622 -0.258562 -0.0259704 -0.517482 0.815281
1311867814.527728 0.0432584   0.23966  0.345813 -0.258599 -0.0256141 -0.519134 0.81423
1311867814.562938 0.0414894   0.23962  0.349391 -0.259134 -0.0249083 -0.520255 0.813366
1311867814.595116 0.0451909  0.243922  0.349758 -0.256662 -0.0252814 -0.522474 0.812715
1311867814.627261 0.0427745  0.239625  0.354016 -0.257166 -0.0261699 -0.523423 0.811917
1311867814.662839 0.0401375  0.237326  0.357127 -0.257732 -0.0271066 -0.524522 0.810997
1311867814.695037 0.0394541  0.239627  0.357506 -0.257295 -0.0275974 -0.526575 0.809788
1311867814.727423 0.0409601    0.2458  0.358245 -0.255546 -0.0285353 -0.528581 0.809002
1311867814.762869 0.0379396  0.245265  0.361931 -0.256216 -0.0299411 -0.529626 0.808055
1311867814.794945 0.0361349  0.245302  0.361654 -0.257406 -0.030916 -0.53064 0.806974
1311867814.826995 0.0367977  0.242169  0.361833 -0.259122 -0.033416 -0.530464 0.806441
1311867814.863034 0.0343136  0.241055  0.361647 -0.260743 -0.0343119 -0.531573 0.80515
1311867814.894870 0.0326211  0.241121  0.364022 -0.261001 -0.0356287 -0.532295 0.804532
1311867814.926978 0.0294875  0.239917  0.363526 -0.261184 -0.036492 -0.534382 0.803049
1311867814.962849 0.0304321  0.237887  0.361362 -0.261568 -0.0383296 -0.535194 0.802297
1311867814.996892 0.0277479   0.23656  0.362666 -0.262579 -0.0394577 -0.537073 0.800655
1311867815.027731 0.0296177  0.238933  0.360883 -0.261815 -0.0415137 -0.538548 0.79981
1311867815.062819 0.0279362  0.244475    0.3626 -0.262394 -0.0422811 -0.540455 0.798292
1311867815.094821 0.0285242  0.241175  0.359322 -0.264492 -0.0445622 -0.541336 0.796877
1311867815.126887 0.0288933  0.240286  0.358928 -0.266143 -0.0467265 -0.541743 0.795926
1311867815.162988 0.028837 0.246059 0.355811 -0.266612 -0.0464808 -0.543816 0.794368
1311867815.194862 0.0329849  0.244578  0.355122 -0.268071 -0.0481586 -0.543227 0.794181
1311867815.226992 0.0344517  0.244555  0.356509 -0.269209 -0.0502507 -0.543598 0.793412
1311867815.262988 0.035434  0.24675 0.356244 -0.269973 -0.0514069 -0.543554 0.793108
1311867815.294949 0.0350165  0.244911  0.357522 -0.271809 -0.0531953 -0.543785 0.792205
1311867815.327263 0.035258 0.243944 0.356266 -0.272335 -0.0554158 -0.543959 0.791752
1311867815.362865 0.0336379    0.2447  0.355506 -0.272981 -0.0568441 -0.545398 0.790437
1311867815.394897 0.0413719  0.251313  0.352425 -0.270453 -0.0592835 -0.54671 0.79022
1311867815.427196 0.0415214  0.256251  0.353914 -0.268747 -0.0610105 -0.547219 0.790319
1311867815.462867 0.0426212  0.256533  0.351746 -0.268097 -0.0637757 -0.548277 0.789588
1311867815.495013 0.0401207  0.249494  0.349729 -0.269773 -0.0659141 -0.549323 0.788113
1311867815.527249 0.0425508  0.255769  0.347223 -0.266395 -0.0666405 -0.550716 0.788229
1311867815.563016 0.0419128   0.25317  0.347146 -0.266039 -0.0680229 -0.551597 0.787615
1311867815.595011 0.0427519  0.253619   0.34488 -0.265748 -0.068498 -0.552704 0.786895
1311867815.631180 0.0430189  0.249589   0.34599 -0.266006 -0.070693 -0.552445 0.786796
1311867815.663002 0.041449 0.244982  0.34086 -0.266337 -0.0714569 -0.553624 0.785786
1311867815.694992 0.0455054  0.247979  0.340086 -0.265768 -0.0714383 -0.553874 0.785803
1311867815.731044 0.0457726  0.247378  0.343039 -0.266329 -0.0731516 -0.553572 0.785669
1311867815.762933 0.0404465  0.241141  0.342853 -0.269172 -0.0736963 -0.553977 0.784363
1311867815.794960 0.0441209  0.245931  0.342254 -0.267744 -0.074245 -0.553889 0.784862
1311867815.831253 0.0425932  0.244905  0.343203 -0.26855 -0.0752741 -0.554843 0.783814
1311867815.862980 0.0425649  0.246391  0.338673 -0.268067 -0.0749596 -0.556456 0.782865
1311867815.895019 0.0418349  0.243092  0.341451 -0.270002 -0.0759931 -0.556149 0.782318
1311867815.930989 0.0413211  0.240043  0.341398 -0.27139 -0.0780293 -0.556019 0.78173
1311867815.963339 0.0408762  0.245081   0.33814 -0.270307 -0.0783648 -0.558407 0.780369
1311867815.995327 0.0427921  0.245644  0.333931 -0.269615 -0.0792325 -0.559148 0.779989
1311867816.030941 0.0462334  0.251103  0.332077 -0.267751 -0.0800408 -0.560236 0.779768
1311867816.063026 0.0459487  0.247231  0.333791 -0.269993 -0.0808797 -0.55987 0.779171
1311867816.095163 0.0477259  0.253614  0.332791 -0.269126 -0.0810036 -0.56118 0.778516
1311867816.131085 0.0477163  0.253089  0.332258 -0.269683 -0.081717 -0.561598 0.777946
1311867816.162999 0.0452593  0.246934   0.33458 -0.272185 -0.0829224 -0.561204 0.777232
1311867816.195141 0.0448508  0.249939  0.333805 -0.27247 -0.0830955 -0.562442 0.776218
1311867816.231094 0.044544  0.24983 0.332845 -0.272115 -0.083351 -0.563003 0.775908
1311867816.263017  0.04438 0.249948 0.332089 -0.271838 -0.0840007 -0.563804 0.775354
1311867816.295176 0.0458759  0.256494  0.329173 -0.270568 -0.0829776 -0.565155 0.774924
1311867816.331094 0.0465918  0.256852  0.328377 -0.270846 -0.0827838 -0.565384 0.774681
1311867816.362959 0.047827 0.256941 0.326826 -0.271536 -0.0820957 -0.56598 0.774077
1311867816.395137 0.0486916  0.257229  0.326478 -0.27127 -0.080908 -0.566218 0.774121
1311867816.431118 0.0496487  0.257896  0.325053 -0.271366 -0.0795197 -0.565853 0.774498
1311867816.462994 0.051883 0.260023   0.3267 -0.271714 -0.0786071 -0.565212 0.774937
1311867816.495090 0.0523424  0.256206  0.328285 -0.272424 -0.0795095 -0.563745 0.775664
1311867816.531022 0.0553043  0.263868  0.324176 -0.270087 -0.0782607 -0.563568 0.776736
1311867816.563260 0.0555962  0.263703  0.325841 -0.271053 -0.076773 -0.56204 0.777655
1311867816.595706 0.0561415  0.262378  0.325805 -0.271768 -0.0761062 -0.559783 0.779098
1311867816.631080 0.0567396  0.259699  0.324837 -0.27218 -0.0760602 -0.557702 0.780449
1311867816.662966 0.0572165  0.260261  0.324423 -0.271902 -0.0753866 -0.555519 0.782167
1311867816.695330 0.056037 0.257106  0.32668 -0.272518 -0.0757092 -0.552791 0.783852
1311867816.731136 0.0540193  0.255773  0.328213 -0.271925 -0.0760453 -0.551158 0.785174
1311867816.763092 0.0520894   0.25002   0.32863 -0.272463 -0.0767984 -0.548771 0.786585
1311867816.795114 0.0542306  0.251231  0.328286 -0.271593 -0.0770551 -0.547022 0.788078
1311867816.831198 0.0527994  0.248709  0.326536 -0.271731 -0.0766223 -0.545364 0.789221
1311867816.863173 0.0546238  0.249224  0.326132 -0.27099 -0.0761165 -0.543295 0.79095
1311867816.895144 0.0563068  0.248125  0.327388 -0.271721 -0.0758418 -0.540629 0.79255
1311867816.931105 0.0573365  0.247946  0.328103 -0.272151 -0.075495 -0.537699 0.794427
1311867816.965473 0.0536731  0.244583  0.332074 -0.273147 -0.0753619 -0.535015 0.795908
1311867816.995169 0.0507755  0.241479  0.330065 -0.273802 -0.0742997 -0.533448 0.796834
1311867817.031461 0.0543942  0.242289  0.330602 -0.273368 -0.0737549 -0.530948 0.798702
1311867817.062992 0.0565085  0.239834  0.334031 -0.273296 -0.0750508 -0.528239 0.8004
1311867817.095314 0.0546961  0.235212  0.333087 -0.273894 -0.0752909 -0.526583 0.801264
1311867817.131118 0.0555639   0.24115  0.331681 -0.271765 -0.0738446 -0.525162 0.803054
1311867817.163035 0.0569001  0.238789   0.33299 -0.271686 -0.0746018 -0.522132 0.804984
1311867817.195034 0.0575635  0.237088  0.330827 -0.272227 -0.0746256 -0.519894 0.806247
1311867817.231244 0.0569727  0.241135  0.330278 -0.272151 -0.0727587 -0.517839 0.807764
1311867817.263186 0.0580032  0.239893  0.327903 -0.272275 -0.0716996 -0.515517 0.809301
1311867817.295149 0.0588947  0.238173  0.328785 -0.273144 -0.070401 -0.512965 0.810743
1311867817.331001 0.0590963  0.234096  0.329676 -0.274266 -0.0693235 -0.509665 0.812536
1311867817.363639 0.0585131  0.232073  0.332383 -0.274787 -0.0683193 -0.506964 0.814133
1311867817.395586 0.0598075  0.234714  0.330214 -0.273319 -0.0670334 -0.504915 0.816005
1311867817.431068 0.0620578  0.236113  0.331775 -0.272333 -0.066404 -0.502498 0.817876
1311867817.463091 0.0613467  0.233479  0.331433 -0.272388 -0.0651851 -0.499823 0.819593
1311867817.495528 0.0630638  0.229151  0.331457 -0.273188 -0.0644384 -0.496077 0.821659
1311867817.531211 0.0663413  0.229217  0.334361 -0.272988 -0.0641793 -0.492145 0.824107
1311867817.563601 0.0672621  0.228176  0.332401 -0.272056 -0.063093 -0.490303 0.825596
1311867817.595096 0.0687326  0.231693  0.333308 -0.270047 -0.0611385 -0.488164 0.827667
1311867817.631148 0.0701705  0.232697   0.33411 -0.26874 -0.0603074 -0.485254 0.829862
1311867817.663205 0.0710409  0.233448  0.334212 -0.267729 -0.0594802 -0.482228 0.832009
1311867817.695077 0.0716913  0.231242  0.334614 -0.267463 -0.0587475 -0.478732 0.834163
1311867817.731202 0.0711033  0.234828  0.332241 -0.265855 -0.0563581 -0.476235 0.836268
1311867817.763003 0.0733002  0.234474  0.331987 -0.266488 -0.0548003 -0.472185 0.838464
1311867817.795066 0.0720682  0.230431   0.33414 -0.267574 -0.0537479 -0.466676 0.841266
1311867817.831188 0.0730252  0.232807  0.335264 -0.266054 -0.0533073 -0.463263 0.843659
1311867817.863305 0.0743848  0.234142  0.331912 -0.265398 -0.0522097 -0.459681 0.845891
1311867817.895195 0.0768204  0.238801  0.332802 -0.264029 -0.0512374 -0.45569 0.848534
1311867817.931177 0.0747461  0.237233  0.335489 -0.264306 -0.0505507 -0.451909 0.850509
1311867817.963145 0.073375 0.243672 0.333393 -0.262271 -0.048937 -0.449638 0.852434
1311867817.995293 0.0727067  0.244717  0.332475 -0.261323 -0.0478715 -0.446495 0.854436
1311867818.032245 0.0721025  0.241182  0.332126 -0.261624 -0.0474765 -0.443163 0.856099
1311867818.065466 0.0727501  0.237583  0.335553 -0.262803 -0.0473875 -0.439997 0.857375
1311867818.095545 0.0686776  0.239299   0.33825 -0.262847 -0.0452085 -0.43783 0.858587
1311867818.131161 0.0715033  0.238308  0.336466 -0.261354 -0.0455062 -0.435142 0.860392
1311867818.163238 0.0704364  0.236597  0.336371 -0.261616 -0.0445018 -0.432517 0.861688
1311867818.199164 0.0717548  0.232701  0.337083 -0.261957 -0.0444362 -0.429457 0.863117
1311867818.231079 0.0718252  0.235716  0.339579 -0.260372 -0.0439435 -0.427661 0.864512
1311867818.263175 0.0730937  0.239798  0.332819 -0.257907 -0.0425917 -0.426328 0.865976
1311867818.295896 0.0744054  0.238791  0.333602 -0.257533 -0.041991 -0.422876 0.867807
1311867818.331196 0.0732437  0.243372  0.335315 -0.255814 -0.0409199 -0.42065 0.869447
1311867818.363189 0.0733773  0.248792  0.330982 -0.25342 -0.0397247 -0.419426 0.870794
1311867818.396818 0.0753661  0.250216  0.328709 -0.252827 -0.0389623 -0.416764 0.872278
1311867818.431312 0.0749863   0.25676  0.329637 -0.250824 -0.0371124 -0.414471 0.874027
1311867818.463124 0.0720637  0.258564  0.331199 -0.250417 -0.0351278 -0.412543 0.875138
1311867818.496138 0.0741092  0.257551  0.329098 -0.250194 -0.0342849 -0.409251 0.876779
1311867818.531267 0.0737433  0.263462  0.331049 -0.248328 -0.0327243 -0.406413 0.878687
1311867818.563187 0.072891 0.265984 0.332543 -0.246826 -0.0316928 -0.404026 0.880248
1311867818.595292 0.0722948  0.264914  0.334983 -0.24646 -0.0304634 -0.401062 0.881747
1311867818.631160 0.0736292  0.263507  0.333514 -0.245169 -0.0298582 -0.397634 0.883678
1311867818.663107 0.0728846  0.265972   0.33443 -0.243435 -0.0284877 -0.39501 0.885378
1311867818.695261 0.0722199  0.265995  0.332241 -0.241992 -0.0269329 -0.391905 0.887201
1311867818.731170 0.0731068  0.265712   0.33408 -0.240727 -0.0260792 -0.388395 0.889112
1311867818.763346 0.0721466  0.265772  0.333431 -0.239348 -0.0247866 -0.385608 0.890733
1311867818.795218 0.0732604  0.266663   0.33489 -0.237948 -0.0237858 -0.382605 0.892428
1311867818.831342 0.0744492  0.270475   0.33447 -0.235497 -0.0231587 -0.379257 0.894522
1311867818.863199 0.0766236  0.264809  0.333264 -0.235711 -0.0238044 -0.374819 0.896317
1311867818.895206 0.0761691  0.268765  0.332407 -0.234386 -0.0218766 -0.37058 0.898474
1311867818.931229 0.0772858  0.267369  0.332383 -0.234282 -0.0205599 -0.364775 0.900904
1311867818.963264 0.0798476  0.265753  0.332309 -0.234935 -0.019993 -0.358125 0.903412
1311867818.995273 0.0800225   0.26607  0.334508 -0.23551 -0.0193954 -0.351358 0.905929
1311867819.031727 0.0841972  0.260903  0.331111 -0.23664 -0.019633 -0.345237 0.90798
1311867819.063341 0.0865497  0.257178  0.328756 -0.238264 -0.0177576 -0.338674 0.910063
1311867819.095196 0.0902669  0.258759  0.328579 -0.23788 -0.0162173 -0.33147 0.91284
1311867819.131608 0.0896916   0.26365  0.328306 -0.236818 -0.0134318 -0.325585 0.915277
1311867819.163429 0.0902391  0.262387   0.32983 -0.237998 -0.0108776 -0.319186 0.917256
1311867819.195201 0.0910742  0.260979  0.329246 -0.2394 -0.00837047 -0.312639 0.91917
1311867819.231446 0.0960028  0.258143  0.328391 -0.240632 -0.0077443 -0.305791 0.921156
1311867819.263972 0.0969581  0.258109  0.329079 -0.242046 -0.0062274 -0.300534 0.922526
1311867819.296178 0.0942998  0.260316  0.331842 -0.243416 -0.00332577 -0.296203 0.923581
1311867819.331186 0.0982976  0.260584  0.331631 -0.243531 -0.00239858 -0.290996 0.925207
1311867819.363140 0.0990743  0.259735  0.332397 -0.24415 -0.00132597 -0.286518 0.926443
1311867819.395236  0.10204 0.256328 0.334367 -0.245259 -0.000838496 -0.282442 0.927402
1311867819.431334 0.101231 0.259076 0.336771 -0.244157 0.000689369 -0.278777 0.9288
1311867819.463312 0.100669 0.260916 0.334718 -0.243792 0.00143055 -0.275249 0.929947
1311867819.495574 0.101229 0.259037 0.334678 -0.245318 0.00163682 -0.270747 0.930866
1311867819.531312 0.106955 0.253546 0.338525 -0.246254 0.000173229 -0.266149 0.931946
1311867819.563240 0.106992 0.253414  0.33686 -0.245368 0.00105015 -0.263652 0.932889
1311867819.595324 0.104405 0.256753 0.335662 -0.245339 0.00275964 -0.260801 0.933694
1311867819.631800 0.103898 0.261506 0.338639 -0.24452 0.00323186 -0.257213 0.934902
1311867819.663264 0.106765 0.259444 0.340239 -0.244096 0.00243186 -0.254484 0.935761
1311867819.695294 0.104175  0.26037 0.337756 -0.244136 0.00466531 -0.253188 0.936094
1311867819.731366 0.101876 0.263745 0.340037 -0.244506 0.00660384 -0.24986 0.93688
1311867819.763938 0.105207 0.263969 0.338816 -0.243038 0.00551243 -0.247409 0.937918
1311867819.795374   0.1067 0.259663 0.337028 -0.244107 0.00533402 -0.245776 0.938071
1311867819.831238 0.104694 0.261823 0.337739 -0.244658 0.00721547 -0.244137 0.938343
1311867819.863777 0.105384 0.266919  0.33857 -0.242203 0.00767251 -0.242202 0.939477
1311867819.898690 0.105534 0.267299 0.338545 -0.241715 0.00758268 -0.241337 0.939826
1311867819.931229 0.103076  0.26558 0.337939 -0.242941 0.00924305 -0.240234 0.939778
1311867819.963367 0.106573 0.267269 0.340746 -0.24182 0.0085926 -0.237989 0.940644
1311867819.995286 0.107429 0.265011 0.338964 -0.241018 0.00807459 -0.237345 0.941017
1311867820.031171  0.10462 0.265147 0.339432 -0.24119 0.0092277 -0.237299 0.940974
1311867820.064320 0.102944 0.270396 0.337215 -0.239094 0.0100754 -0.236938 0.941591
1311867820.095305  0.10542   0.2681 0.335106 -0.238285 0.00908356 -0.23568 0.942121
1311867820.131445 0.108194 0.264708 0.331129 -0.23873 0.00829789 -0.23472 0.942256
1311867820.163367 0.103846 0.267842 0.330509 -0.238225 0.0102948 -0.234221 0.942488
1311867820.195618 0.103951 0.271144 0.331765 -0.236813 0.0104394 -0.233147 0.943108
1311867820.231442 0.102899 0.270706 0.328399 -0.236454 0.0111681 -0.233024 0.943221
1311867820.263458 0.102963 0.270469 0.327668 -0.236376 0.0119975 -0.231806 0.94353
1311867820.295424 0.104886 0.271459 0.326398 -0.235533 0.0115499 -0.230587 0.944045
1311867820.331240 0.105136 0.270276 0.326344 -0.236127 0.0119028 -0.229336 0.944197
1311867820.365937 0.107512 0.268135 0.326286 -0.236805 0.0119136 -0.227759 0.944408
1311867820.395435 0.106926 0.269889 0.328108 -0.236622 0.0128213 -0.226688 0.9447
1311867820.431166 0.107135 0.270526 0.327836 -0.237114 0.0134854 -0.225479 0.944857
1311867820.463613 0.105383 0.272195  0.32942 -0.237544 0.0148936 -0.223942 0.945093
1311867820.495351 0.107143 0.271497 0.330378 -0.237679 0.0151219 -0.222288 0.945446
1311867820.531385 0.108384 0.269821 0.330483 -0.238025 0.0158832 -0.220455 0.945776
1311867820.563656 0.105328 0.271443 0.332288 -0.237379 0.0179388 -0.219692 0.946079
1311867820.595628  0.10614 0.271769 0.329971 -0.23629 0.0181495 -0.218307 0.946668
1311867820.632068 0.105791 0.272524 0.330415 -0.236112 0.0189886 -0.217079 0.946978
1311867820.663238  0.10187 0.274203 0.331228 -0.236344 0.0215451 -0.216147 0.947078
1311867820.695410 0.103337 0.275193 0.330234 -0.23538 0.0220626 -0.214251 0.947737
1311867820.731246 0.103331 0.275728 0.329788 -0.234943 0.022526 -0.212866 0.948147
1311867820.763362 0.101646 0.275866 0.330176 -0.236093 0.0238001 -0.210974 0.948253
1311867820.796391 0.103622 0.274761 0.330948 -0.236009 0.0239102 -0.208795 0.948753
1311867820.831253 0.106781 0.274802 0.327045 -0.235076 0.0239905 -0.206894 0.949399
1311867820.863560  0.10998 0.273309 0.324825 -0.235827 0.0238798 -0.20451 0.949732
1311867820.895654  0.11458 0.269518 0.325291 -0.237009 0.022823 -0.201749 0.950054
1311867820.931289   0.1162 0.267487 0.325555 -0.237099 0.0229831 -0.20018 0.95036
1311867820.963545 0.115459 0.268448 0.323693 -0.236781 0.024179 -0.199534 0.950545
1311867820.995515 0.122189 0.265967 0.323289 -0.23661 0.0223511 -0.197022 0.951157
1311867821.031519 0.119968 0.266324 0.326409 -0.236146 0.0228541 -0.196504 0.951367
1311867821.063592 0.114902 0.269128 0.322369 -0.234907 0.0252154 -0.196853 0.951542
1311867821.096326 0.112264 0.271124 0.326053 -0.234062 0.0271773 -0.195637 0.951947
1311867821.132895  0.11081 0.274949 0.328211 -0.23122 0.0279565 -0.194226 0.952907
1311867821.163364 0.111915 0.272412 0.321433 -0.230717 0.0279729 -0.192125 0.953454
1311867821.195318 0.110248 0.273071 0.320404 -0.231689 0.0290942 -0.18951 0.953708
1311867821.231400 0.113086 0.272513 0.324185 -0.232279 0.0284604 -0.186424 0.954192
1311867821.263308 0.108761 0.274556 0.320152 -0.232012 0.030254 -0.184559 0.954564
1311867821.295751 0.104314 0.276916 0.321136 -0.233206 0.0324381 -0.182465 0.954604
1311867821.331480 0.105632 0.276061 0.322267 -0.233819 0.0321105 -0.179215 0.955081
1311867821.363598 0.102887 0.280772 0.319676 -0.2334 0.0335977 -0.177865 0.955384
1311867821.395566 0.0999846  0.279627   0.32244 -0.236748 0.0353923 -0.175263 0.954977
1311867821.431503 0.107287 0.275913 0.324764 -0.238615 0.0341766 -0.171656 0.955211
1311867821.463200 0.104216 0.279865   0.3246 -0.238674 0.0358089 -0.170094 0.955416
1311867821.495344  0.10727 0.277882 0.323936 -0.240817 0.0357632 -0.166673 0.955483
1311867821.531287 0.113985 0.276249 0.324758 -0.241553 0.0344584 -0.162708 0.956029
1311867821.563677 0.111981 0.276527 0.324492 -0.241292 0.0358475 -0.160726 0.956379
1311867821.595440 0.109796 0.277319 0.324477 -0.24222 0.0376675 -0.15857 0.956434
1311867821.632632 0.113753 0.276269 0.326672 -0.242563 0.0370325 -0.154778 0.956993
1311867821.663452 0.115706 0.277771 0.326343 -0.241043 0.0365357 -0.152738 0.957724
1311867821.695323 0.113162  0.27877 0.321269 -0.24036 0.0382117 -0.151822 0.957976
1311867821.731365 0.110508 0.283422 0.322162 -0.239831 0.0399321 -0.149997 0.958325
1311867821.763446 0.112197 0.285081  0.32471 -0.239416 0.039472 -0.147388 0.958853
1311867821.795612 0.116674 0.281579 0.320258 -0.240076 0.0386404 -0.144845 0.959109
1311867821.831392 0.111982 0.283069 0.323996 -0.241304 0.0410447 -0.143267 0.958938
1311867821.863338 0.110225 0.285785 0.326204 -0.240876 0.0416954 -0.140906 0.959367
1311867821.895611 0.114067 0.285081 0.320969 -0.240913 0.0407561 -0.138018 0.959818
1311867821.931441 0.110174 0.285579  0.32013 -0.242639 0.0433037 -0.135894 0.959575
1311867821.963387 0.108798 0.288343 0.319727 -0.243107 0.0444485 -0.132534 0.959874
1311867821.995417 0.114205 0.288985  0.31531 -0.243389 0.0435547 -0.12931 0.960283
1311867822.031401 0.113105 0.288871 0.316818 -0.24574 0.0448138 -0.126855 0.959954
1311867822.063377 0.114831 0.287639 0.318484 -0.246928 0.0446916 -0.124342 0.959983
1311867822.096221 0.117304 0.287984 0.317083 -0.246511 0.0445819 -0.122415 0.960343
1311867822.131538 0.121496 0.287122 0.316241 -0.246559 0.0438049 -0.120162 0.960651
1311867822.163441 0.119198  0.28878 0.318735 -0.246083 0.0440581 -0.118738 0.960939
1311867822.196090 0.123866  0.28846 0.317572 -0.244591 0.0427573 -0.117433 0.961539
1311867822.231745 0.127449 0.288094 0.312577 -0.243917 0.0429488 -0.117423 0.961703
1311867822.263415 0.132171 0.286166  0.31359 -0.245088 0.0429447 -0.116354 0.961535
1311867822.295435 0.133094 0.285758 0.315075 -0.245683 0.0424493 -0.114626 0.961613
1311867822.331587 0.134375 0.285918 0.315328 -0.245796 0.0415166 -0.113282 0.961784
1311867822.363519 0.139973 0.282671 0.314186 -0.246393 0.0406889 -0.111554 0.961868
1311867822.396009 0.139146 0.283078 0.314641 -0.245815 0.0416209 -0.109793 0.962179
1311867822.431426 0.135747  0.28564 0.313648 -0.244907 0.0430062 -0.108088 0.962543
1311867822.463474 0.135347 0.285204 0.313849 -0.245409 0.0430868 -0.104924 0.962761
1311867822.495772 0.143605 0.283053 0.314011 -0.245845 0.0411479 -0.101525 0.963099
1311867822.531526 0.138428  0.28342 0.314034 -0.247496 0.0434902 -0.100334 0.962698
1311867822.563450 0.139879 0.284432 0.311892 -0.249411 0.0430088 -0.0979519 0.962471
1311867822.595533 0.139132 0.285821 0.312091 -0.252542 0.0436128 -0.0960659 0.961817
1311867822.631513 0.145893 0.284751 0.310597 -0.255194 0.0430941 -0.0921101 0.961527
1311867822.663464 0.151526 0.286889 0.305735 -0.255826 0.0421802 -0.0878524 0.961798
1311867822.695487 0.156262 0.285824 0.308746 -0.258537 0.0412932 -0.0840144 0.961455
1311867822.731739  0.15952 0.286481 0.310556 -0.258631 0.0416411 -0.0812345 0.961653
1311867822.763487 0.158602 0.286882 0.311999 -0.257416 0.0426388 -0.078753 0.962142
1311867822.795431 0.155597 0.288951 0.310571 -0.256143 0.0438428 -0.0770911 0.962562
1311867822.831475 0.154508 0.290327 0.312407 -0.254372 0.0448129 -0.0762945 0.96305
1311867822.863463 0.152678 0.291062 0.312529 -0.251589 0.0462419 -0.075415 0.963783
1311867822.895535 0.146322 0.290195 0.312596 -0.249777 0.048082 -0.0739458 0.964278
1311867822.931833 0.147854 0.289768 0.313868 -0.247738 0.0474524 -0.0720315 0.96498
1311867822.963511 0.150181 0.289246 0.309104 -0.24496 0.047262 -0.0707312 0.965794
1311867822.997997  0.15085 0.288767 0.309235 -0.243415 0.0477486 -0.0689518 0.966289
1311867823.034498 0.150902 0.289485 0.307284 -0.241422 0.048307 -0.0671023 0.966892
1311867823.063464 0.150142 0.289202  0.30526 -0.240456 0.0484493 -0.0656316 0.967226
1311867823.097085 0.152185 0.290032 0.304314 -0.239156 0.0479949 -0.0645071 0.967647
1311867823.131387 0.147394     0.29 0.302742 -0.239065 0.0497832 -0.0630193 0.967677
1311867823.163520 0.145109 0.289561 0.304242 -0.23967 0.0504533 -0.0598459 0.967694
1311867823.195401 0.150795     0.29 0.306974 -0.239614 0.048809 -0.0569091 0.967969
1311867823.231691 0.151978 0.289824 0.304696 -0.23954 0.0491306 -0.0543562 0.968118
1311867823.263587 0.147849 0.290273 0.306064 -0.240632 0.0509614 -0.0517956 0.967893
1311867823.295520 0.145471 0.291793 0.310002 -0.240241 0.0515458 -0.0487992 0.968115
1311867823.333092 0.148028 0.292359 0.305614 -0.238939 0.0507629 -0.0458764 0.968621
1311867823.363579 0.150836 0.290413 0.304128 -0.239458 0.0506354 -0.0434401 0.968612
1311867823.395413 0.154262   0.2898 0.306082 -0.238692 0.0502175 -0.0402582 0.96896
1311867823.431816 0.150915 0.290765 0.307527 -0.237833 0.0508074 -0.0385839 0.969209
1311867823.463422 0.154924 0.290436 0.306222 -0.237202 0.0499919 -0.0374994 0.969448
1311867823.496965 0.157248 0.289354 0.307382 -0.236086 0.0505719 -0.0369368 0.969712
1311867823.535622 0.154633  0.28952 0.306356 -0.23431 0.0515426 -0.0356412 0.97014
1311867823.563650 0.148317 0.289597 0.306868 -0.234352 0.052684 -0.0347182 0.970102
1311867823.597449 0.152663 0.287719 0.306643 -0.23433 0.0513082 -0.0328322 0.970247
1311867823.631664 0.159353 0.286078 0.307711 -0.232741 0.0503268 -0.0312079 0.970734
1311867823.663675 0.155961 0.285593 0.308179 -0.230265 0.0518575 -0.0303062 0.971272
1311867823.695611 0.156688 0.284703  0.30605 -0.228993 0.0522241 -0.0288964 0.971597
1311867823.731616 0.158613  0.28412 0.307028 -0.227635 0.0519636 -0.0282886 0.971947
1311867823.763516 0.154349 0.284683  0.30895 -0.226021 0.0535494 -0.0284689 0.972233
1311867823.796405 0.152726 0.284257 0.307756 -0.225475 0.0542693 -0.027383 0.972351
1311867823.831671 0.157539 0.283486 0.306204 -0.225074 0.0529884 -0.025757 0.972559
1311867823.863587 0.155951 0.284037 0.310037 -0.224329 0.0537663 -0.0254325 0.972697
1311867823.899319 0.156224 0.284188 0.307365 -0.222514 0.053657 -0.023727 0.973162
1311867823.931600 0.151576 0.284281 0.307948 -0.222358 0.0544478 -0.0223728 0.973186
1311867823.963953  0.15231 0.283722 0.308534 -0.221656 0.0537714 -0.0199455 0.973437
1311867823.995644 0.152473 0.283825 0.308881 -0.220387 0.0537314 -0.0180946 0.973763
1311867824.031560 0.155491 0.284069 0.304416 -0.219192 0.0528804 -0.0152182 0.974129
1311867824.063479 0.156734 0.282957 0.306127 -0.219258 0.052153 -0.0131656 0.974183
1311867824.096623 0.156858 0.283142 0.308499 -0.218271 0.0517635 -0.0115332 0.974446
1311867824.131580 0.160791 0.281643 0.305225 -0.218418 0.0506478 -0.00890594 0.974499
1311867824.163625 0.162367 0.280188 0.308952 -0.219491 0.0500141 -0.00713604 0.974306
1311867824.197429 0.163024 0.280305 0.309767 -0.217962 0.0494638 -0.00562143 0.974687
1311867824.231434 0.160556 0.280458 0.307137 -0.216825 0.0504155 -0.00466763 0.974897
1311867824.266705 0.162733 0.280383 0.307315 -0.216492 0.0498106 -0.00344654 0.975007
1311867824.301508 0.162278 0.279037 0.307709 -0.214764 0.0490023 -0.00289552 0.975431
1311867824.332952 0.161564 0.278505 0.307755 -0.213249 0.0495922 -0.00302613 0.975734
1311867824.365525 0.162066 0.277022 0.305781 -0.211958 0.0497811 -0.0023751 0.976007
1311867824.396047 0.166934 0.276038 0.309088 -0.210194 0.0477925 -0.00155086 0.97649
1311867824.431591 0.165106 0.274061 0.310964 -0.208252 0.0482467 -0.0018161 0.976883
1311867824.465642 0.164803 0.274388 0.311809 -0.204915 0.0482801 -0.00227448 0.977586
1311867824.497824 0.165323 0.273379 0.307327 -0.202076 0.0480435 -0.00206636 0.978189
1311867824.531680  0.16927 0.271757 0.306253 -0.199905 0.0465854 -0.00140473 0.978706
1311867824.565824 0.165351 0.270265 0.309323 -0.197696 0.0470526 -0.00172579 0.979132
1311867824.595649 0.163779 0.269532 0.305963 -0.195601 0.0474426 -0.00145973 0.979534
1311867824.631891 0.162796 0.266614 0.307213 -0.195367 0.0475673 -0.00143745 0.979575
1311867824.666143 0.165447 0.265945 0.309745 -0.193666 0.0460582 -0.00081078 0.979985
1311867824.697981 0.168126 0.265747 0.307676 -0.1919 0.0449854 6.6956e-05 0.980383
1311867824.731498 0.166382 0.265107 0.306198 -0.190498 0.0456877 -0.000195298 0.980624
1311867824.763968 0.162905 0.263904  0.30739 -0.189695 0.0467731 -0.000648481 0.980728
1311867824.799751 0.165168 0.262789 0.310024 -0.188509 0.0459769 8.36648e-05 0.980995
1311867824.831518  0.16277 0.261283 0.310888 -0.187911 0.0463501 0.000806501 0.981092
1311867824.863506 0.164241 0.261558 0.310446 -0.187063 0.0458152 0.00116181 0.981278
1311867824.899537 0.164735 0.261732 0.308074 -0.185774 0.0460232 0.00189225 0.981512
1311867824.931653 0.163327 0.260405 0.307563 -0.185115 0.0463436 0.00283808 0.981619
1311867824.963632 0.160402 0.260725 0.307569 -0.18439 0.0473136 0.00326254 0.981708
1311867824.999609 0.158125  0.26058 0.305248 -0.183886 0.0486212 0.00376401 0.981737
1311867825.031653 0.154065 0.260362 0.305864 -0.183786 0.0504393 0.00418232 0.981662
1311867825.064408  0.15385 0.260582 0.304955 -0.18363 0.0511386 0.00549496 0.981649
1311867825.099702 0.153313 0.260729  0.30726 -0.183133 0.051937 0.00602869 0.981697
1311867825.131691 0.154713 0.264169 0.307491 -0.181514 0.0524942 0.00640362 0.981965
1311867825.163668  0.15008 0.264678 0.304717 -0.182659 0.0550848 0.00722319 0.981605
1311867825.199636 0.153563 0.265148 0.305036 -0.182682 0.0546559 0.00823837 0.981617
1311867825.231681  0.15028 0.265033 0.307829 -0.181608 0.0567164 0.00893539 0.981693
1311867825.266995 0.144092 0.265748 0.307492 -0.181526 0.0598053 0.0105309 0.981509
1311867825.299608 0.150448 0.264815 0.307172 -0.181583 0.0584035 0.0131686 0.981551
1311867825.331646 0.150607 0.264415 0.309298 -0.180227 0.058812 0.0145591 0.981757
1311867825.363555 0.147357 0.264581  0.30829 -0.179164 0.060889 0.0160726 0.981802
1311867825.399522 0.151044 0.263861 0.305472 -0.178599 0.0600339 0.0183741 0.981917
1311867825.432913 0.153038 0.264635 0.306743 -0.177127 0.0586219 0.0202184 0.982232
1311867825.465564 0.154716 0.265299 0.304677 -0.176524 0.0580202 0.021505 0.982349
1311867825.499604 0.152415 0.264325  0.30718 -0.177376 0.0591095 0.0215603 0.98213
1311867825.533806 0.153822 0.263179 0.310348 -0.177508 0.058117 0.0222345 0.98215
1311867825.563725 0.154377 0.262938 0.310333 -0.176863 0.057674 0.0223943 0.982289
1311867825.599599 0.154285 0.262996 0.307612 -0.17637 0.0577582 0.0223738 0.982373
1311867825.634034 0.154385 0.262177 0.307797 -0.176274 0.057631 0.0227032 0.98239
1311867825.663671 0.155731 0.262243 0.309522 -0.175868 0.0564184 0.0235352 0.982514
1311867825.699706 0.157646 0.262401 0.308839 -0.17615 0.0554666 0.0240899 0.982504
1311867825.734516 0.162368 0.262319 0.308063 -0.176129 0.0542071 0.0243232 0.982572
1311867825.765408 0.158747 0.263473 0.309797 -0.174799 0.0553607 0.0238622 0.982757
1311867825.799803 0.153736 0.263872 0.308446 -0.175534 0.056832 0.0243282 0.982531
1311867825.835577  0.15445 0.261215    0.314 -0.177165 0.0560897 0.0243926 0.982279
1311867825.865650 0.155056 0.261801 0.314827 -0.175871 0.0556677 0.0242067 0.98254
1311867825.899602 0.151402  0.26339 0.313753 -0.175651 0.0570816 0.0240402 0.982502
1311867825.933816 0.155494 0.260456 0.314682 -0.177189 0.055615 0.0242089 0.982306
1311867825.964055  0.15437 0.261506 0.317219 -0.176002 0.0554687 0.0236018 0.982542
1311867825.999676 0.155855 0.262986 0.314397 -0.17577 0.0552087 0.0239559 0.98259
1311867826.032778 0.157039 0.262731 0.315605 -0.175992 0.0549927 0.0238982 0.982564
1311867826.063679 0.156825 0.262661 0.318806 -0.174557 0.0544993 0.0236115 0.982854
1311867826.100925 0.160327 0.264266 0.313148 -0.173167 0.0531305 0.024868 0.983144
1311867826.133327 0.160993 0.263927 0.312557 -0.173594 0.0526651 0.0249511 0.983092
1311867826.165894 0.166071  0.26464 0.315419 -0.172776 0.0509479 0.0252441 0.983319
1311867826.199867 0.162986 0.266834 0.311186 -0.171627 0.0518456 0.0257931 0.983459
1311867826.234497 0.166057 0.268102 0.312006 -0.172076 0.0504056 0.0265139 0.983436
1311867826.263805 0.170053 0.269658 0.310074 -0.171684 0.0486824 0.0269802 0.983578
1311867826.301103 0.169101 0.268951 0.311302 -0.172735 0.0490267 0.0274293 0.983365
1311867826.332189 0.167319 0.268408 0.313608 -0.173942 0.0495394 0.0276559 0.98312
1311867826.363793 0.169402  0.26797 0.314531 -0.174319 0.0485106 0.0276705 0.983104
1311867826.399718 0.169219 0.268374 0.314387 -0.173913 0.0483761 0.0280441 0.983172
1311867826.432165 0.170931 0.267968 0.315024 -0.17448 0.0478963 0.0285562 0.98308
1311867826.464153 0.172939 0.268154  0.31411 -0.17405 0.0472885 0.0282774 0.983194
1311867826.500730 0.171281 0.267729 0.314687 -0.173782 0.0481922 0.0283752 0.983195
1311867826.531977 0.170518 0.268086 0.313554 -0.173796 0.0482906 0.0290666 0.983167
1311867826.563849 0.168228 0.267388 0.316526 -0.174017 0.0483891 0.0289093 0.983128
1311867826.600684 0.168083 0.267753 0.315463 -0.174076 0.0488444 0.0291076 0.983089
1311867826.631594 0.165603  0.26678 0.318845 -0.174712 0.0500445 0.0288622 0.982923
1311867826.663861 0.165345  0.26693 0.316919 -0.174091 0.0501591 0.0290608 0.983022
1311867826.699788 0.166662 0.267164 0.316478 -0.17341 0.0500983 0.0301504 0.983112
1311867826.734940 0.167959 0.268569 0.314316 -0.173089 0.0505469 0.0303245 0.983141
1311867826.767817 0.168008 0.265999 0.316982 -0.17464 0.0508515 0.0301371 0.982856
1311867826.801949 0.167084 0.265973 0.317244 -0.174256 0.0507225 0.030809 0.98291
1311867826.832473 0.164661 0.266144 0.318416 -0.175311 0.0511139 0.0312243 0.982689
1311867826.864575 0.168577 0.266561 0.317195 -0.175858 0.0496619 0.0318496 0.982646
1311867826.900803 0.169625 0.266574 0.318108 -0.176379 0.0495987 0.0322263 0.982544
1311867826.931906 0.170364 0.268802 0.316927 -0.175669 0.0490092 0.0327643 0.982683
1311867826.963935 0.174226 0.269248 0.314743 -0.175723 0.0480778 0.0329502 0.982713
1311867827.000542 0.171281 0.268361 0.317429 -0.176078 0.0495335 0.0326768 0.982586
1311867827.031731 0.170538 0.269269 0.316967 -0.175686 0.0495554 0.033029 0.982643
1311867827.065302 0.171611 0.269908 0.317365 -0.175897 0.0494828 0.032431 0.982629
1311867827.099566 0.172319 0.271028 0.317276 -0.175398 0.0492553 0.0323751 0.982732
1311867827.131945  0.17198 0.270379 0.319603 -0.175759 0.0487103 0.031306 0.982729
1311867827.163616  0.17379 0.272016 0.316344 -0.175419 0.0481385 0.0307678 0.982835
1311867827.200696 0.172898  0.27186 0.317027 -0.176635 0.0482719 0.0305154 0.982618
1311867827.231570 0.174934 0.272789 0.316115 -0.176476 0.047434 0.0305743 0.982686
1311867827.265586 0.176241 0.273747 0.314708 -0.176208 0.0470653 0.0306137 0.98275
1311867827.299904 0.176298  0.27235 0.315582 -0.177446 0.0470175 0.0307333 0.982526
1311867827.333192  0.18002 0.272762  0.31543 -0.17627 0.0460001 0.0303243 0.982799
1311867827.366452 0.182883   0.2742 0.310733 -0.174534 0.0448961 0.0313722 0.983127
1311867827.402236 0.181851 0.273469 0.311283 -0.175145 0.0451214 0.0316658 0.982998
1311867827.431646 0.186726 0.273694 0.311597 -0.17467 0.0441438 0.0315881 0.98313
1311867827.466074 0.186104 0.274301 0.310868 -0.174071 0.0446686 0.0317931 0.983206
1311867827.502208 0.181845 0.274421 0.308222 -0.174715 0.0456376 0.0316604 0.983051
1311867827.534670 0.183037 0.274505 0.309951 -0.174572 0.0452455 0.0312828 0.983107
1311867827.563893 0.181255 0.275774 0.308147 -0.173694 0.0461913 0.0312062 0.983221
1311867827.601415 0.181689 0.276847 0.307052 -0.174943 0.0460665 0.032061 0.982978
1311867827.632823 0.183907 0.276218 0.308816 -0.174954 0.0450447 0.0320345 0.983024
1311867827.663664 0.182476 0.276643 0.307346 -0.173929 0.0459743 0.0319778 0.983165
1311867827.702322 0.179288 0.273699 0.309354 -0.175744 0.0474791 0.0321568 0.982764
1311867827.734341 0.180645 0.273026 0.310475 -0.175565 0.0467581 0.0318895 0.98284
1311867827.766920 0.176998  0.27352 0.310593 -0.174765 0.0478239 0.0318719 0.982932
1311867827.800970 0.174309 0.272238 0.311551 -0.176002 0.0490287 0.0321527 0.982642
1311867827.831688 0.177009 0.273676 0.309921 -0.175283 0.048428 0.0324865 0.982789
1311867827.864402 0.175837 0.273946 0.311194 -0.174752 0.0485045 0.0328337 0.982869
1311867827.900789 0.176157 0.274062 0.310119 -0.175702 0.048398 0.0336196 0.982678
1311867827.931679 0.176738   0.2737 0.311573 -0.175934 0.0484894 0.033162 0.982648
1311867827.963746 0.173965 0.273863 0.312962 -0.175846 0.0497105 0.0330629 0.982606
1311867827.999958 0.172084 0.273185 0.314674 -0.177193 0.0499123 0.0335607 0.982337
1311867828.032002 0.174141 0.274279 0.315683 -0.177123 0.0487542 0.0335661 0.982407
1311867828.063881 0.173874 0.275055 0.316546 -0.17669 0.0495266 0.0333798 0.982453
1311867828.100314  0.17381 0.275151 0.315145 -0.177254 0.0501262 0.0337796 0.982307
1311867828.131764 0.172988 0.272885 0.317571 -0.178111 0.0493595 0.0339605 0.982185
1311867828.163657 0.169772 0.272334 0.319239 -0.177872 0.0498454 0.0336365 0.982215
1311867828.201444 0.171507 0.273075 0.317396 -0.177888 0.0501793 0.0330933 0.982213
1311867828.231700 0.168718 0.270425 0.320411 -0.178431 0.0513065 0.0325055 0.982076
1311867828.263960 0.167478 0.271333 0.319563 -0.176896 0.0509361 0.0324965 0.982373
1311867828.300837  0.16833 0.271378 0.316004 -0.177136 0.0505701 0.0327717 0.98234
