1311878194.374270 -0.000453588  0.000160715 -0.000135795 4.35716e-05 0.000123661 -4.90183e-06 1
1311878194.406574 -0.00248128 -0.00266313  0.00161298 -0.000904752 0.000895335 -0.000124139 0.999999
1311878194.439904 -0.00375159 -0.00146096 0.000821248 -0.00049688 0.0012593 -6.93732e-05 0.999999
1311878194.474341 -0.00210173 -0.00165566  0.00108609 -0.000510579 0.000722658 2.16585e-05 1
1311878194.506276 -0.00134037  -0.0027404  0.00116754 -0.000882829 0.000485904 6.26731e-05 0.999999
1311878194.538257 -0.00110056 -0.00257911 0.000989164 -0.000876267 0.000419241 -2.0164e-05 1
1311878194.574203 -0.00286208 -0.00226967 0.000895489 -0.000814735 0.000936553 1.85186e-05 0.999999
1311878194.606201  -0.0016713 -0.00326875  0.00104606 -0.0010903 0.000506418 8.90123e-05 0.999999
1311878194.638184 -0.00141208 -0.00104842 0.000135389 -0.000328908 0.00020868 0.000209672 1
1311878194.674335 -0.00226917 3.62878e-05 0.000640569 0.000177122 0.000422856 0.000231663 1
1311878194.706671  -0.00176593 -0.000473245  -0.00010842 4.55367e-05 -0.00023991 0.00025876 1
1311878194.738262 -0.00222837 -0.00156223 0.000615661 -0.000519647 -0.000253949 3.68354e-06 1
1311878194.774175 -0.00286901 -0.00130487 0.000695276 -0.000441675 -0.000582552 9.38676e-05 1
1311878194.806388   -0.0040346 -0.000695243 -0.000107786 -0.000156452 -0.00121396 0.000224978 0.999999
1311878194.838267 -0.00280572 -0.00313043 0.000341494 -0.000874178 -0.00299395 -0.000100601 0.999995
1311878194.874122  0.00268863   0.0021768 -0.00283352 0.00106033 -0.00669878 0.000456673 0.999977
1311878194.906162   0.00149307 -0.000225184  -0.00178681 6.32662e-05 -0.00869739 5.99277e-06 0.999962
1311878194.938235  0.00366079  0.00113621 -0.00270156 0.000581711 -0.0124923 0.000118682 0.999922
1311878194.974214  0.00790519   0.0032894 -0.00222107 0.00231096 -0.0173824 0.000696932 0.999846
1311878195.006349   0.0136028 -0.00196163 -0.00824353 -2.62145e-05 -0.02329 0.000130991 0.999729
1311878195.038170   0.0149151  0.00535137 -0.00835476 0.00217041 -0.0269643 0.000760319 0.999634
1311878195.074121   0.0138082  0.00553507 -0.00556691 0.0030205 -0.0294136 0.000518536 0.999563
1311878195.106255   0.0144542  0.00782076 -0.00974448 0.00369705 -0.0332477 0.00057373 0.99944
1311878195.138441 0.0129733 0.0100864 -0.010418 0.0045623 -0.0370559 0.000193145 0.999303
1311878195.174269   0.0144102  0.00936511 -0.00836365 0.00462325 -0.0420505 -0.000488591 0.999105
1311878195.206448   0.0132379  0.00609931 -0.00976953 0.00331363 -0.0463367 -0.00133806 0.998919
1311878195.238271   0.0116947   0.0064041 -0.00997967 0.00315448 -0.0503791 -0.00195249 0.998723
1311878195.274164   0.0129545   0.0106937 -0.00687488 0.00584828 -0.0559903 -0.00143958 0.998413
1311878195.306470   0.0147268  0.00989729 -0.00817243 0.00439884 -0.0617966 -0.00304942 0.998074
1311878195.338213   0.0138367  0.00761588 -0.00868357 0.0026081 -0.0666441 -0.00382304 0.997766
1311878195.374269  0.00971683  0.00820903 -0.00843494 0.00332219 -0.0698487 -0.0045096 0.997542
1311878195.406029  0.0109466 0.00731928 -0.0109878 0.00310734 -0.0747091 -0.00456865 0.99719
1311878195.438050   0.0118228   0.0068715 -0.00811659 0.00261071 -0.0798161 -0.00489271 0.996794
1311878195.474232   0.0147844  0.00830506 -0.00789393 0.00319898 -0.0854889 -0.00512246 0.996321
1311878195.506356  0.0132862 0.00792652 -0.0092382 0.00289342 -0.0899468 -0.00573188 0.995926
1311878195.538378   0.0155381  0.00903739 -0.00725868 0.00325321 -0.0958366 -0.00618645 0.995373
1311878195.574459   0.0121242  0.00870941 -0.00812721 0.00306029 -0.0996274 -0.00683816 0.994997
1311878195.606206   0.0113248  0.00838249 -0.00880432 0.00274012 -0.104562 -0.00737651 0.994487
1311878195.638287  0.00874433   0.0069663 -0.00901481 0.00227854 -0.108874 -0.00845774 0.994017
1311878195.674186  0.00705219  0.00773986 -0.00826914 0.0021075 -0.113412 -0.00895886 0.993505
1311878195.706186   0.0092285  0.00574361 -0.00863744 0.00111 -0.119079 -0.00965276 0.992837
1311878195.738201  0.00902222  0.00879999 -0.00908972 0.00189144 -0.123554 -0.00969858 0.992289
1311878195.774488   0.0113329  0.00894679 -0.00672562 0.00198431 -0.12928 -0.00982445 0.991558
1311878195.806204  0.00941383  0.00788466 -0.00674443 0.00149731 -0.13366 -0.0107816 0.990967
1311878195.838010  0.00887589  0.00764643 -0.00787376 0.00154454 -0.138527 -0.0112432 0.990294
1311878195.874257  0.00870404  0.00764875 -0.00894153 0.00133262 -0.143528 -0.0118395 0.989575
1311878195.906202 0.00831183  0.0078611   -0.01151 0.00119892 -0.148266 -0.0124295 0.988869
1311878195.938120 0.00942299 0.00696336 -0.0105413 0.000765094 -0.153819 -0.0133306 0.988009
1311878195.974264 0.00817574 0.00768188 -0.0118989 0.000943664 -0.158474 -0.0139905 0.987263
1311878196.006352 0.00869209 0.00820393 -0.0119995 0.00107895 -0.164169 -0.0144498 0.986326
1311878196.038129 0.00800071 0.00734751 -0.0123268 0.000973678 -0.16921 -0.0154621 0.985458
1311878196.074360 0.00817576 0.00938108 -0.0106555 0.00162239 -0.174469 -0.0158468 0.984534
1311878196.106326 0.00775782 0.00965265 -0.0126767 0.00189809 -0.178987 -0.0163807 0.983713
1311878196.138421 0.00601446 0.00810296 -0.0161253 0.00126648 -0.182927 -0.0175371 0.982969
1311878196.174374 0.00506776 0.00881124 -0.0145489 0.00117334 -0.187861 -0.0176087 0.982037
1311878196.206127 0.00557263 0.00876017 -0.0165693 0.00103057 -0.192861 -0.0186413 0.981048
1311878196.238260 0.00241849 0.00661935 -0.0153103 0.000246694 -0.197276 -0.0198611 0.980147
1311878196.274193 0.00119472 0.00438263 -0.0127443 -0.000396545 -0.202255 -0.0208836 0.97911
1311878196.306228 0.000487598  0.00421562  -0.0135734 -0.000381289 -0.206756 -0.0212429 0.978162
1311878196.338204 0.000253187  0.00274736   -0.012879 -0.000879094 -0.211677 -0.0218076 0.977096
1311878196.375281 -0.000198286   0.00047888   -0.0116254 -0.00138747 -0.217104 -0.0229751 0.975877
1311878196.406342 -0.00174666 -0.00249741  -0.0120801 -0.00310792 -0.22182 -0.0250486 0.974761
1311878196.438533  -0.0115366 -0.00583584  -0.0137211 -0.00475332 -0.224453 -0.026955 0.9741
1311878196.474320  -0.0138014 -0.00736253  -0.0161312 -0.00635544 -0.228439 -0.0282498 0.973127
1311878196.506414  -0.0150527 -0.00589873  -0.0127081 -0.005905 -0.234104 -0.0281678 0.971785
1311878196.538251  -0.0150385 -0.00362417  -0.0164688 -0.00486418 -0.238371 -0.028132 0.970755
1311878196.575066  -0.0122021 -0.00165544  -0.0194735 -0.00385018 -0.244011 -0.0280264 0.96936
1311878196.606211  -0.0144474 -0.00280308  -0.0201078 -0.00379283 -0.248729 -0.0288624 0.968136
1311878196.638325  -0.0136183 -0.00239966  -0.0224451 -0.00340488 -0.253957 -0.0288303 0.96678
1311878196.674182  -0.0125787 -0.00305202  -0.0267238 -0.00363936 -0.259313 -0.0295356 0.965335
1311878196.706269  -0.0112984 -0.00359442  -0.0267001 -0.00494912 -0.265328 -0.0308909 0.963651
1311878196.738692  -0.0130989 -0.00264737  -0.0260701 -0.00504641 -0.270732 -0.0314233 0.962129
1311878196.774138  -0.0148348 -0.00243456  -0.0270772 -0.00469892 -0.275682 -0.0322855 0.960695
1311878196.806328  -0.0162804 -0.00254991  -0.0292827 -0.00435018 -0.280611 -0.0325771 0.959259
1311878196.838398  -0.0168059 -0.00379924  -0.0313866 -0.00426373 -0.285697 -0.0334173 0.957728
1311878196.874222  -0.0190639 -0.00499572  -0.0320689 -0.00444888 -0.290801 -0.0341796 0.956162
1311878196.906132  -0.0181703 -0.00656804  -0.0350577 -0.0044666 -0.295827 -0.0349714 0.954591
1311878196.938143  -0.0164918 -0.00724054  -0.0390396 -0.0045531 -0.30093 -0.0358746 0.95296
1311878196.974342  -0.0166193 -0.00950461  -0.0416625 -0.00555901 -0.305715 -0.0371052 0.951383
1311878197.006229  -0.0193786 -0.00972161  -0.0435962 -0.00613314 -0.31001 -0.0376861 0.949966
1311878197.038157 -0.0172406 -0.0088465 -0.0475894 -0.00672368 -0.314993 -0.0381593 0.948303
1311878197.074170 -0.0197852 -0.0082212  -0.047113 -0.00571247 -0.319972 -0.0391088 0.946602
1311878197.106340  -0.0200134 -0.00910585  -0.0506698 -0.0054407 -0.324311 -0.0398631 0.945094
1311878197.138417 -0.0200703 -0.0101019 -0.0522739 -0.00587921 -0.329052 -0.0407141 0.943415
1311878197.174156  -0.0165824 -0.00991932  -0.0533195 -0.00585312 -0.334469 -0.0409606 0.941498
1311878197.206149 -0.0166622 -0.0119402 -0.0565392 -0.00658013 -0.339156 -0.042149 0.939762
1311878197.238433 -0.0167902 -0.0117728  -0.057924 -0.00640975 -0.34393 -0.0426236 0.938006
1311878197.274108 -0.0161372  -0.013052 -0.0602108 -0.00686366 -0.348502 -0.0431255 0.93629
1311878197.306065  -0.014628 -0.0137124 -0.0647515 -0.00756154 -0.352769 -0.0444265 0.934625
1311878197.338164 -0.00789994  -0.0126852  -0.0600191 -0.00749169 -0.359946 -0.0445963 0.931877
1311878197.373957 -0.00453965  -0.0139725   -0.065649 -0.00813133 -0.365093 -0.0455775 0.929819
1311878197.406878 -0.00775107  -0.0125341  -0.0672392 -0.00726791 -0.369954 -0.046329 0.927866
1311878197.438201 -0.00257419  -0.0114129  -0.0746317 -0.00674718 -0.374671 -0.0465176 0.925965
1311878197.474238 -0.0014389 -0.0123817 -0.0760395 -0.00641764 -0.379902 -0.0472154 0.923799
1311878197.506176 6.85515e-05  -0.0144945  -0.0812773 -0.006688 -0.384069 -0.0476988 0.922047
1311878197.538448 0.00338567 -0.0133872 -0.0828828 -0.00626395 -0.38934 -0.0482879 0.919806
1311878197.574811 0.00700827 -0.0142208 -0.0852265 -0.00683793 -0.394576 -0.0489349 0.917534
1311878197.606070 0.00344623 -0.0117269 -0.0863016 -0.00691369 -0.399597 -0.0495827 0.915323
1311878197.638206 0.00426167 -0.0128913  -0.087729 -0.00800337 -0.40551 -0.0506326 0.912652
1311878197.674071 0.00655184 -0.0122553 -0.0955696 -0.00846809 -0.410116 -0.0522641 0.910495
1311878197.706190 0.00629862 -0.0133932   -0.10091 -0.012236 -0.414027 -0.0543974 0.908556
1311878197.738523  0.00579029 -0.00627272  -0.0895965 -0.0119989 -0.420805 -0.0562618 0.905325
1311878197.774050     0.00248 -0.00254616  -0.0822019 -0.00898635 -0.425921 -0.0554044 0.903018
1311878197.806087  0.00827668 -0.00496795   -0.089187 -0.00727943 -0.429891 -0.0549554 0.901178
1311878197.838274   0.0130892 -0.00524721  -0.0984166 -0.00595191 -0.433142 -0.054948 0.899629
1311878197.874322   0.0199278 -0.00733221   -0.104571 -0.00594563 -0.437085 -0.0552389 0.897703
1311878197.906486   0.0251366 -0.00722564   -0.110473 -0.00605459 -0.44048 -0.0554991 0.896025
1311878197.938271   0.0317248 -0.00547968   -0.117415 -0.00614471 -0.444302 -0.055973 0.894105
1311878197.974019   0.0396423 -0.00564148   -0.116473 -0.00733178 -0.44989 -0.0563556 0.891274
1311878198.006153    0.042443 -0.00344373   -0.117936 -0.00663806 -0.453805 -0.0560812 0.88931
1311878198.038635   0.0518363 -0.00411629   -0.125037 -0.00756714 -0.457697 -0.057047 0.887244
1311878198.074031   0.0564413 -0.00280274   -0.124276 -0.00813663 -0.462394 -0.0567678 0.884818
1311878198.106322   0.0629863 -0.00183656   -0.127645 -0.00842368 -0.466339 -0.0575333 0.882693
1311878198.138386  0.0527709 0.00421256  -0.129783 -0.00835954 -0.469741 -0.0571471 0.880913
1311878198.174366 0.0579454 0.0034233 -0.130366 -0.00896164 -0.473284 -0.0572859 0.879
1311878198.206660  0.0662276 0.00484641  -0.139818 -0.00925591 -0.475741 -0.0578109 0.877635
1311878198.238497  0.0675248 0.00651677  -0.145363 -0.0103142 -0.4784 -0.0589219 0.876102
1311878198.274149 0.0727703 0.0053987 -0.147884 -0.0128533 -0.482445 -0.0590831 0.873837
1311878198.306371  0.0730051 0.00328246  -0.145839 -0.0149275 -0.487311 -0.0594629 0.871074
1311878198.338540  0.0754292 0.00181675  -0.147193 -0.0152385 -0.492076 -0.0596616 0.868372
1311878198.373959  0.0782235 0.00266773  -0.149443 -0.0148124 -0.495793 -0.0588442 0.866318
1311878198.406170  0.0958608 0.00428124  -0.160848 -0.0138936 -0.499549 -0.0586872 0.864184
1311878198.438262   0.102527 0.00447419  -0.169943 -0.0130323 -0.502979 -0.0592418 0.862167
1311878198.474218   0.115197 0.00647952  -0.176653 -0.014281 -0.506866 -0.0579811 0.859954
1311878198.506218    0.12217 0.00753893  -0.180321 -0.0141635 -0.51106 -0.0591367 0.857391
1311878198.538311   0.124518 0.00961023  -0.179987 -0.0145778 -0.514949 -0.0585414 0.855095
1311878198.574543   0.140605 0.00771742  -0.187126 -0.0162043 -0.519345 -0.0596544 0.852326
1311878198.606319  0.143593 0.0101424 -0.185093 -0.0161994 -0.524117 -0.0597585 0.849393
1311878198.638628    0.15095 0.00862098  -0.190667 -0.0173135 -0.52742 -0.059816 0.847319
1311878198.674049   0.155259 0.00966849  -0.192097 -0.0168133 -0.531426 -0.059142 0.84487
1311878198.707316   0.170883 0.00900863  -0.197763 -0.0167486 -0.535682 -0.0584387 0.842229
1311878198.738725  0.176675 0.0101625 -0.199575 -0.0166559 -0.540039 -0.0582264 0.839459
1311878198.774061   0.189328 0.00910544  -0.205421 -0.0164702 -0.543761 -0.0584349 0.837041
1311878198.806248  0.199467 0.0105418 -0.210035 -0.0164376 -0.547244 -0.0576734 0.834822
1311878198.838460  0.205153 0.0116738 -0.213173 -0.0156172 -0.550911 -0.0583532 0.832375
1311878198.874237   0.221165 0.00745048  -0.218837 -0.0165535 -0.554796 -0.0595728 0.829686
1311878198.905987  0.223907 0.0116938 -0.223625 -0.0150502 -0.55809 -0.0611727 0.827386
1311878198.938208    0.254118 -0.00690428   -0.197412 -0.0174788 -0.564762 -0.0640941 0.822576
1311878198.974165    0.261159 -0.00538764   -0.200615 -0.017058 -0.568265 -0.0645236 0.820135
1311878199.006161   0.268815 -0.0078722  -0.201662 -0.0189762 -0.572397 -0.0656654 0.817123
1311878199.038251    0.273452 -0.00503008   -0.204117 -0.0194935 -0.575889 -0.0675849 0.814496
1311878199.074228   0.272577 -0.0035995  -0.206841 -0.019241 -0.57952 -0.0690244 0.811802
1311878199.106422    0.283113 -0.00498963    -0.21572 -0.0197151 -0.582779 -0.0711024 0.809274
1311878199.138235    0.295152 -0.00299635   -0.217968 -0.0188881 -0.58732 -0.0704368 0.806062
1311878199.174805    0.310045 -0.00586073   -0.224759 -0.0208355 -0.591235 -0.0716728 0.803038
1311878199.207173   0.282588 0.00820606  -0.201729 -0.0183943 -0.595129 -0.0700508 0.80036
1311878199.238266    0.29323 0.00852427  -0.208924 -0.016075 -0.598357 -0.0692767 0.798068
1311878199.275876   0.316438 0.00776741   -0.21739 -0.0169824 -0.602578 -0.0671754 0.795047
1311878199.306226    0.32863 0.00756427  -0.218846 -0.0188422 -0.607691 -0.067764 0.791053
1311878199.338154   0.340664 0.00820184   -0.22164 -0.0178723 -0.611404 -0.0684851 0.788147
1311878199.374050   0.341533 0.00562708   -0.22327 -0.0175019 -0.614177 -0.0690506 0.785947
1311878199.406276   0.365873 0.00595377  -0.227492 -0.0159481 -0.617978 -0.0669426 0.783178
1311878199.438010   0.371477 0.00396995  -0.234519 -0.0173128 -0.620118 -0.0686325 0.781309
1311878199.474152   0.377277 0.00807482  -0.227681 -0.0158092 -0.624789 -0.0659922 0.777839
1311878199.506248   0.388446 0.00701552  -0.234457 -0.0149395 -0.627469 -0.0661555 0.775683
1311878199.538271   0.406127 0.00909462   -0.24225 -0.0159155 -0.630944 -0.065407 0.772903
1311878199.574176   0.40673 0.0115172 -0.239374 -0.0186338 -0.634469 -0.0660766 0.769893
1311878199.606309  0.408228 0.0127509 -0.222918 -0.0199697 -0.640192 -0.0620354 0.765445
1311878199.638106  0.418353 0.0133788 -0.227447 -0.0204258 -0.643641 -0.0621466 0.762527
1311878199.674155  0.425849 0.0145174 -0.222212 -0.0204903 -0.648468 -0.0620288 0.758434
1311878199.706001  0.433978 0.0144259 -0.223835 -0.0202758 -0.651926 -0.0623723 0.755441
1311878199.738017   0.44168 0.0147936 -0.223663 -0.0192048 -0.655616 -0.062239 0.75228
1311878199.775401 0.450013 0.015677 -0.22494 -0.0180572 -0.658495 -0.0614467 0.749855
1311878199.806250    0.4598 0.0148063 -0.225186 -0.0175624 -0.661603 -0.0608913 0.747172
1311878199.838004  0.468174 0.0140248 -0.224557 -0.0160494 -0.664887 -0.0602739 0.744335
1311878199.874440  0.477053 0.0136867 -0.229343 -0.0158249 -0.667679 -0.0618944 0.741703
1311878199.906103  0.473908 0.0329934 -0.219393 -0.0126245 -0.67203 -0.0582495 0.738122
1311878199.938266  0.527712  0.022798 -0.227056 -0.0115009 -0.676238 -0.0599698 0.734148
1311878199.974272  0.520805  0.022134 -0.222235 -0.0138678 -0.679448 -0.0602223 0.731116
1311878200.006189  0.525275 0.0243164  -0.21792 -0.0125654 -0.683258 -0.0595469 0.727637
1311878200.038184   0.567244 -0.0327081  -0.170365 -0.0172196 -0.68933 -0.069931 0.720859
1311878200.074132  0.527215 -0.273247 -0.208515 -0.0623436 -0.6869 -0.0829189 0.71931
1311878200.106321    0.50173 -0.0649736  -0.328982 -0.0335572 -0.68196 -0.0659657 0.727636
1311878200.138348   0.490839 -0.0662175  -0.339214 -0.0265538 -0.684118 -0.0638777 0.726084
1311878200.173964   0.534929 -0.0774449  -0.348727 -0.029551 -0.686827 -0.0626814 0.72351
1311878200.206327   0.516246 -0.0659275   -0.34129 -0.025636 -0.690619 -0.0629367 0.720019
1311878200.242002   0.544655 -0.0678481  -0.346529 -0.0256418 -0.6933 -0.0622524 0.717497
1311878200.274169  0.528786 -0.064093 -0.340113 -0.0249759 -0.696412 -0.0625663 0.714473
1311878200.306230   0.546899 -0.0677746  -0.342246 -0.0268375 -0.699674 -0.066517 0.710853
1311878200.342066   0.530093 -0.0564804  -0.327414 -0.0234418 -0.703558 -0.0640051 0.707362
1311878200.374151  0.545866 -0.061499 -0.333375 -0.0234486 -0.706076 -0.065334 0.704726
1311878200.406487   0.552126 -0.0611008  -0.330826 -0.0242222 -0.709964 -0.065965 0.700723
1311878200.442312    0.55055 -0.0578813  -0.326627 -0.0222035 -0.713232 -0.0663228 0.69743
1311878200.474507   0.58096 -0.061914  -0.33688 -0.0227771 -0.715544 -0.0662127 0.69505
1311878200.506740   0.562883 -0.0587184  -0.324329 -0.0238406 -0.720772 -0.0655485 0.689654
1311878200.544672   0.577575 -0.0590193  -0.323437 -0.0234831 -0.724546 -0.0663527 0.685623
1311878200.574557  0.597882 -0.060769 -0.326089 -0.0252045 -0.727644 -0.0666479 0.682244
1311878200.606124   0.586181 -0.0754986    -0.3224 -0.0303047 -0.730963 -0.0702021 0.678119
1311878200.642380   0.589633 -0.0706962  -0.321361 -0.0268306 -0.734112 -0.0705243 0.674823
1311878200.674795   0.598543 -0.0732944   -0.32502 -0.0276595 -0.735857 -0.0713821 0.672796
1311878200.706045   0.607688 -0.0709452  -0.323982 -0.0264792 -0.738955 -0.0717388 0.669401
1311878200.742351   0.622496 -0.0772929  -0.324976 -0.0276093 -0.740455 -0.0741029 0.667437
1311878200.774100   0.623848 -0.0759074  -0.322352 -0.026786 -0.743089 -0.0738191 0.664569
1311878200.806161   0.633684 -0.0769252  -0.322287 -0.02623 -0.745611 -0.0751047 0.661616
1311878200.842140   0.640855 -0.0774004  -0.321171 -0.0256921 -0.748517 -0.0748299 0.658379
1311878200.874186   0.653659 -0.0799814  -0.322563 -0.025853 -0.750801 -0.0759255 0.655641
1311878200.907425   0.649468 -0.0801452  -0.318735 -0.0263831 -0.753569 -0.0757263 0.652459
1311878200.942493   0.662951 -0.0820008  -0.316019 -0.0249663 -0.755609 -0.0752418 0.650208
1311878200.974314   0.666412 -0.0822591  -0.317187 -0.024185 -0.757263 -0.0746628 0.648378
1311878201.007926   0.683926 -0.0848649  -0.315886 -0.0241359 -0.759725 -0.0751921 0.645431
1311878201.042338   0.687549 -0.0868435  -0.318117 -0.0256752 -0.761563 -0.0770965 0.642976
1311878201.074135   0.684043 -0.0831225  -0.312715 -0.0231953 -0.764563 -0.0746112 0.639796
1311878201.106946   0.704386 -0.0865508  -0.314289 -0.022143 -0.765604 -0.074677 0.63858
1311878201.142269   0.711218 -0.0878622  -0.311806 -0.0217668 -0.767538 -0.0752497 0.636199
1311878201.174037   0.720749 -0.0878544  -0.309685 -0.0225013 -0.768311 -0.0771906 0.635007
1311878201.206851   0.724364 -0.0876154  -0.306945 -0.0228941 -0.768954 -0.0770133 0.634235
1311878201.242552    0.72708 -0.0921752  -0.304328 -0.0239925 -0.769201 -0.0791112 0.633637
1311878201.274041   0.727656 -0.0906647  -0.302641 -0.0237218 -0.769683 -0.078464 0.633142
1311878201.306315   0.733296 -0.0913053  -0.301227 -0.0219401 -0.768848 -0.0778419 0.634297
1311878201.342130   0.744511 -0.0919526  -0.299788 -0.0209061 -0.767777 -0.0763554 0.635807
1311878201.374078   0.749672 -0.0919708  -0.299031 -0.0192021 -0.76651 -0.0757947 0.637455
1311878201.406381   0.764915 -0.0924617  -0.298931 -0.0173692 -0.764651 -0.0752532 0.6398
1311878201.442332   0.773556 -0.0930557  -0.294268 -0.0186464 -0.7634 -0.0756612 0.641209
1311878201.474243   0.780289 -0.0906503  -0.293364 -0.0181284 -0.761023 -0.0757865 0.644028
1311878201.506263    0.78597 -0.0908453  -0.289837 -0.0191909 -0.75895 -0.0751057 0.646519
1311878201.542159   0.793089 -0.0917311   -0.28639 -0.0197897 -0.756592 -0.0754288 0.649221
1311878201.574598   0.804351 -0.0899087  -0.286974 -0.0194734 -0.753533 -0.0751581 0.65281
1311878201.606014   0.805758 -0.0871503  -0.282877 -0.019169 -0.750602 -0.0734772 0.656377
1311878201.642096 0.826031 -0.10259 -0.31149 -0.02109 -0.744265 -0.0747085 0.663358
1311878201.674092    0.82586 -0.0899199   -0.30725 -0.0259801 -0.740934 -0.0788185 0.66643
1311878201.708205   0.810331 -0.0593916  -0.257311 -0.0149198 -0.741612 -0.0760275 0.66634
1311878201.742188   0.830632 -0.0632145  -0.258645 -0.015436 -0.734321 -0.0722902 0.674766
1311878201.774384   0.846505 -0.0654076  -0.264176 -0.015127 -0.73008 -0.0724788 0.679339
1311878201.806059   0.869883 -0.0647885  -0.256592 -0.0154868 -0.726232 -0.0713417 0.683563
1311878201.842070   0.873444 -0.0570124  -0.262444 -0.0162421 -0.719903 -0.0692243 0.690423
1311878201.873911   0.876092 -0.0562992  -0.254657 -0.0164519 -0.717057 -0.0682759 0.693467
1311878201.906078  0.887866 -0.054502 -0.254078 -0.0168987 -0.712085 -0.0686473 0.698525
1311878201.944113   0.890531 -0.0552005  -0.250078 -0.0166362 -0.707766 -0.0668294 0.703083
1311878201.975026   0.902022 -0.0535081  -0.250857 -0.0159852 -0.702996 -0.0662301 0.707923
1311878202.006238   0.910485 -0.0519928  -0.250115 -0.0162645 -0.698081 -0.0649653 0.71288
1311878202.042289   0.923276 -0.0495814   -0.25511 -0.0156282 -0.692768 -0.0655234 0.718008
1311878202.074246   0.920525 -0.0482483   -0.24744 -0.0145644 -0.68894 -0.0626285 0.721961
1311878202.106190     0.9713 -0.0708018  -0.227525 -0.021961 -0.686906 -0.0651799 0.723484
1311878202.142538  0.970515 0.0566414 -0.189242 -0.0089217 -0.68457 -0.0694151 0.72558
1311878202.174269  0.965783 0.0636747 -0.185269 -0.00709211 -0.680241 -0.0673613 0.729852
1311878202.206055  0.960067 0.0945856 -0.196463 0.000507463 -0.673373 -0.0653978 0.736405
1311878202.242099  0.980347 0.0977835 -0.199409 -0.00209076 -0.670209 -0.0634004 0.739456
1311878202.274419  0.967103 0.0852309 -0.244214 -0.000911871 -0.661729 -0.0614352 0.747221
1311878202.306286   1.03483 0.0637473 -0.264798 -0.00567071 -0.653367 -0.063175 0.75438
1311878202.342174    1.02798 -0.0787515  -0.222094 -0.0227677 -0.652778 -0.0632456 0.754561
1311878202.374111    1.03628 -0.0390542  -0.245387 -0.00622549 -0.647588 -0.0590726 0.759672
1311878202.406054   1.08981 -0.309115 -0.332238 -0.0419567 -0.634744 -0.078853 0.767543
1311878202.442042  0.961901 -0.136211 -0.298239 -0.0258919 -0.627383 -0.0884134 0.773242
1311878202.474733  0.936863 -0.135185 -0.292708 -0.0198441 -0.623962 -0.0898242 0.776021
1311878202.506062  0.979751 -0.135059 -0.298023 -0.0151793 -0.618782 -0.0792683 0.781406
1311878202.541995   1.05707 -0.125783 -0.247326 -0.0189645 -0.621979 -0.0765943 0.779048
1311878202.574243   1.04309  -0.11603 -0.275793 -0.0240811 -0.616119 -0.0766217 0.783547
1311878202.606016   1.02782 -0.089284 -0.271749 -0.022652 -0.610251 -0.0718448 0.788618
1311878202.642195     1.0212 -0.0841941  -0.288799 -0.0212811 -0.603234 -0.0700469 0.794197
1311878202.674125    1.03576 -0.0900567   -0.29649 -0.0192842 -0.598011 -0.0751001 0.797729
1311878202.705989    1.02711 -0.0900775  -0.291791 -0.0193087 -0.592057 -0.0743798 0.802224
1311878202.742139    1.01818 -0.0855872  -0.323555 -0.0147542 -0.582805 -0.0726318 0.809225
1311878202.774116     1.0505 -0.0906958  -0.329522 -0.0177798 -0.576475 -0.066158 0.814238
1311878202.806033    1.05841 -0.0863499  -0.335609 -0.0163 -0.571687 -0.0659591 0.817654
1311878202.842065    1.05887 -0.0854003  -0.332968 -0.0156812 -0.566602 -0.0665652 0.821149
1311878202.875331    1.07216 -0.0861017  -0.334452 -0.0162152 -0.561374 -0.065773 0.824785
1311878202.906074    1.04156 -0.0878984  -0.380235 -0.0162571 -0.550377 -0.0674485 0.832028
1311878202.942067    1.07402 -0.0944474  -0.392454 -0.0170554 -0.546518 -0.0661885 0.834653
1311878202.973958   1.04944 -0.108277 -0.382764 -0.0191651 -0.540827 -0.0669471 0.838246
1311878203.006251   1.09044 -0.114382 -0.391564 -0.0191287 -0.537173 -0.0665753 0.840623
1311878203.042060   1.07644 -0.111557 -0.402525 -0.0199733 -0.528588 -0.0663621 0.846045
1311878203.074065   1.09198 -0.112254 -0.408039 -0.018419 -0.524097 -0.0660296 0.848895
1311878203.106633   1.09879 -0.109562 -0.417807 -0.019175 -0.517346 -0.0662565 0.852992
1311878203.142803   1.09577 -0.108011 -0.414188 -0.0195883 -0.511694 -0.0644949 0.85652
1311878203.174238   1.11644 -0.108439 -0.420157 -0.019081 -0.506148 -0.0629034 0.859938
1311878203.206098    1.1756 -0.128681 -0.421415 -0.0246764 -0.504097 -0.0651732 0.860831
1311878203.242220   1.16501 -0.123617 -0.413775 -0.0234981 -0.499688 -0.0630122 0.863591
1311878203.273968   1.22909   -0.1191 -0.398532 -0.0223023 -0.497879 -0.0581497 0.865008
1311878203.306276   1.22654 -0.116017 -0.402337 -0.02011 -0.491923 -0.0565763 0.868566
1311878203.342073   1.26868 -0.122901 -0.424538 -0.0219126 -0.487383 -0.0576241 0.871009
1311878203.374071   1.23772 -0.121974 -0.432257 -0.0216797 -0.478998 -0.057648 0.875653
1311878203.406354   1.25447 -0.121733  -0.43907 -0.0226054 -0.471913 -0.0555669 0.879602
1311878203.442198   1.25371 -0.123382   -0.4393 -0.0228683 -0.466278 -0.055319 0.882611
1311878203.474247   1.31972 -0.216391 -0.459769 -0.0445214 -0.463574 -0.0596185 0.882928
1311878203.505994    1.2372 -0.225475 -0.434918 -0.0421461 -0.456575 -0.0699057 0.885932
1311878203.542092   1.26228 -0.243438 -0.453228 -0.0426118 -0.449486 -0.0724164 0.889327
1311878203.574198    1.2724 -0.245331 -0.471231 -0.0416744 -0.442396 -0.0741529 0.892777
1311878203.606251   1.23623 -0.236255 -0.467039 -0.0391075 -0.434995 -0.0742468 0.896514
1311878203.706026   1.21728 -0.233737 -0.463959 -0.0372976 -0.428197 -0.0729323 0.899965
1311878203.742438   1.23783 -0.241939 -0.492705 -0.0331788 -0.419864 -0.0725175 0.904077
1311878203.774002   1.25221 -0.245764 -0.501268 -0.0317362 -0.413306 -0.0717078 0.907209
1311878203.805973   1.25806 -0.256799 -0.537288 -0.0316079 -0.404919 -0.0723964 0.910934
1311878203.841862   1.25801 -0.258139  -0.54319 -0.0324764 -0.399414 -0.0735048 0.913242
1311878203.875365   1.26638 -0.253455 -0.548909 -0.0264914 -0.394029 -0.0708548 0.91598
1311878203.943005   1.18394 -0.209276 -0.530847 -0.0242821 -0.38897 -0.0656882 0.918585
1311878204.041993   1.20972 -0.212721 -0.537573 -0.0237785 -0.387727 -0.065662 0.919125
1311878204.073949   1.20923 -0.212544 -0.552624 -0.0256182 -0.376953 -0.0657792 0.923538
1311878204.106130     1.128 -0.238719 -0.614355 -0.023501 -0.358697 -0.0764166 0.930024
1311878204.141982    1.1689 -0.226071 -0.677894 -0.0217353 -0.346925 -0.0756538 0.934584
1311878204.173937   1.11896 -0.213077 -0.653576 -0.0208161 -0.340709 -0.0761552 0.936848
1311878204.205872   1.15964 -0.220987 -0.669206 -0.0198203 -0.336789 -0.0755261 0.938337
1311878204.241957    1.1484 -0.208317 -0.675901 -0.0175314 -0.32774 -0.0755912 0.941576
1311878204.273915    1.1259 -0.200217 -0.670923 -0.0126877 -0.322292 -0.0751524 0.943567
1311878204.306004   1.21983 -0.237176 -0.778876 -0.0205354 -0.31194 -0.0799371 0.94651
1311878204.341849   1.12796 -0.187475 -0.673544 -0.0141538 -0.309175 -0.0791392 0.947601
1311878204.373845   1.14328  -0.19098 -0.707988 -0.0115524 -0.301343 -0.0752248 0.950474
1311878204.406011   1.14903  -0.19085 -0.716787 -0.00942586 -0.293811 -0.074218 0.952931
1311878204.441928   1.14906 -0.186391 -0.724331 -0.00568333 -0.288359 -0.0719879 0.954795
1311878204.474041   1.15887 -0.184839 -0.782716 -0.00547461 -0.278758 -0.0766823 0.95728
1311878204.506315   1.17043 -0.172807 -0.748679 -0.00348095 -0.277494 -0.0754681 0.957752
1311878204.542053   1.16908 -0.164479 -0.746985 0.00110766 -0.270229 -0.0740603 0.959943
1311878204.573878   1.17308 -0.158252  -0.82596 0.00171293 -0.253422 -0.0726091 0.964625
1311878204.606140   1.17155 -0.155958 -0.825166 0.00020637 -0.248335 -0.0740288 0.965841
1311878204.642074   1.17662 -0.154257 -0.838546 -0.000579546 -0.24152 -0.074516 0.96753
1311878204.673973   1.17462 -0.154162 -0.840309 -0.00200114 -0.235996 -0.0757495 0.968795
1311878204.705931   1.18027 -0.153499 -0.847644 -0.00215428 -0.229267 -0.0745856 0.970499
1311878204.742051   1.17713  -0.14985 -0.851461 -0.00197511 -0.221094 -0.0735743 0.972471
1311878204.773947   1.18295 -0.146873 -0.852049 0.000683867 -0.216649 -0.0717409 0.97361
1311878204.806110   1.18848 -0.145512 -0.867341 0.00135084 -0.209633 -0.0710721 0.975193
1311878204.841912   1.19986 -0.140887  -0.86644 0.00422906 -0.205534 -0.0690425 0.976202
1311878204.873973   1.20434 -0.141658 -0.886291 0.00509948 -0.19849 -0.0688292 0.97767
1311878204.906126   1.20968 -0.139635 -0.902089 0.00510348 -0.192387 -0.0683985 0.978919
1311878204.942080   1.21628 -0.136892 -0.911832 0.00619369 -0.18648 -0.068218 0.980068
1311878204.973963    1.2305 -0.157834 -0.946257 -0.00136587 -0.179148 -0.0685119 0.981433
1311878205.006151   1.21595 -0.135479 -0.925375 0.00376747 -0.173324 -0.0672872 0.982556
1311878205.041933   1.22985 -0.137894  -0.94998 0.00296066 -0.165599 -0.0669502 0.983914
1311878205.073962   1.23091 -0.135201 -0.950277 0.00197766 -0.160036 -0.0648202 0.984979
1311878205.105855    1.2347 -0.135875 -0.957613 0.00308977 -0.154512 -0.0650536 0.985842
1311878205.141948   1.23697 -0.138324 -0.969866 0.00356657 -0.146545 -0.0643816 0.9871
1311878205.173954   1.23745 -0.135416 -0.984774 0.00516642 -0.139817 -0.063937 0.988097
1311878205.205991   1.24052 -0.133949 -0.997927 0.00627129 -0.133625 -0.0637396 0.98896
1311878205.242002   1.23775 -0.134082  -1.00497 0.00569763 -0.126214 -0.0638921 0.989927
1311878205.273921    1.2412 -0.131125  -1.00682 0.00856593 -0.120856 -0.0628371 0.990642
1311878205.306204   1.24327 -0.132635  -1.02401 0.00841999 -0.112772 -0.0624908 0.991618
1311878205.341998   1.25033 -0.128852   -1.0337 0.00974511 -0.107562 -0.0610383 0.992275
1311878205.373930   1.24912 -0.129992   -1.0446 0.00707955 -0.100228 -0.061257 0.993052
1311878205.406303   1.25193 -0.120548  -1.04388 0.0120735 -0.0951813 -0.0598094 0.993588
1311878205.442034   1.25468 -0.123087  -1.05713 0.0121893 -0.0883041 -0.0596649 0.99423
1311878205.473974   1.25989 -0.122361   -1.0638 0.0122201 -0.0828693 -0.0583483 0.994776
1311878205.506390   1.26161 -0.122542  -1.07156 0.0119725 -0.0763657 -0.0580841 0.995315
1311878205.542071   1.26584 -0.120207  -1.08052 0.0132593 -0.0706261 -0.0575382 0.995754
1311878205.574020  1.26375 -0.11898 -1.09142 0.013136 -0.0636051 -0.0572101 0.996247
1311878205.608181   1.26492 -0.116957  -1.10312 0.0126196 -0.0569641 -0.0563914 0.996702
1311878205.641830   1.26491 -0.111963  -1.10575 0.0134272 -0.0509387 -0.0553264 0.997078
1311878205.673969   1.26827 -0.116701  -1.11327 0.0124194 -0.0453673 -0.0549619 0.99738
1311878205.706275   1.26684 -0.111758  -1.12618 0.0129415 -0.03786 -0.0534669 0.997768
1311878205.741858    1.2668 -0.107884  -1.12821 0.0137276 -0.0316018 -0.0520687 0.998049
1311878205.773951   1.26917 -0.106695  -1.14265 0.0139517 -0.0255186 -0.0508429 0.998283
1311878205.808989   1.26751 -0.103198  -1.15408 0.0160652 -0.0186942 -0.0497519 0.998457
1311878205.841994  1.27244 -0.10346 -1.16649 0.0147515 -0.0129886 -0.0487496 0.998618
1311878205.874019    1.27211 -0.0923778   -1.17308 0.0191637 -0.00703985 -0.0478228 0.998647
1311878205.907346   1.25546 -0.091125  -1.19801 0.0182264 0.00445383 -0.0477517 0.998683
1311878205.941947    1.25602 -0.0871881     -1.197 0.0196285 0.0106334 -0.0455598 0.998712
1311878205.974067    1.25974 -0.0876818   -1.21262 0.0200353 0.0166872 -0.0445635 0.998666
1311878206.006333    1.25804 -0.0842678   -1.21617 0.0204306 0.0234845 -0.0416032 0.998649
1311878206.041987     1.2641 -0.0862956   -1.23639 0.0208417 0.0275294 -0.0418965 0.998525
1311878206.073888    1.25828 -0.0835655   -1.23855 0.0216284 0.0355239 -0.0401411 0.998328
1311878206.106154    1.26224 -0.0833114   -1.26077 0.0229287 0.0402108 -0.039096 0.998163
1311878206.142035    1.26105 -0.0779118   -1.26898 0.0245938 0.0466361 -0.0382565 0.997876
1311878206.173770    1.26138 -0.0719239   -1.27927 0.0265018 0.0525375 -0.0372959 0.99757
1311878206.209247    1.2562 -0.076798   -1.2842 0.0267575 0.059662 -0.0364176 0.997195
1311878206.241923    1.25144 -0.0800753   -1.30567 0.0198598 0.0660422 -0.0344315 0.997025
1311878206.273922    1.25827 -0.0751918   -1.31094 0.0215687 0.0703859 -0.0326635 0.996752
1311878206.306840   1.26165 -0.070414    -1.316 0.0244599 0.0768222 -0.0313241 0.996252
1311878206.342000    1.26023 -0.0684292   -1.33177 0.0257711 0.0834545 -0.0298193 0.995732
1311878206.373928    1.26215 -0.0682389   -1.33738 0.0260511 0.0890417 -0.0278544 0.995297
1311878206.408370    1.25963 -0.0686165   -1.34911 0.0261062 0.0953354 -0.0272765 0.994729
1311878206.443025    1.25942 -0.0682605   -1.35606 0.0266865 0.101813 -0.0264114 0.994095
1311878206.474074    1.26032 -0.0633638    -1.3651 0.0288767 0.107816 -0.0250566 0.993435
1311878206.509106    1.25741 -0.0653216   -1.37812 0.0285435 0.114663 -0.0241525 0.992701
1311878206.542974    1.25383 -0.0616913   -1.39079 0.02899 0.121237 -0.0232094 0.991929
1311878206.574152    1.25061 -0.0595989   -1.39747 0.0293784 0.128068 -0.0220244 0.991086
1311878206.608181    1.24774 -0.0599723   -1.40666 0.0286017 0.134525 -0.021428 0.990265
1311878206.643524   1.24405 -0.059058   -1.4127 0.0283514 0.141497 -0.020304 0.989324
1311878206.678248    1.24561 -0.0567221   -1.42201 0.0299539 0.146833 -0.0192384 0.988521
1311878206.706723   1.24501 -0.055458  -1.42896 0.0298317 0.153372 -0.0174991 0.987563
1311878206.742016    1.24246 -0.0527224     -1.442 0.0314157 0.159352 -0.0170387 0.986575
1311878206.775756    1.23905 -0.0547913   -1.45475 0.0309524 0.165988 -0.0167851 0.985499
1311878206.806557    1.23791 -0.0527295   -1.46781 0.0326863 0.172072 -0.0155306 0.984419
1311878206.842519    1.23366 -0.0512968   -1.47608 0.0327843 0.180001 -0.0145154 0.983013
1311878206.877963    1.22564 -0.0518339   -1.48673 0.0337674 0.187253 -0.0138844 0.981633
1311878206.906723    1.22358 -0.0485602   -1.49522 0.0343455 0.19384 -0.0128051 0.980348
1311878206.941933    1.21844 -0.0495034   -1.50474 0.034183 0.200423 -0.0118482 0.979041
1311878206.978366     1.2155 -0.0468105   -1.51153 0.0335582 0.206537 -0.010479 0.977807
1311878207.008265    1.21034 -0.0390752   -1.52077 0.0367477 0.21241 -0.010911 0.976428
1311878207.042220    1.20573 -0.0422914    -1.5339 0.0348235 0.218607 -0.00898138 0.97515
1311878207.076555    1.19771 -0.0329786    -1.5329 0.0383022 0.226519 -0.00903185 0.973211
1311878207.107441    1.19935 -0.0328529   -1.55149 0.0379034 0.230752 -0.00776241 0.972243
1311878207.142368    1.19765 -0.0315917   -1.55458 0.0381809 0.237105 -0.0068327 0.970709
1311878207.176458   1.1917 -0.02666 -1.56766 0.0383696 0.243025 -0.00601118 0.969242
1311878207.209246   1.19063 -0.023231    -1.576 0.0377554 0.24872 -0.0044151 0.967829
1311878207.241936    1.18343 -0.0206945   -1.58048 0.0360833 0.256269 -0.0030079 0.965927
1311878207.275118     1.17886 -0.00975557    -1.58672 0.0394717 0.262562 -0.00350321 0.964101
1311878207.306859    1.17066 -0.0114684   -1.60019 0.0381251 0.269145 -0.00136575 0.962344
1311878207.342489     1.16443 -0.00676177    -1.60269 0.038987 0.276236 -0.0011614 0.960298
1311878207.376941      1.1556 -0.00779084    -1.61632 0.0386353 0.282396 9.62274e-05 0.95852
1311878207.406744     1.15509 -0.00606422    -1.61906 0.0393459 0.288314 0.000609375 0.956727
1311878207.442028     1.14819 -0.00136165    -1.62609 0.0392114 0.295279 0.000351074 0.954606
1311878207.475541     1.13876 0.000913656    -1.63231 0.0395135 0.302468 0.00111432 0.952339
1311878207.507174    1.13434 0.00236849   -1.63531 0.0394501 0.309159 0.00207837 0.950189
1311878207.544523    1.12402 0.00304598   -1.64743 0.0389042 0.314439 0.00373696 0.948473
1311878207.575033    1.11955 0.00421011   -1.64701 0.0397012 0.320124 0.00358917 0.946537
1311878207.606578    1.10956 0.00828207   -1.65824 0.0401048 0.324482 0.00334768 0.945035
1311878207.641861     1.1018 0.00721506   -1.66341 0.0395951 0.328472 0.00495335 0.94367
1311878207.674813   1.09975 0.0102657  -1.66742 0.0416793 0.331323 0.00544198 0.942581
1311878207.708313   1.09596 0.0116318  -1.67629 0.0425055 0.333236 0.00611728 0.941865
1311878207.746534   1.08588 0.0158167  -1.68657 0.0425326 0.335116 0.0060834 0.941197
1311878207.775512   1.08187 0.0185296   -1.6942 0.0435898 0.336273 0.00661364 0.940732
1311878207.806360   1.07273 0.0219219  -1.70357 0.0437495 0.337579 0.00681865 0.940255
1311878207.843730   1.06507 0.0208569  -1.70922 0.043458 0.338984 0.00829796 0.939751
1311878207.876201   1.05838 0.0238026  -1.71798 0.0432592 0.339625 0.00834799 0.939529
1311878207.906310   1.04854 0.0247466  -1.73001 0.0425796 0.33951 0.00916985 0.939593
1311878207.943993   1.04188 0.0269961  -1.74024 0.0417507 0.338405 0.00908092 0.94003
1311878207.975923   1.03481 0.0278936  -1.73915 0.0405809 0.338716 0.00937248 0.939966
1311878208.006370   1.02327 0.0327497  -1.75373 0.0413041 0.337827 0.00890573 0.940259
1311878208.046120   1.01302 0.0341828  -1.75957 0.0404507 0.337078 0.00840528 0.94057
1311878208.074510   1.00571 0.0342673  -1.76463 0.0392661 0.335385 0.00819585 0.941227
1311878208.106489   1.00119 0.0362596  -1.77274 0.0391163 0.332337 0.00804352 0.942315
1311878208.145419  0.994848 0.0333646   -1.7802 0.0382206 0.329206 0.00906013 0.943441
1311878208.174622  0.989882 0.0361313  -1.79127 0.0380679 0.324768 0.00992078 0.944975
1311878208.206761  0.985686 0.0400056  -1.79239 0.0382895 0.32104 0.00916642 0.946247
1311878208.245251  0.982261 0.0433317  -1.80375 0.0369789 0.31531 0.00847622 0.94823
1311878208.274405  0.978025 0.0419602   -1.8104 0.0366951 0.310375 0.00905569 0.949862
1311878208.306352  0.972506 0.0415504  -1.81815 0.0358974 0.305381 0.00894738 0.951511
1311878208.342505  0.97016  0.04352 -1.82637 0.0351894 0.298586 0.00896144 0.953692
1311878208.375134  0.965341 0.0500329  -1.82725 0.0363633 0.29363 0.00693813 0.955202
1311878208.406517  0.965457 0.0482197  -1.84214 0.0351509 0.285541 0.00701749 0.957696
1311878208.442454  0.958412 0.0479754  -1.84825 0.0346369 0.279291 0.00711494 0.959555
1311878208.474738  0.951437 0.0390674  -1.85901 0.0316054 0.272798 0.00889375 0.961511
1311878208.508484  0.948382 0.0417171   -1.8669 0.0317266 0.266301 0.0074819 0.963339
1311878208.542428  0.944709 0.0413058    -1.875 0.0310121 0.260124 0.0076609 0.965047
1311878208.574565  0.936648 0.0356492  -1.88378 0.0299756 0.254367 0.00907773 0.9666
1311878208.607020  0.933821 0.0354262  -1.89226 0.0298757 0.247891 0.0081628 0.968293
1311878208.647008  0.927706 0.0346087  -1.90244 0.0275505 0.241184 0.00773203 0.970058
1311878208.675637 0.921311 0.035182 -1.90926 0.0277897 0.23483 0.00720888 0.971612
1311878208.708205    0.9179 0.0299427  -1.92056 0.025682 0.228112 0.00775314 0.973265
1311878208.742303    0.9165 0.0300369  -1.93046 0.0254438 0.220883 0.00821815 0.974934
1311878208.774910  0.914849 0.0289578  -1.93981 0.025439 0.214135 0.00872485 0.976434
1311878208.807627  0.913699 0.0280446  -1.95137 0.0247841 0.206907 0.00904853 0.978005
1311878208.842557  0.908344 0.0296685  -1.96156 0.025138 0.200584 0.00840974 0.979318
1311878208.874663  0.905121 0.0344761  -1.97247 0.0266765 0.193963 0.00686166 0.980622
1311878208.906621  0.900008 0.0302884  -1.98262 0.023356 0.187432 0.00704685 0.981975
1311878208.942420 0.899947 0.033794 -1.98966 0.0242406 0.179947 0.00551451 0.983362
1311878208.975866  0.896015 0.0269158  -2.00176 0.0203751 0.173296 0.00578357 0.984642
1311878209.006512  0.894422 0.0307422  -2.00879 0.0208991 0.166789 0.00280169 0.985767
1311878209.045198  0.889967 0.0330676  -2.02203 0.02023 0.160683 0.00150143 0.986798
1311878209.074457  0.888053 0.0355899  -2.03022 0.0199624 0.153714 8.15379e-05 0.987914
1311878209.105912  0.883358 0.0359695  -2.04067 0.0194989 0.14674 -0.00146229 0.988982
1311878209.147271  0.877807 0.0292748  -2.05324 0.0174183 0.14076 7.59911e-05 0.989891
1311878209.174682  0.876409 0.0323414  -2.06193 0.0184315 0.134113 -0.00135726 0.990794
1311878209.205844  0.869158 0.0347467  -2.07175 0.017675 0.12878 -0.00205148 0.991514
1311878209.242533  0.872128 0.0321087  -2.08376 0.0156837 0.120059 -0.00363107 0.992636
1311878209.274689  0.870609 0.0366789  -2.09516 0.0156027 0.113133 -0.00509942 0.993444
1311878209.314053  0.862565 0.0325441  -2.10205 0.0127448 0.108889 -0.00492694 0.99396
1311878209.342531  0.864746 0.0396334  -2.11204 0.0137151 0.100442 -0.00633511 0.994828
1311878209.377351  0.866542 0.0369782  -2.12348 0.0123648 0.0920299 -0.00738134 0.995652
1311878209.410848  0.863438 0.0343869  -2.13512 0.0114759 0.0856723 -0.00726254 0.996231
1311878209.443029  0.865699 0.0361802   -2.1477 0.0109024 0.0772341 -0.00866076 0.996916
1311878209.475616  0.864944 0.0404346  -2.15834 0.0121633 0.0702329 -0.0100658 0.997406
1311878209.510446  0.865186 0.0354263  -2.17041 0.010327 0.0631462 -0.0112256 0.997888
1311878209.542609  0.858802 0.0447991   -2.1779 0.0132613 0.0581956 -0.0106332 0.99816
1311878209.574684  0.852819 0.0450241  -2.18886 0.0123011 0.0523591 -0.0125569 0.998474
1311878209.610662  0.856355 0.0352826  -2.20255 0.00693675 0.0432807 -0.0130177 0.998954
1311878209.643243 0.855651 0.043346 -2.21355 0.00936443 0.0356882 -0.0133755 0.99923
1311878209.674355  0.851188 0.0263775  -2.22443 0.00170534 0.0313844 -0.014715 0.999398
1311878209.711947  0.851814 0.0295733  -2.23344 0.00221523 0.0247398 -0.0139501 0.999594
1311878209.742604  0.847202 0.0234751  -2.24519 0.000769169 0.0196056 -0.0159184 0.999681
1311878209.774248  0.852383 0.0264586  -2.25346 0.00105141 0.0124342 -0.0157037 0.999799
1311878209.810498  0.846795 0.0226545  -2.26319 0.000381 0.00826809 -0.0167213 0.999826
1311878209.842596 0.847883  0.02412 -2.26983 -0.00142567 0.00390139 -0.0180007 0.999829
1311878209.874230  0.842553 0.0213543   -2.2757 -0.00157042 0.00487774 -0.0194913 0.999797
1311878209.910397 0.846974 0.020754  -2.2814 0.000780312 0.00497987 -0.0184927 0.999816
1311878209.942622  0.839736 0.0228324  -2.28952 0.00206166 0.00949255 -0.0162883 0.99982
1311878209.974645  0.842935 0.0259424  -2.29537 0.00256173 0.00853903 -0.0164125 0.999826
1311878210.010438  0.845111 0.0282669  -2.29916 0.00298958 0.00816525 -0.0171819 0.999815
1311878210.042541  0.845922 0.0283251   -2.3035 0.00382177 0.00906347 -0.017381 0.999801
1311878210.074306  0.843356 0.0339983  -2.30632 0.00511001 0.0102968 -0.0175761 0.999779
1311878210.110443  0.846151 0.0358434  -2.30728 0.00569107 0.00907914 -0.0189789 0.999762
1311878210.142208  0.846399 0.0309512  -2.30823 0.00347938 0.00980562 -0.01887 0.999768
1311878210.174309 0.847219 0.032991 -2.30861 0.00411632 0.00975382 -0.0180757 0.999781
1311878210.212859  0.846201 0.0342667  -2.30827 0.00401063 0.00987211 -0.0177448 0.999786
1311878210.242548  0.844235 0.0370032  -2.30548 0.00494484 0.0109158 -0.0179312 0.999767
1311878210.274577 0.844063 0.036891 -2.30587 0.0048683 0.0116981 -0.0182663 0.999753
1311878210.310598  0.845017 0.0386763  -2.30327 0.00598633 0.0127099 -0.0187036 0.999726
1311878210.345963  0.850717 0.0384954  -2.30128 0.00628339 0.0123876 -0.0198519 0.999706
1311878210.373736 0.849845 0.041503 -2.29838 0.00932704 0.0150045 -0.0194436 0.999655
1311878210.410604   0.84809 0.0425898  -2.29748 0.0117128 0.0175539 -0.0195341 0.999586
1311878210.445005  0.847961 0.0431312  -2.29506 0.0119787 0.0198353 -0.0193088 0.999545
1311878210.473703  0.848742 0.0469901   -2.2895 0.0136057 0.0219947 -0.0192644 0.99948
1311878210.513259 0.845726 0.046263 -2.28399 0.0127454 0.0259347 -0.0193128 0.999396
1311878210.542619  0.848333 0.0471013  -2.27409 0.012625 0.0281124 -0.0199684 0.999326
1311878210.573923  0.846886 0.0456424   -2.2668 0.0109884 0.0320426 -0.0199692 0.999227
1311878210.611041  0.842307 0.0442139  -2.25564 0.0106664 0.0366886 -0.0190345 0.999089
1311878210.643915  0.841864 0.0429939  -2.24698 0.0108937 0.0399013 -0.018795 0.998967
1311878210.673789  0.843746 0.0445596  -2.23657 0.0115117 0.0420731 -0.0185056 0.998877
1311878210.711975  0.845344 0.0438617  -2.22596 0.00969412 0.0439117 -0.0182927 0.998821
1311878210.742085  0.850016 0.0416054  -2.21437 0.00708142 0.0454397 -0.0175716 0.998787
1311878210.773875  0.849253 0.0355328  -2.20551 0.00462026 0.0478795 -0.0171391 0.998695
1311878210.810359  0.845348 0.0347002  -2.19773 0.00373277 0.0511873 -0.0170029 0.998537
1311878210.845242  0.843877 0.0360413  -2.18478 0.00471652 0.0563001 -0.0183196 0.998235
1311878210.873711  0.847791 0.0281552   -2.1736 0.00725226 0.0614089 -0.0181692 0.997921
1311878210.912014  0.836972 0.0062406  -2.16808 0.00662477 0.0699605 -0.0107151 0.99747
1311878210.942510  0.841481 0.0171633  -2.16348 0.00956843 0.0702725 -0.00940485 0.997438
1311878210.973963    0.8373 0.0185683  -2.14925 0.0107851 0.0744852 -0.00891621 0.997124
1311878211.010316  0.840883 0.0203973  -2.13684 0.0109268 0.0764288 -0.00690493 0.996991
1311878211.044346  0.839622 0.0191847  -2.12645 0.010649 0.0790835 -0.00597586 0.996793
1311878211.073872  0.840854 0.0100293  -2.11855 0.00697569 0.0808258 -0.0047308 0.996693
1311878211.110659   0.845312 0.00137354   -2.10957 0.00438742 0.0811615 -0.00369343 0.996684
1311878211.142757    0.846237 -0.00291162    -2.09772 0.00342504 0.0845731 -0.00400189 0.996403
1311878211.173849     0.850761 -0.000908152     -2.08877 0.00665876 0.0864928 -0.00382757 0.996223
1311878211.211868    0.849789 -0.00385312    -2.07701 0.0067399 0.0910166 -0.00300059 0.995822
1311878211.242563    0.857475 -0.00404517      -2.069 0.00806315 0.0914979 -0.00296898 0.995768
1311878211.273802     0.85712 -0.00594288    -2.05875 0.00836783 0.0955289 -0.0011538 0.995391
1311878211.312296     0.85814 -0.00621913    -2.04921 0.0087302 0.0980763 0.000444036 0.995141
1311878211.342385   0.863986 -0.0086804   -2.04194 0.00807565 0.0984336 0.00147299 0.99511
1311878211.373888    0.874998 -0.00822593    -2.03413 0.00844595 0.0967644 0.00145605 0.99527
1311878211.410528    0.876145 -0.00923997    -2.02597 0.00750949 0.0982878 0.000839967 0.995129
1311878211.442793    0.882785 -0.00871627    -2.01552 0.0074658 0.0987326 0.000232418 0.995086
1311878211.473798   0.885313 -0.0129402   -2.00336 0.00514051 0.101089 0.000713124 0.994864
1311878211.510484   0.885978 -0.0142636    -1.9928 0.00595033 0.103227 0.00109341 0.994639
1311878211.541947   0.897282 -0.0186058   -1.98627 0.00592492 0.10202 0.00118274 0.994764
1311878211.573701   0.895497 -0.0247974   -1.97372 0.00546106 0.105567 0.0024393 0.994394
1311878211.610406   0.895856 -0.0250208   -1.96405 0.00658922 0.107625 0.00398314 0.994162
1311878211.641799   0.895422 -0.0308947   -1.95502 0.00509736 0.109375 0.00521003 0.993974
1311878211.673851   0.896936 -0.0299828   -1.94371 0.00639396 0.110938 0.00514387 0.993793
1311878211.710950   0.902121 -0.0300685   -1.93227 0.0069208 0.111587 0.00529939 0.993716
1311878211.741811   0.906551 -0.0345271   -1.92253 0.0067561 0.112295 0.00622135 0.993632
1311878211.773934   0.911268 -0.0318044   -1.91254 0.00728648 0.113284 0.00604021 0.993518
1311878211.810307   0.910554 -0.0311953   -1.90419 0.00764924 0.115173 0.00525578 0.993302
1311878211.841878  0.912734 -0.037229  -1.89492 0.00598107 0.116679 0.00725303 0.993125
1311878211.873870    0.91528 -0.0355988   -1.88343 0.00581359 0.118337 0.00694802 0.992932
1311878211.910785   0.916761 -0.0325022   -1.86941 0.00556891 0.120719 0.00708602 0.992646
1311878211.942015   0.914611 -0.0316577   -1.85935 0.00423515 0.12324 0.00719593 0.992342
1311878211.973829   0.923724 -0.0295333   -1.84956 0.00289694 0.122525 0.00742299 0.992433
1311878212.010605   0.924155 -0.0328751   -1.84228 0.00113591 0.123072 0.00796352 0.992365
1311878212.041796   0.928839 -0.0307267   -1.83106 0.00303212 0.123976 0.00684661 0.992257
1311878212.073994   0.934655 -0.0316781   -1.82616 0.00519471 0.12422 0.00706277 0.992216
1311878212.113665  0.933929 -0.032697  -1.81775 0.00681646 0.125759 0.00662451 0.992015
1311878212.141856   0.937482 -0.0308709   -1.80865 0.0107411 0.126662 0.00621566 0.991868
1311878212.173798   0.939362 -0.0306823   -1.79959 0.0126637 0.128284 0.0061653 0.991637
1311878212.210466   0.941387 -0.0335355   -1.79621 0.0120714 0.128498 0.00639755 0.991616
1311878212.241720   0.946341 -0.0271469   -1.78744 0.0138068 0.12867 0.00455149 0.991581
1311878212.273807   0.952475 -0.0274303   -1.77766 0.0138247 0.128578 0.00499132 0.991591
1311878212.312379   0.948149 -0.0333028   -1.76614 0.0123479 0.131397 0.0055298 0.991237
1311878212.341926   0.955091 -0.0354741   -1.76226 0.0120615 0.130417 0.0055614 0.99137
1311878212.373799  0.958407 -0.035343   -1.7502 0.0125022 0.131286 0.00523448 0.991252
1311878212.412007   0.958251 -0.0342698   -1.74112 0.0122133 0.132665 0.00518984 0.991072
1311878212.441886   0.963226 -0.0358289    -1.7322 0.0103423 0.133089 0.00544422 0.991035
1311878212.474419   0.965389 -0.0364171    -1.7251 0.00978272 0.133523 0.00462804 0.990987
1311878212.510702   0.966525 -0.0415589   -1.71543 0.00931447 0.134889 0.00475394 0.990805
1311878212.541733   0.966509 -0.0420756   -1.70974 0.0103847 0.136809 0.00430672 0.990534
1311878212.573940   0.970147 -0.0419263   -1.70544 0.0117215 0.137704 0.00472275 0.990393
1311878212.610848   0.969222 -0.0454311   -1.70083 0.011586 0.139187 0.00487456 0.990186
1311878212.641790   0.973469 -0.0446168     -1.692 0.013399 0.140061 0.00494184 0.99004
1311878212.673658   0.976994 -0.0478181   -1.68391 0.013728 0.14119 0.00568389 0.989871
1311878212.710652   0.971792 -0.0511248   -1.67504 0.0135852 0.144531 0.00648696 0.989386
1311878212.741742   0.972333 -0.0543289   -1.67139 0.0120256 0.145756 0.00752611 0.989219
1311878212.773905   0.974163 -0.0591448   -1.65991 0.0109336 0.14708 0.00859029 0.989027
1311878212.809772    0.97541 -0.0764579   -1.65926 0.00619136 0.14736 0.0110606 0.989002
1311878212.841879   0.983524 -0.0866556   -1.64589 -0.0142948 0.147018 0.0170544 0.988884
1311878212.873844  0.995553 -0.139103  -1.64965 -0.0340576 0.142659 0.0230314 0.988918
1311878212.909886  0.986263 -0.136146  -1.64873 -0.0184817 0.147473 0.0196508 0.988698
1311878212.941693  0.991218 -0.125668  -1.65389 -0.00682163 0.148036 0.0214726 0.988725
1311878212.973909  0.989775 -0.125959  -1.65757 -0.00500193 0.14653 0.0204855 0.988981
1311878213.010031  0.988039 -0.130816  -1.65989 -0.00156449 0.146099 0.021133 0.989043
1311878213.041743  0.987394 -0.130211  -1.65963 0.00583324 0.148182 0.0198965 0.988743
1311878213.073870  0.989731 -0.125354  -1.67007 0.0079214 0.146155 0.0202191 0.989023
1311878213.109979  0.991928 -0.123879    -1.668 0.00747935 0.14383 0.0195762 0.98938
1311878213.141953  0.992527 -0.120352  -1.66633 0.0077189 0.142331 0.0186213 0.989614
1311878213.173831  0.991175 -0.125833  -1.66478 0.00488412 0.142752 0.0193621 0.989557
1311878213.209638  0.995495 -0.123757  -1.66338 0.00416347 0.142201 0.0189925 0.989647
1311878213.241878  0.997459 -0.120298  -1.66178 0.00443621 0.141249 0.0195133 0.989772
1311878213.273741 0.999354 -0.11902 -1.65967 0.0032144 0.138581 0.0191452 0.990161
1311878213.309913  0.998751 -0.120594  -1.65732 0.00180083 0.136067 0.0184467 0.990526
1311878213.341900 0.995765 -0.12324 -1.65681 0.00121152 0.135133 0.0186207 0.990652
1311878213.373870  0.996896 -0.122617  -1.65669 0.00306298 0.1337 0.0182455 0.990849
1311878213.409914  0.996191 -0.120033  -1.65511 0.00522882 0.131722 0.0177705 0.991114
1311878213.441774  0.993199 -0.120895  -1.65913 0.00557085 0.128084 0.0174052 0.991595
1311878213.473805  0.989477 -0.118685  -1.65742 0.00642936 0.124852 0.0165912 0.992016
1311878213.509932  0.993226 -0.119367  -1.65451 0.00600932 0.120025 0.0162155 0.99262
1311878213.541795   0.99443 -0.119913   -1.6524 0.00560875 0.115165 0.0158094 0.993205
1311878213.573876  0.994071 -0.119867   -1.6538 0.00575838 0.109647 0.0156332 0.993831
1311878213.609854  0.994288 -0.120148  -1.65709 0.00505294 0.103297 0.0153556 0.994519
1311878213.641839  0.992785 -0.126063  -1.66101 0.00349975 0.0969258 0.0151508 0.99517
1311878213.673972  0.987831 -0.121634  -1.65887 0.00450583 0.0916537 0.0145549 0.995674
1311878213.709820  0.987569 -0.128093    -1.661 0.00311939 0.0845786 0.0143498 0.996309
1311878213.741797  0.991542 -0.123434  -1.66395 0.00464864 0.0764185 0.0137915 0.99697
1311878213.773740  0.997301 -0.124879  -1.66429 0.0043809 0.0679477 0.0131609 0.997592
1311878213.809950  0.995824 -0.126136  -1.66733 0.00407998 0.0610287 0.0124127 0.99805
1311878213.841818  0.992826 -0.120814  -1.66556 0.00539049 0.0548609 0.0116958 0.998411
1311878213.873790  0.983391 -0.118689  -1.66824 0.00627208 0.0502402 0.0101189 0.998666
1311878213.909867  0.986733 -0.126287  -1.67142 0.00439154 0.0420393 0.0100374 0.999056
1311878213.941939  0.988658 -0.123699  -1.66814 0.00522038 0.0350181 0.00900107 0.999333
1311878213.973732  0.990883 -0.115654  -1.66551 0.00733084 0.0277621 0.00842584 0.999552
1311878214.009791   0.98995 -0.113909  -1.66319 0.0076889 0.0212187 0.0079637 0.999714
1311878214.041766  0.990723 -0.116516   -1.6608 0.00711786 0.0144017 0.00707057 0.999846
1311878214.073933  0.98855 -0.11702   -1.662 0.00701982 0.008489 0.00672312 0.999917
1311878214.109771  0.982107 -0.115668  -1.65951 0.00658978 0.0038275 0.00495949 0.999959
1311878214.141887  0.985583 -0.114183  -1.65873 0.00739814 -0.00342908 0.00498433 0.999954
1311878214.173792   0.97974 -0.116215  -1.65622 0.00672536 -0.00836668 0.00332152 0.999937
1311878214.209865  0.966683 -0.114985  -1.65406 0.00670577 -0.0119736 0.00162283 0.999905
1311878214.241760  0.974207 -0.108976  -1.65128 0.00829436 -0.020726 0.00137728 0.99975
1311878214.273716   0.97957 -0.108635  -1.64801 0.00842789 -0.0289725 0.000610993 0.999544
1311878214.309826  0.973077 -0.108055  -1.64931 0.00793551 -0.0340358 -0.000407979 0.999389
1311878214.341906  0.971572 -0.104073  -1.64503 0.00888569 -0.0401709 -0.000952294 0.999153
1311878214.373786  0.969171 -0.107239  -1.64447 0.00772035 -0.0459781 -0.00151867 0.998911
1311878214.409783 0.967528 -0.10999 -1.64782 0.00700282 -0.0520687 -0.00239228 0.998616
1311878214.441904 0.961345 -0.11546 -1.64548 0.00559334 -0.0572375 -0.00408462 0.998337
1311878214.473809  0.961887 -0.115686  -1.64413 0.00572711 -0.0640535 -0.00495045 0.997918
1311878214.509844  0.965027 -0.113403  -1.64046 0.00667734 -0.0718792 -0.00561811 0.997375
1311878214.541647  0.959657 -0.113101  -1.64384 0.0068978 -0.0770289 -0.00643762 0.996984
1311878214.573861  0.955966 -0.114915  -1.64119 0.00609026 -0.0830843 -0.00731384 0.996497
1311878214.609970  0.953312 -0.115756  -1.63792 0.00574725 -0.0895701 -0.00853466 0.995927
1311878214.641804  0.946489 -0.117796  -1.63685 0.00499827 -0.0948981 -0.00995959 0.995425
1311878214.673723  0.949738 -0.118463  -1.63562 0.0047153 -0.102596 -0.0106212 0.994655
1311878214.709929  0.945877 -0.118535  -1.63482 0.0047437 -0.108218 -0.0114975 0.994049
1311878214.741783  0.947145 -0.121332  -1.63265 0.00361225 -0.115433 -0.0126447 0.993228
1311878214.773890  0.951571 -0.119417  -1.63223 0.00425948 -0.123239 -0.0128431 0.992285
1311878214.809762  0.950483 -0.121114  -1.63395 0.00395028 -0.129644 -0.0140761 0.991453
1311878214.841878  0.949121 -0.122063  -1.63269 0.00378666 -0.136165 -0.0150561 0.990565
1311878214.873909  0.949011 -0.124495   -1.6311 0.00335655 -0.142815 -0.0163582 0.989609
1311878214.909753  0.947115 -0.124749  -1.63507 0.00315378 -0.148671 -0.0168502 0.988738
1311878214.941759  0.948647 -0.123184  -1.63635 0.00326612 -0.155305 -0.0172846 0.98771
1311878214.973947  0.947161 -0.124993  -1.63733 0.00279324 -0.161532 -0.0185753 0.986689
1311878215.009940  0.945653 -0.121951  -1.63788 0.00351811 -0.167844 -0.0188335 0.985627
1311878215.041764 0.944699 -0.12253 -1.63745 0.00339482 -0.174243 -0.0194554 0.984505
1311878215.073823   0.94211 -0.125785  -1.63425 0.00269059 -0.180248 -0.0205705 0.983402
1311878215.109746  0.941379 -0.124311   -1.6367 0.00368674 -0.186145 -0.0211967 0.982287
1311878215.141906 0.936117 -0.12778 -1.63788 0.00265031 -0.191496 -0.022961 0.981221
1311878215.173831  0.940971 -0.127056  -1.63932 0.00280533 -0.19893 -0.0236115 0.979725
1311878215.209799  0.938336 -0.129294  -1.64091 0.00224437 -0.204674 -0.025051 0.978507
1311878215.241746  0.934534 -0.129662  -1.63956 0.00209967 -0.210609 -0.0261408 0.977219
1311878215.273867   0.93557 -0.132454   -1.6411 0.00146722 -0.217317 -0.0273545 0.975717
1311878215.309933 0.937606 -0.13052 -1.64131 0.00167876 -0.224414 -0.0276286 0.974101
1311878215.341648  0.934598 -0.132947   -1.6388 0.000629778 -0.230506 -0.0290807 0.972636
1311878215.373858  0.930688 -0.138579  -1.63589 -0.00114016 -0.236666 -0.0306373 0.971107
1311878215.409813  0.930702 -0.140097  -1.63878 -0.00244472 -0.242526 -0.0317834 0.969621
1311878215.441876  0.933207 -0.138451  -1.63911 -0.00363212 -0.249394 -0.0322726 0.967857
1311878215.473758  0.930331 -0.140935  -1.63628 -0.00548656 -0.255498 -0.0340598 0.966194
1311878215.509898  0.930805 -0.143455  -1.63507 -0.00637564 -0.261642 -0.0343946 0.964531
1311878215.541671   0.93291 -0.140764  -1.63769 -0.0047924 -0.267791 -0.0342765 0.962855
1311878215.573843  0.937101 -0.138316  -1.64445 -0.00548459 -0.272791 -0.0359145 0.961387
1311878215.609626  0.937926 -0.138255  -1.64475 -0.00805275 -0.277873 -0.0365347 0.959889
1311878215.641831  0.942326 -0.137662  -1.64457 -0.00938079 -0.28389 -0.0370885 0.958093
1311878215.673938  0.941024 -0.137491  -1.65084 -0.00960873 -0.288291 -0.0386987 0.956712
1311878215.709770  0.944218 -0.137372  -1.65735 -0.010054 -0.294068 -0.039012 0.954935
1311878215.741795  0.942214 -0.137742   -1.6686 -0.0101844 -0.298454 -0.0415971 0.953463
1311878215.773796 0.944966 -0.13856  -1.6764 -0.0110241 -0.303534 -0.0426985 0.951799
1311878215.809889  0.951775 -0.140058  -1.68628 -0.011981 -0.308812 -0.0432875 0.950062
1311878215.841771  0.953658 -0.138201  -1.69217 -0.012016 -0.313935 -0.0435624 0.948369
1311878215.873690  0.956437 -0.139499  -1.70332 -0.0127251 -0.319003 -0.0444891 0.946624
1311878215.909920  0.961203 -0.140705  -1.70857 -0.0135659 -0.324596 -0.0452035 0.944675
1311878215.941890  0.965632 -0.140258  -1.71795 -0.0120738 -0.329435 -0.0453612 0.943011
1311878215.973767  0.976486 -0.140101  -1.72521 -0.0109971 -0.334952 -0.0450044 0.941096
1311878216.009878  0.987336 -0.139692  -1.73444 -0.0100395 -0.3396 -0.0445264 0.939462
1311878216.041788  0.985159 -0.141904  -1.74249 -0.0102175 -0.342691 -0.0452493 0.938302
1311878216.073726  0.996875 -0.139372  -1.75029 -0.0076972 -0.347686 -0.0445774 0.936519
1311878216.109912   1.00909 -0.138965  -1.76186 -0.00792865 -0.350209 -0.0450411 0.935555
1311878216.141916   1.02358 -0.137473  -1.77215 -0.0101196 -0.351561 -0.0440836 0.935072
1311878216.173876  1.02287 -0.14039 -1.77258 -0.0105358 -0.352423 -0.0442359 0.934735
1311878216.209939   1.03116 -0.137561  -1.77864 -0.0065034 -0.351763 -0.0433375 0.935063
1311878216.241760   1.03494 -0.136909  -1.79601 -0.00678632 -0.348114 -0.0448485 0.936354
1311878216.273831   1.04594 -0.138682  -1.80015 -0.0070919 -0.349816 -0.0449757 0.935711
1311878216.309943   1.04845 -0.138273   -1.8073 -0.00754064 -0.347283 -0.0460255 0.9366
1311878216.341703   1.05292 -0.136289  -1.81247 -0.0063744 -0.346524 -0.0457233 0.936904
1311878216.373846   1.06244 -0.134702  -1.82045 -0.00729751 -0.346451 -0.0457202 0.936925
1311878216.409755  1.06761 -0.13398 -1.82683 -0.00714247 -0.345838 -0.0457255 0.937152
1311878216.441672   1.07771 -0.132338  -1.83579 -0.00681195 -0.345142 -0.045421 0.937426
1311878216.473831   1.07967 -0.135775  -1.84232 -0.00810733 -0.343737 -0.0460191 0.937902
1311878216.509877   1.09205 -0.130127  -1.85266 -0.00606275 -0.343274 -0.0453752 0.938119
1311878216.541707  1.08951 -0.13417 -1.85575 -0.00736752 -0.34117 -0.0459262 0.93885
1311878216.573787   1.10279 -0.130809  -1.86773 -0.00585059 -0.340428 -0.0455205 0.93915
1311878216.609827   1.10863 -0.131852  -1.87492 -0.00786187 -0.338874 -0.0457107 0.939688
1311878216.641753   1.11245 -0.130457  -1.88021 -0.00762425 -0.338 -0.0456349 0.940008
1311878216.673916   1.12085 -0.130019  -1.89003 -0.00929638 -0.336326 -0.0462423 0.940564
1311878216.709851   1.12012 -0.134099  -1.89244 -0.0105827 -0.335305 -0.0463434 0.940909
1311878216.741697    1.1299 -0.128647  -1.90214 -0.00961149 -0.332564 -0.0461059 0.941904
1311878216.773878   1.13454 -0.128438  -1.91103 -0.0105238 -0.329561 -0.0461301 0.942948
1311878216.809634   1.13714 -0.131275   -1.9123 -0.0100112 -0.3283 -0.0444206 0.943475
1311878216.841606   1.15028 -0.126542  -1.92359 -0.0080966 -0.325435 -0.0439795 0.944506
1311878216.873651   1.15305 -0.125592  -1.93013 -0.00672729 -0.323168 -0.0427745 0.945351
1311878216.909702   1.16825 -0.121186  -1.94099 -0.00541288 -0.321801 -0.0426952 0.945829
1311878216.941778   1.17043 -0.120695  -1.94554 -0.00473747 -0.319287 -0.0419822 0.946716
1311878216.973870   1.18395 -0.116896  -1.96004 -0.00531724 -0.316982 -0.0418117 0.947495
1311878217.009695    1.1853 -0.121144  -1.95716 -0.00589168 -0.316058 -0.0404243 0.94786
1311878217.041705   1.19545 -0.115091  -1.96968 -0.00523545 -0.312671 -0.0396229 0.94902
1311878217.073682   1.19596 -0.117938   -1.9753 -0.00573333 -0.310387 -0.0398621 0.949757
1311878217.109753   1.20462 -0.116871    -1.985 -0.00553986 -0.308204 -0.0397423 0.950474
1311878217.141744   1.20826 -0.116902  -1.99372 -0.00583344 -0.30526 -0.0396391 0.951426
1311878217.173640  1.21462 -0.11441 -2.00622 -0.00404072 -0.302369 -0.0397474 0.952353
1311878217.209717   1.21989 -0.114234  -2.01766 -0.00467387 -0.29884 -0.0392968 0.953482
1311878217.241786     1.227 -0.112223  -2.02252 -0.00297525 -0.297459 -0.0377496 0.953983
1311878217.273557   1.23718 -0.111481  -2.03525 -0.00424353 -0.294848 -0.0377049 0.954791
1311878217.309731   1.23994 -0.111833  -2.04001 -0.00417541 -0.29259 -0.0371373 0.955508
1311878217.341554  1.24544 -0.11065 -2.05186 -0.00516562 -0.289344 -0.037775 0.956466
1311878217.373713   1.24774 -0.110888  -2.05861 -0.00497056 -0.286997 -0.0379493 0.957166
1311878217.409642    1.2526 -0.109105  -2.07388 -0.00630391 -0.283746 -0.0386461 0.9581
1311878217.441787   1.25823 -0.109646  -2.07934 -0.00653615 -0.282657 -0.0383759 0.958431
1311878217.473597   1.26513 -0.109707  -2.09024 -0.00811937 -0.280306 -0.038546 0.959102
1311878217.509569   1.26816 -0.109571  -2.09562 -0.00647123 -0.279073 -0.0381718 0.959489
1311878217.541665   1.27092 -0.111186  -2.10501 -0.00758299 -0.276812 -0.0390061 0.960102
1311878217.573789   1.27874 -0.108144  -2.11553 -0.00615515 -0.275936 -0.0386029 0.960381
1311878217.609749   1.28372 -0.108126  -2.12373 -0.00599457 -0.274343 -0.038449 0.960844
1311878217.641670   1.29255 -0.105522  -2.13391 -0.00543226 -0.273352 -0.03797 0.961149
1311878217.673769   1.29512 -0.106855  -2.13955 -0.00662752 -0.271555 -0.037927 0.961652
1311878217.709813   1.29731 -0.106382  -2.14767 -0.00690275 -0.270614 -0.0378545 0.961919
1311878217.741561   1.30677 -0.101436  -2.16156 -0.00703828 -0.271083 -0.0373912 0.961804
1311878217.774015   1.30758 -0.105478  -2.16618 -0.0089243 -0.271886 -0.0380448 0.961536
1311878217.809728    1.31953 -0.0975733   -2.17404 -0.00577923 -0.272672 -0.0369216 0.961381
1311878217.841864  1.34144  -0.1089 -2.18989 -0.0205862 -0.274412 -0.0389052 0.960604
1311878217.873734  1.33326  -0.1097 -2.17884 -0.017584 -0.276673 -0.0381827 0.960044
1311878217.909873   1.33923 -0.105274   -2.1868 -0.0129105 -0.275066 -0.036475 0.960647
1311878217.941920   1.34435 -0.106068  -2.20077 -0.0127291 -0.274581 -0.0362923 0.960795
1311878217.973803    1.3505 -0.107885  -2.20622 -0.0112614 -0.276486 -0.0372116 0.960231
1311878218.009675   1.35791 -0.108145   -2.2149 -0.00950338 -0.27629 -0.0366281 0.960329
1311878218.041647   1.36054 -0.105411  -2.22837 -0.00848804 -0.274908 -0.0376111 0.960697
1311878218.073714    1.3664 -0.106242  -2.23469 -0.00852336 -0.276042 -0.0371498 0.96039
1311878218.109647   1.37525 -0.102312  -2.24724 -0.00793535 -0.27591 -0.036788 0.960446
1311878218.141742    1.3763 -0.105391  -2.25413 -0.00961371 -0.27574 -0.0377527 0.960443
1311878218.173737   1.38268 -0.100663  -2.26372 -0.00756443 -0.275689 -0.0376295 0.96048
1311878218.209713    1.38953 -0.0976453   -2.27771 -0.00952497 -0.275386 -0.03811 0.960531
1311878218.241661   1.38728 -0.096908  -2.27652 -0.0093646 -0.276569 -0.0389882 0.960157
1311878218.273543    1.40039 -0.0915766   -2.28618 -0.00876339 -0.27662 -0.0384566 0.96017
1311878218.309700   1.39729 -0.099499  -2.28951 -0.0103241 -0.276315 -0.0393015 0.960208
1311878218.341740     1.4149 -0.0894188   -2.30642 -0.00671458 -0.276865 -0.0392291 0.960084
1311878218.377606    1.40912 -0.0942765    -2.3128 -0.0103789 -0.275191 -0.0411408 0.960453
1311878218.409796    1.41602 -0.0942688   -2.31953 -0.00908579 -0.276566 -0.0410728 0.960074
1311878218.441569    1.42234 -0.0911706   -2.33113 -0.0090928 -0.275406 -0.0407331 0.960422
1311878218.477792    1.42332 -0.0923447   -2.33384 -0.0101945 -0.276007 -0.0409398 0.960229
1311878218.509755    1.43104 -0.0906786   -2.34084 -0.0101354 -0.276621 -0.040652 0.960065
1311878218.541871    1.43923 -0.0893217   -2.34994 -0.00982663 -0.276764 -0.0395513 0.960073
1311878218.577854    1.44513 -0.0876238   -2.36049 -0.00992979 -0.277086 -0.0393422 0.959988
1311878218.609840    1.45315 -0.0866664   -2.36682 -0.00948586 -0.27813 -0.0393125 0.959692
1311878218.641686    1.46193 -0.0844792   -2.37787 -0.00952175 -0.278405 -0.0390544 0.959622
1311878218.677705    1.46464 -0.0846555   -2.38562 -0.0100392 -0.278102 -0.0395554 0.959684
1311878218.709726    1.46778 -0.0830128   -2.38965 -0.0099285 -0.278152 -0.0397504 0.959663
1311878218.741617   1.47366 -0.081253  -2.40004 -0.00965793 -0.277997 -0.0397018 0.959712
1311878218.777806    1.47953 -0.0789487   -2.41296 -0.0091796 -0.277564 -0.039714 0.959842
1311878218.809542     1.4871 -0.0796035   -2.42054 -0.00999618 -0.277868 -0.0396186 0.95975
1311878218.841618    1.49529 -0.0782448   -2.42967 -0.00979543 -0.278477 -0.0391898 0.959593
1311878218.877712    1.49959 -0.0809271   -2.43625 -0.0127202 -0.278507 -0.0390077 0.959558
1311878218.909733    1.50809 -0.0769434   -2.43925 -0.00955629 -0.279985 -0.0375684 0.959221
1311878218.941829    1.51317 -0.0743079   -2.45481 -0.0121125 -0.278432 -0.0379331 0.95963
1311878218.977634    1.51062 -0.0750916   -2.45874 -0.0136966 -0.278995 -0.0384778 0.959424
1311878219.009803    1.51506 -0.0771448   -2.46279 -0.0117539 -0.279141 -0.0391476 0.95938
1311878219.041770    1.51928 -0.0775873    -2.4751 -0.0109317 -0.277287 -0.0391017 0.959929
1311878219.077736    1.52054 -0.0733105   -2.48379 -0.00756618 -0.278012 -0.0388479 0.959762
1311878219.109673     1.5284 -0.0692222   -2.50284 -0.0144909 -0.277595 -0.0405293 0.959734
1311878219.141625    1.52477 -0.0803333   -2.49193 -0.0183099 -0.278423 -0.0422245 0.959355
1311878219.177662    1.53468 -0.0782014   -2.49876 -0.0140371 -0.277889 -0.0405767 0.959653
1311878219.209613    1.54302 -0.0795914   -2.50826 -0.0121926 -0.277302 -0.0385918 0.95993
1311878219.241670    1.55056 -0.0778449   -2.52505 -0.0125806 -0.277611 -0.0389494 0.959821
1311878219.277665    1.55479 -0.0780316   -2.53062 -0.0127528 -0.278116 -0.0387462 0.959681
1311878219.309753    1.56655 -0.0737313   -2.53894 -0.0124377 -0.27857 -0.0377694 0.959592
1311878219.341619    1.56973 -0.0765882   -2.54463 -0.0127791 -0.279067 -0.0379136 0.959438
1311878219.377636    1.57735 -0.0737468   -2.55836 -0.0114343 -0.279106 -0.0379204 0.959443
1311878219.409694    1.58022 -0.0765582   -2.56245 -0.0113722 -0.279132 -0.0380326 0.959432
1311878219.441814    1.59016 -0.0736397   -2.57796 -0.0109777 -0.278737 -0.0374815 0.959573
1311878219.477714    1.59246 -0.0769073   -2.58147 -0.00972661 -0.279229 -0.037225 0.959453
1311878219.509664    1.60428 -0.0692614   -2.59982 -0.007379 -0.279013 -0.0363303 0.959572
1311878219.541544     1.6085 -0.0655704   -2.60661 -0.00565526 -0.279384 -0.0360512 0.959486
1311878219.577667    1.61559 -0.0657029   -2.61829 -0.00718627 -0.279409 -0.0366706 0.959445
1311878219.609576    1.61813 -0.0607489   -2.62639 -0.00463023 -0.27883 -0.036296 0.959643
1311878219.641570    1.62549 -0.0602077   -2.63707 -0.00656196 -0.278879 -0.0364606 0.959611
1311878219.677610    1.63058 -0.0597172   -2.63862 -0.00648413 -0.28032 -0.0361785 0.959203
1311878219.709647    1.63818 -0.0616105   -2.64627 -0.00859908 -0.280688 -0.0364065 0.95907
1311878219.741752    1.64703 -0.0608239   -2.65416 -0.00817683 -0.281382 -0.0355979 0.9589
1311878219.777655    1.65322 -0.0579729   -2.66517 -0.00791618 -0.280435 -0.0353805 0.959188
1311878219.809654    1.65765 -0.0595217   -2.66949 -0.00810816 -0.28051 -0.0358272 0.959148
1311878219.841554    1.66316 -0.0592907   -2.67957 -0.00808546 -0.280305 -0.0357926 0.959209
1311878219.877536    1.66357 -0.0574552    -2.6881 -0.00522253 -0.279009 -0.0360385 0.959598
1311878219.909754    1.67478 -0.0536905   -2.70428 -0.0062477 -0.279 -0.0372121 0.95955
1311878219.941731    1.67526 -0.0574353    -2.7049 -0.00939215 -0.281091 -0.0365421 0.958939
1311878219.977632    1.69104 -0.0554499    -2.7129 -0.00830688 -0.282713 -0.0361813 0.958486
1311878220.009742    1.69098 -0.0519014   -2.72006 -0.00584022 -0.281128 -0.0334546 0.959069
1311878220.041768    1.70185 -0.0504855    -2.7332 -0.00751123 -0.282103 -0.0341736 0.958746
1311878220.077569    1.70349 -0.0555784   -2.73573 -0.00984688 -0.283674 -0.034652 0.958244
1311878220.109725    1.70783 -0.0542105   -2.74611 -0.00898541 -0.283256 -0.0351562 0.958358
1311878220.141624    1.71823 -0.0555022   -2.75011 -0.00898037 -0.284421 -0.0348875 0.958022
1311878220.177582    1.72289 -0.0536493    -2.7589 -0.00887089 -0.28462 -0.0354556 0.957943
1311878220.209786    1.72268 -0.0574565   -2.76299 -0.00922782 -0.28453 -0.0360817 0.957943
1311878220.241654    1.72398 -0.0529404   -2.77592 -0.00687158 -0.282448 -0.0363798 0.958568
1311878220.277644    1.72986 -0.0530582   -2.78432 -0.00801318 -0.281991 -0.0356216 0.958722
1311878220.309627    1.73868 -0.0510986   -2.79407 -0.00711807 -0.282399 -0.0347593 0.958641
1311878220.341639    1.74089 -0.0496229   -2.79929 -0.00692617 -0.282023 -0.0341611 0.958774
1311878220.377686    1.74628 -0.0483794   -2.80599 -0.008111 -0.282619 -0.0343063 0.958584
1311878220.409587     1.7545 -0.0470561   -2.81067 -0.00856427 -0.283955 -0.0339421 0.958198
1311878220.441607   1.75846 -0.045765   -2.8192 -0.00859247 -0.283878 -0.0337361 0.958228
1311878220.477595    1.76228 -0.0456956    -2.8282 -0.0084728 -0.283649 -0.033962 0.958289
1311878220.509598     1.7694 -0.0424593   -2.83852 -0.00740486 -0.283688 -0.0335968 0.958299
1311878220.541681   1.77291 -0.043444  -2.84499 -0.00835374 -0.283454 -0.0339374 0.958349
1311878220.577783    1.77838 -0.0410318   -2.85139 -0.00835917 -0.283531 -0.0339518 0.958325
1311878220.609645    1.78394 -0.0419911   -2.86082 -0.00982292 -0.283681 -0.0340604 0.958263
1311878220.641733    1.78754 -0.0371584    -2.8707 -0.00778912 -0.283359 -0.0336561 0.958392
1311878220.677712    1.79328 -0.0398075   -2.87645 -0.00835685 -0.283528 -0.0323035 0.958383
1311878220.709579     1.8033 -0.0339732   -2.89035 -0.00819942 -0.283495 -0.0324957 0.958388
1311878221.512952    1.80932 -0.0328127   -2.89656 -0.0120845 -0.285236 -0.0325158 0.957829
1311878223.559318    1.82136 -0.0264303   -2.75526 -0.0136754 -0.279791 -0.0262957 0.959603
1311878223.924035    1.82551 -0.0220842   -2.75807 -0.0172256 -0.248819 -0.0318545 0.967873
1311878224.059577    1.85173 -0.0370036   -2.80869 -0.023262 -0.227516 -0.0305568 0.973017
1311878224.124647     1.8576 -0.0267208    -2.7996 -0.0206745 -0.217377 -0.0314057 0.975363
1311878224.224123    1.86577 -0.0359177   -2.84203 -0.0232981 -0.195581 -0.0309898 0.979921
1311878224.493993     1.8817 -0.0286858   -2.87196 -0.0218051 -0.156271 -0.0261404 0.987127
1311878224.663653     1.9024 -0.0180329   -2.91254 -0.0199049 -0.121053 -0.0212822 0.992218
1311878224.794833    1.90707 -0.0178012   -2.92508 -0.0208366 -0.10151 -0.0196266 0.994423
1311878224.825310    1.90689 -0.0172759   -2.93305 -0.0202919 -0.0949551 -0.0197644 0.995078
1311878224.892771    1.90635 -0.0248446   -2.94087 -0.0229067 -0.082412 -0.0197364 0.99614
1311878224.963696    1.90634 -0.0237862   -2.94813 -0.024237 -0.0694316 -0.018783 0.997115
1311878225.027107    1.90665 -0.0243665   -2.96331 -0.0244765 -0.0562199 -0.0180163 0.997956
1311878225.125090    1.90977 -0.0228244   -2.98853 -0.0240406 -0.0378847 -0.0169353 0.998849
1311878225.260363    1.90898 -0.0158964   -3.01138 -0.0212107 -0.0141258 -0.0142124 0.999574
1311878225.324166    1.90597 -0.0155453   -3.02622 -0.0219504 -0.00232595 -0.013418 0.999666
1311878225.391979    1.90735 -0.0169429   -3.03429 -0.0239706 0.0092726 -0.0109615 0.99961
1311878225.462708    1.90488 -0.0141265    -3.0489 -0.0249668 0.022025 -0.0103392 0.999392
1311878225.492263    1.90965 -0.0144037    -3.0565 -0.0241983 0.0327858 -0.00890095 0.99913
1311878225.563471    1.90683 -0.0150229   -3.06266 -0.0252802 0.0398334 -0.00844456 0.998851
1311878225.627714    1.90569 -0.0142115   -3.07029 -0.0242617 0.0514013 -0.00765307 0.998354
1311878225.763411     1.91036 -0.00703233    -3.09123 -0.0218108 0.0738066 -0.00326704 0.997029
1311878225.829594   1.91253 0.0006119  -3.09744 -0.0201777 0.085046 -0.00271706 0.996169
1311878226.031668     1.92353 -0.00809444    -3.13066 -0.0219032 0.117568 0.00300814 0.992819
1311878226.095460     1.91876 -0.00573216    -3.14375 -0.020362 0.128919 0.00391821 0.991438
1311878226.162311     1.91219 -0.00538271    -3.15854 -0.0201016 0.142018 0.00538123 0.989645
1311878226.363187     1.91194 -0.00442505    -3.19717 -0.0214119 0.174613 0.0111703 0.984341
1311878226.461262    1.90429 0.00712474    -3.2117 -0.0202686 0.193127 0.0116001 0.980896
1311878226.493509     1.89567 -0.00331685    -3.22888 -0.0242019 0.206189 0.0129142 0.978128
1311878226.529308     1.89265 -0.00552911    -3.23726 -0.0229862 0.212053 0.0132252 0.976898
1311878226.560167    1.89017 -0.0029215   -3.24318 -0.0211859 0.218153 0.0128558 0.9756
1311878226.631392     1.88751 -0.00127105    -3.25112 -0.0199928 0.223887 0.0130155 0.974323
1311878226.736227   1.87491 0.0117447   -3.2757 -0.0182903 0.24669 0.015108 0.968804
1311878226.834283    1.86313 0.00467527   -3.29825 -0.0247357 0.262282 0.0183302 0.9645
1311878226.895633    1.86008 0.00122147   -3.30733 -0.0237834 0.267388 0.0190458 0.963107
1311878226.928537    1.8506 0.0023858  -3.32395 -0.0181829 0.278561 0.018597 0.960066
1311878226.999422    1.84197 0.00943649   -3.33526 -0.015937 0.284658 0.0187349 0.958313
1311878227.060348   1.83163 0.0150549  -3.35209 -0.0150988 0.293934 0.0201782 0.955493
1311878227.199384   1.80059 0.0174573  -3.39216 -0.015107 0.310953 0.0220809 0.950049
1311878227.263717    1.7932 0.0156035  -3.39693 -0.0154507 0.314068 0.0227288 0.949003
1311878227.399522   1.76806 0.0243753   -3.4271 -0.0134686 0.321931 0.0236189 0.946373
1311878227.461467   1.76023 0.0241834  -3.43633 -0.0172717 0.325801 0.0251711 0.944945
1311878227.531489   1.73992 0.0171116   -3.4505 -0.0215897 0.331479 0.0272608 0.942821
1311878227.599285   1.73648 0.0288136   -3.4575 -0.0200955 0.335985 0.0270344 0.941265
1311878227.662227   1.72065 0.0224483  -3.47786 -0.0212386 0.342147 0.0292926 0.93895
1311878227.730507   1.72498 0.0357435  -3.47862 -0.0169033 0.342653 0.0262237 0.938944
1311878227.798032   1.70762 0.0343461  -3.49579 -0.0193736 0.348374 0.0277794 0.936744
1311878227.864265   1.69964 0.0426131  -3.50688 -0.0177106 0.357678 0.0279487 0.933259
1311878227.928613    1.6897 0.0320913  -3.52802 -0.020209 0.365298 0.0300762 0.930185
1311878227.960198   1.68447 0.0493686  -3.53999 -0.0157096 0.374179 0.0284822 0.926786
1311878228.127753   1.66173 0.0521864  -3.55209 -0.0158076 0.396277 0.0303582 0.917493
1311878228.267246   1.63344 0.0473206  -3.58416 -0.0180243 0.414971 0.0335214 0.909038
1311878228.336535   1.61286 0.0520298  -3.59909 -0.0182112 0.42926 0.0328689 0.902399
1311878228.364122   1.60661 0.0568537  -3.60742 -0.017615 0.434232 0.0322024 0.900053
1311878228.430182    1.5991 0.0482727  -3.61235 -0.0178771 0.43942 0.0333026 0.897486
1311878228.464393   1.5841 0.057814 -3.61888 -0.014659 0.450554 0.031835 0.892061
1311878228.496242   1.57781 0.0623132  -3.62483 -0.0136686 0.455168 0.0318719 0.88973
1311878228.564940   1.56685 0.0589654  -3.62959 -0.0142996 0.460748 0.0328879 0.886806
1311878228.596493   1.55184 0.0641916  -3.63744 -0.0140478 0.470377 0.0327445 0.881746
1311878228.668063  1.54429 0.058956 -3.64386 -0.0146442 0.474596 0.033746 0.879435
1311878228.929914   1.47825 0.0660359  -3.68133 -0.00967869 0.513569 0.0326461 0.857372
1311878229.030439   1.44396 0.0643419  -3.70123 -0.0075156 0.531578 0.0337086 0.846305
1311878229.067974   1.43654 0.0654758   -3.7062 -0.00605122 0.535879 0.0331627 0.843622
1311878229.132036   1.42481 0.0678276  -3.71018 -0.00526792 0.540314 0.0325302 0.840818
1311878229.267800   1.39621 0.0788136  -3.72055 -0.003312 0.558373 0.0344632 0.828867
1311878229.331925  1.38127 0.080777 -3.72677 -0.00388674 0.566596 0.0360671 0.823197
1311878229.399462   1.36406 0.0807269   -3.7341 -0.00412939 0.574912 0.0373146 0.817353
1311878229.467846   1.34397 0.0819053  -3.74285 -0.00383467 0.583241 0.0377454 0.811413
1311878229.535611   1.32882 0.0854805  -3.74609 -0.00268449 0.591688 0.0373524 0.805296
1311878229.667158    1.3026 0.0926956  -3.75922 2.65413e-05 0.606568 0.0400186 0.794024
1311878229.799977   1.26431 0.0918217  -3.76797 -7.89275e-05 0.622287 0.0419169 0.781666
1311878229.835782  1.25587 0.101448 -3.77055 0.00266122 0.630811 0.0429242 0.774744
1311878229.899491   1.24031 0.0991771  -3.77537 0.00254519 0.634625 0.0449832 0.771506
1311878229.967220  1.23508 0.103669 -3.77505 0.0028 0.642465 0.0452476 0.764973
1311878230.065088   1.2113  0.11155 -3.78679 0.00317082 0.656904 0.0486806 0.752394
1311878230.095934  1.20444 0.111926 -3.78882 0.00306924 0.66035 0.0494445 0.749322
1311878230.167096  1.20898 0.115551 -3.79055 0.00345419 0.663455 0.049605 0.746562
1311878230.195941  1.18721  0.11562 -3.79482 0.00449431 0.6705 0.0518065 0.740085
1311878230.335575  1.21295 0.104162 -3.82503 0.00496853 0.678915 0.0556322 0.732089
1311878230.399102  1.16534 0.101472 -3.81794 0.00562512 0.685768 0.0591706 0.725389
1311878230.467851  1.14929 0.103645   -3.824 0.00682849 0.692503 0.060704 0.718824
1311878230.668362  1.09773 0.108482 -3.83234 0.0116441 0.712947 0.0632329 0.698264
1311878230.804029  1.07189 0.109895 -3.82822 0.0123929 0.726909 0.0644734 0.683589
1311878230.936222  1.03897 0.112536 -3.82732 0.0144761 0.740327 0.0657483 0.668867
1311878231.301358 0.988974 0.136112 -3.86298 0.0163774 0.773875 0.0722217 0.628994
1311878231.333656 0.983281 0.137205 -3.85879 0.0170834 0.775937 0.0751259 0.626087
1311878231.403660 0.976806 0.131213 -3.85032 0.0151427 0.774857 0.0746423 0.627531
1311878231.468097  1.00744 0.181679 -3.91146 0.0141606 0.769616 0.0694273 0.634564
1311878231.535076 0.963691 0.161479 -3.88993 0.00616145 0.769739 0.0733427 0.634101
1311878231.564976 0.964714 0.164204 -3.89081 0.00434331 0.768962 0.0755486 0.6348
1311878231.604811 0.943235 0.150039 -3.88008 0.000861408 0.76777 0.0784983 0.635898
1311878231.633131 0.934201 0.145069 -3.87859 0.00114033 0.767772 0.0767826 0.636104
1311878231.703818 0.929234 0.142162 -3.87194 0.00222035 0.768635 0.074092 0.635378
1311878231.935561 0.890531  0.14519 -3.84818 0.00119401 0.755798 0.0670696 0.65136
1311878231.971381 0.882405  0.14404 -3.84506 0.000651035 0.752357 0.0661469 0.655426
1311878232.001226 0.873582 0.143045 -3.83784 0.000422296 0.748996 0.0652284 0.659356
1311878232.570842 0.796389 0.109214 -3.81479 -0.00454907 0.746 0.0692135 0.662324
1311878232.600364 0.801249  0.11701 -3.80744 -0.00330182 0.74321 0.0663132 0.665756
1311878232.634525 0.775104 0.109147 -3.81015 -0.00526274 0.738386 0.0665095 0.67107
1311878232.671048  0.79121 0.130749 -3.81524 -0.00338781 0.734145 0.0641989 0.675942
1311878232.771236 0.743835 0.111208 -3.81538 -0.00912791 0.719721 0.0675411 0.69091
1311878232.835900 0.798342 0.138894 -3.79487 -0.016731 0.717892 0.0559052 0.693704
1311878233.003176 0.712391 0.107199 -3.80043 -0.0213916 0.690981 0.0585057 0.720184
1311878233.238561 0.641734  0.10336 -3.80265 -0.0236785 0.652164 0.0570158 0.75556
1311878233.400310 0.603825  0.11072 -3.79799 -0.0275517 0.628911 0.055265 0.775021
1311878233.439975 0.589725 0.102746 -3.80918 -0.0305749 0.623253 0.0569471 0.779345
1311878233.468560 0.586716 0.104137 -3.80722 -0.0293147 0.619375 0.0569468 0.782479
1311878233.500886 0.577227 0.105145  -3.8079 -0.0292575 0.615982 0.0565546 0.785182
1311878233.536627 0.568937 0.106008 -3.80857 -0.0288411 0.611407 0.0564183 0.788775
1311878233.603715  0.56308 0.103134 -3.81345 -0.029448 0.606027 0.0575887 0.79281
1311878233.704331  0.528179 0.0954263  -3.82819 -0.029149 0.589854 0.0568772 0.804977
1311878233.736117  0.52428 0.089979 -3.83171 -0.0276428 0.586498 0.0559929 0.80754
1311878233.803502  0.522982 0.0995556  -3.83074 -0.0252324 0.585968 0.0532929 0.808186
1311878233.900341  0.510455 0.0992286  -3.84035 -0.019743 0.586108 0.0584282 0.807882
1311878233.972003 0.548743 0.126523 -3.75925 -0.0168981 0.593814 0.0480329 0.80299
1311878234.102044 0.542846 0.131363 -3.76047 -0.0259916 0.591423 0.0557705 0.80401
1311878234.201461 0.544987 0.129261 -3.76053 -0.0250833 0.591242 0.0533292 0.804338
1311878234.238210 0.545124 0.129621 -3.76086 -0.0242648 0.592054 0.0530049 0.803787
1311878234.303494 0.544356   0.1298 -3.75906 -0.0242572 0.592815 0.0530618 0.803222
1311878234.336901 0.543093 0.128885 -3.75981 -0.0245852 0.591987 0.0539498 0.803764
1311878234.471631 0.542871  0.12797 -3.76231 -0.0248469 0.591566 0.0537839 0.804077
1311878234.504108 0.541961 0.125755 -3.76248 -0.0249662 0.591916 0.0540208 0.8038
1311878234.570617  0.54113 0.125249 -3.76222 -0.025076 0.591983 0.0539667 0.803751
1311878234.638261 0.542667 0.125083 -3.76053 -0.0252612 0.591946 0.0545475 0.803732
1311878234.668878 0.542553 0.124821 -3.76052 -0.0252195 0.591645 0.0545398 0.803956
1311878235.043585 0.538017 0.127655 -3.75967 -0.0290032 0.592561 0.0574454 0.802951
1311878235.105983 0.527012 0.119832 -3.76847 -0.0301464 0.591958 0.0583635 0.803288
1311878235.136061  0.52718 0.119786 -3.76563 -0.0284061 0.592122 0.0573646 0.803302
1311878235.208210 0.518742 0.121028  -3.7691 -0.0260723 0.592476 0.0566716 0.803169
1311878235.368161 0.494095 0.121034 -3.77701 -0.025945 0.593134 0.0568604 0.802674
1311878235.406350 0.492264 0.121473 -3.77665 -0.0256152 0.593158 0.0567288 0.802676
1311878235.470116 0.486829 0.121068 -3.77982 -0.0262071 0.592923 0.0573072 0.80279
1311878235.539239 0.475647 0.115023 -3.78818 -0.026126 0.592222 0.0577916 0.803275
1311878235.568288 0.470586 0.116619 -3.78835 -0.0243117 0.592541 0.0566609 0.803177
1311878235.639282 0.465258 0.118312 -3.78958 -0.0241249 0.593017 0.0557313 0.802897
1311878235.840250 0.457377 0.119925 -3.79139 -0.0238328 0.593645 0.0566063 0.80238
1311878235.872315 0.458627 0.131004 -3.78416 -0.0266081 0.593074 0.0569634 0.802689
1311878235.939106 0.441986 0.111588 -3.80688 -0.0370177 0.591071 0.0643256 0.803198
1311878236.139546 0.412998 0.112841 -3.79958 -0.0306175 0.593724 0.0563541 0.802109
1311878236.338901  0.385361 0.0970802   -3.8376 -0.0320687 0.59043 0.0650064 0.803827
1311878236.376707 0.385327 0.113358 -3.82551 -0.0255296 0.592919 0.0588836 0.8027
1311878236.438310  0.37331  0.12529 -3.82128 -0.0232787 0.593455 0.0564557 0.802547
1311878236.672857  0.310396 0.0903959  -3.85829 -0.0299923 0.592057 0.0598065 0.803114
1311878236.739708 0.332045 0.134377 -3.82103 -0.0264398 0.596681 0.054552 0.800185
1311878236.774389  0.287448 0.0699743  -3.86738 -0.0355827 0.590263 0.0605705 0.804148
1311878236.839338  0.33982 0.120835 -3.74115 -0.0321577 0.602513 0.0493126 0.795935
1311878236.907365  0.247884 0.0549929  -3.91442 -0.038591 0.587248 0.0658833 0.805798
1311878236.940205 0.250624 0.116925 -3.88363 -0.0250458 0.59529 0.0602255 0.800859
1311878236.973014 0.235347 0.106128 -3.90446 -0.029053 0.59385 0.0636011 0.801532
1311878237.243945 0.173879 0.104239  -3.9266 -0.0261905 0.619877 0.0631844 0.781712
1311878237.441771    0.119 0.105564 -3.93654 -0.0302442 0.65085 0.0669078 0.755648
1311878237.605546 0.0582913 0.0993839  -3.94622 -0.0280274 0.674528 0.0649773 0.73485
1311878238.008723 -0.025243  0.120472  -3.95118 -0.0254309 0.721601 0.0700721 0.688284
1311878238.109017 -0.0589248   0.103417   -3.94299 -0.0297194 0.732406 0.0702253 0.676585
1311878238.175717 0.0012282  0.138643  -3.95064 -0.0235311 0.734053 0.0631657 0.675739
1311878238.243548 -0.107535   0.10301  -3.92477 -0.0284814 0.74602 0.0650361 0.662128
1311878238.272775 -0.0575519   0.174658    -3.9024 -0.00527221 0.763292 0.057896 0.643433
1311878238.411083 -0.117787  0.166921  -3.89782 -0.00157675 0.776948 0.0644358 0.626257
1311878238.773030 -0.169309  0.192592  -3.89918 0.00120508 0.816334 0.0665859 0.573728
1311878238.812476 -0.17149  0.19373 -3.89555 0.000833535 0.820568 0.0659305 0.567733
1311878238.875327 -0.193383  0.182881  -3.88643 0.000405221 0.824064 0.0680171 0.562399
1311878239.112291 -0.218563  0.205104  -3.89682 0.00531299 0.847795 0.0687532 0.525822
1311878239.177154 -0.240212  0.192918  -3.87845 0.00474733 0.857663 0.0699635 0.509409
1311878239.208764 -0.236789  0.196276     -3.88 0.00567317 0.86043 0.0665686 0.50517
1311878239.240198 -0.242124  0.209183  -3.88258 0.00834964 0.863465 0.0655408 0.500062
1311878239.272590 -0.246105  0.203722  -3.87818 0.00760349 0.86678 0.0687484 0.49387
1311878239.311823 -0.245802  0.207565  -3.87905 0.00744 0.869703 0.0691696 0.488648
1311878239.341222 -0.250577  0.205492  -3.87581 0.00691941 0.872431 0.0713448 0.483452
1311878239.379483 -0.252402  0.205258   -3.8748 0.00643761 0.874976 0.0720306 0.478734
1311878239.543185 -0.267627  0.198411  -3.86391 0.00377524 0.888242 0.0785585 0.452593
1311878239.809403 -0.286487  0.218225   -3.8498 0.0085311 0.915784 0.071807 0.395107
1311878240.011937 -0.306858  0.216224  -3.84057 0.0102524 0.928871 0.0754408 0.362495
1311878240.679776 -0.326397  0.203893  -3.82057 0.00905094 0.931014 0.0763222 0.356799
1311878240.879394 -0.35467 0.204174 -3.77622 0.00966657 0.944799 0.068862 0.320185
1311878240.947687 -0.37731 0.201429 -3.74892 0.0125093 0.95093 0.0690346 0.301346
1311878240.976280 -0.384624  0.205194  -3.73779 0.0126355 0.952822 0.0684664 0.295437
1311878241.010129 -0.398344  0.203798  -3.72789 0.0135375 0.954329 0.0692193 0.290312
1311878241.047166 -0.40665 0.204763 -3.72082 0.0148073 0.956085 0.0681387 0.284674
1311878241.076945 -0.415524  0.198764  -3.70747 0.0149106 0.957804 0.0705843 0.278221
1311878241.108980 -0.413222  0.197478  -3.70197 0.0158499 0.959651 0.070112 0.27185
1311878241.178868 -0.424666  0.208735  -3.69663 0.0194666 0.960996 0.0684286 0.267254
1311878241.408073 -0.472743  0.194695  -3.65926 0.0217317 0.971389 0.0775052 0.223439
1311878241.510349 -0.484283  0.191251  -3.64194 0.0229093 0.975592 0.0802511 0.203115
1311878241.580040 -0.485863  0.189828  -3.62714 0.0233197 0.978338 0.0819859 0.188652
1311878241.608970 -0.486367  0.195211  -3.62304 0.0238729 0.979523 0.081538 0.182529
1311878241.687021 -0.490028  0.188311  -3.61348 0.0240478 0.981699 0.0835111 0.169456
1311878241.984961 -0.510714  0.198281  -3.53293 0.0227526 0.991331 0.0783314 0.102999
1311878242.112424 -0.518658  0.196141  -3.51297 0.0225007 0.992426 0.0858917 0.084894
1311878242.277414 -0.518213  0.205607  -3.47475 0.0222951 0.995667 0.0761216 0.0485434
1311878242.479430 -0.528662  0.209552  -3.44029 0.0281154 0.996429 0.0781236 0.0153506
1311878242.575928 -0.528655  0.208746  -3.41476 0.0286959 0.996608 0.0769112 -0.00586185
1311878242.647121 -0.531545  0.210076  -3.40431 0.0300331 0.996441 0.0777301 -0.0127318
1311878242.745935 -0.530564  0.208139  -3.37845 0.0305497 0.995913 0.0786342 -0.0322538
1311878243.012941 -0.523622   0.22659  -3.31247 0.0338623 0.993101 0.0791883 -0.0795801
1311878243.280292 -0.505407  0.231429  -3.23666 0.0395483 0.988675 0.0841172 -0.117825
1311878243.343794 -0.503946  0.226695  -3.21851 0.0408738 0.988166 0.0864954 -0.119896
1311878243.380663 -0.501672  0.223129  -3.21179 0.0407824 0.987713 0.0877416 -0.122726
1311878243.480550 -0.49414 0.217507 -3.18264 0.0402414 0.986929 0.0880542 -0.128833
1311878243.581622 -0.486019  0.215713  -3.15283 0.0403487 0.986094 0.0863529 -0.136141
1311878243.745887 -0.470869  0.209003  -3.09891 0.0392137 0.984927 0.0820547 -0.147132
1311878243.814539 -0.466718  0.204322  -3.08444 0.038196 0.984758 0.0807622 -0.14923
1311878243.953142 -0.442806   0.21532  -3.03832 0.0393218 0.983595 0.0719688 -0.160669
1311878243.982924 -0.439193  0.213921  -3.02506 0.0394188 0.98367 0.072023 -0.160165
1311878244.043870 -0.435569  0.211285  -3.01174 0.0389151 0.983623 0.0725846 -0.160321
1311878244.082428 -0.430974  0.213254  -3.00228 0.0385901 0.983351 0.0720026 -0.162321
1311878244.246047 -0.413417  0.213204  -2.96263 0.0361574 0.983244 0.0696524 -0.164535
1311878244.313759 -0.405972  0.218594  -2.95155 0.036557 0.982987 0.0701568 -0.165766
1311878244.385600 -0.399929  0.215699  -2.95453 0.0381527 0.983187 0.0742162 -0.162416
1311878244.448740 -0.353594  0.244762  -2.89751 0.034263 0.982929 0.0668281 -0.167958
1311878244.514505 -0.353211  0.217691  -2.88091 0.0329297 0.983294 0.0722261 -0.163803
1311878244.548160 -0.401445  0.212089  -2.89716 0.0320745 0.983765 0.0620627 -0.165307
1311878244.614584 -0.384443  0.195448  -2.85195 0.032088 0.983714 0.0689475 -0.16286
1311878244.682817 -0.375347  0.200966  -2.82568 0.0312308 0.983872 0.0668098 -0.162964
1311878244.881553 -0.417593  0.262065  -2.77197 0.0331298 0.98421 0.0741873 -0.157259
1311878245.013172 -0.405881  0.258074  -2.72871 0.030859 0.985015 0.0659894 -0.156325
1311878245.350383 -0.352601  0.284986   -2.6736 0.0327154 0.984803 0.0644514 -0.157922
1311878245.379753 -0.347878  0.275826  -2.65129 0.0325915 0.984483 0.0664309 -0.159113
1311878245.518624 -0.317527  0.290061  -2.62492 0.033275 0.984565 0.0615216 -0.160433
1311878245.582991 -0.336781  0.245264  -2.59419 0.0342962 0.984837 0.064556 -0.157328
1311878245.615900 -0.334554  0.248984  -2.58539 0.0345633 0.984964 0.0621245 -0.157457
1311878245.648586 -0.330223  0.247643  -2.57836 0.0344913 0.984941 0.0618611 -0.157717
1311878245.679784 -0.329682  0.249428  -2.57757 0.0337587 0.985053 0.0607383 -0.157615
1311878245.718069 -0.326248  0.248261  -2.57076 0.0331164 0.985001 0.0608749 -0.15802
1311878245.917717 -0.310037   0.25223  -2.52052 0.0323513 0.984858 0.0628689 -0.158288
1311878245.981034 -0.296696  0.232971  -2.51794 0.0332849 0.984663 0.0637557 -0.158952
1311878246.050434 -0.272062  0.253848  -2.51924 0.0312271 0.984393 0.0596004 -0.162614
1311878246.348277 -0.239855  0.202712  -2.45798 0.0315689 0.983261 0.0726709 -0.164076
1311878246.886247 -0.191701  0.199639   -2.3135 0.0324448 0.983814 0.0698046 -0.161815
1311878246.915760 -0.149494  0.216734  -2.31634 0.0330582 0.983368 0.0675994 -0.165305
1311878247.016183 -0.151414  0.214589  -2.30035 0.0332837 0.983492 0.0671586 -0.164699
1311878247.086617 -0.152852  0.205391  -2.28305 0.0353996 0.983475 0.0679688 -0.164023
1311878247.115864 -0.151223  0.202432  -2.28209 0.0345557 0.98348 0.0678672 -0.164217
1311878247.187524 -0.144107  0.231594   -2.2784 0.0339378 0.983655 0.0639789 -0.164856
1311878247.287229 -0.140926  0.231974  -2.26888 0.0339519 0.983539 0.0662198 -0.164664
1311878247.351634 -0.127415  0.264767  -2.25724 0.0332884 0.983733 0.0607065 -0.165761
1311878247.419134 -0.129982  0.268619  -2.25236 0.0334456 0.983743 0.0610712 -0.165531
1311878247.587015 -0.126897  0.255257  -2.19733 0.0350782 0.983798 0.0643699 -0.163609
1311878247.651168 -0.132807  0.271933  -2.18417 0.0336136 0.984137 0.0618878 -0.162831
1311878247.719046 -0.130078  0.267217  -2.17956 0.0343967 0.984028 0.0635842 -0.162673
1311878247.787133 -0.119173  0.285918  -2.17331 0.0341228 0.983937 0.0626539 -0.163642
1311878247.851433 -0.118565  0.318274  -2.16433 0.0358206 0.983929 0.0640811 -0.162767
1311878247.884713 -0.0952719   0.322094   -2.16551 0.0360973 0.98374 0.0661634 -0.163016
1311878247.917335 -0.100392  0.334301  -2.16519 0.0342973 0.983825 0.063587 -0.163915
1311878247.987467 -0.109907  0.349229  -2.16054 0.0327532 0.984192 0.0610987 -0.162975
1311878248.119490 -0.0904947   0.358247   -2.11173 0.0326297 0.984037 0.0615317 -0.163766
1311878248.153329 -0.089164  0.360669  -2.10849 0.0326137 0.983976 0.0615764 -0.164122
1311878248.219233 -0.0770588   0.370568   -2.10698 0.0321976 0.98392 0.0596136 -0.165258
1311878248.251890 -0.0949686   0.367698   -2.08782 0.028979 0.983862 0.0631745 -0.164877
1311878248.319132 -0.0878802   0.415654    -2.0835 0.0259849 0.983881 0.0630758 -0.165298
1311878248.387827 -0.0640676   0.353554   -2.05705 0.0260108 0.982248 0.0721378 -0.171196
1311878248.454925 -0.0536851   0.413702   -2.07132 0.0243606 0.982267 0.0534341 -0.17805
1311878248.485261 -0.0772984   0.336854   -2.03917 0.0344008 0.98314 0.0618369 -0.168606
1311878248.755032 -0.184718  0.245742  -1.87873 0.0365302 0.982123 0.10096 -0.154617
1311878248.855250 -0.161007   0.24915  -1.85265 0.0214153 0.981428 0.0949938 -0.165275
1311878248.919068 -0.153014  0.325652  -1.84345 0.0274954 0.980989 0.0585458 -0.182965
1311878248.987890 -0.175529  0.334998   -1.8084 0.0294357 0.982406 0.0543009 -0.176246
1311878249.087806 -0.241674  0.322164  -1.75656 0.0280479 0.986054 0.0524392 -0.15544
1311878249.155822 -0.246604  0.328643  -1.73868 0.0320746 0.98655 0.0583862 -0.149271
1311878249.223732 -0.225266  0.376816  -1.74238 0.0335791 0.985514 0.0538241 -0.157285
1311878249.286690 -0.218699  0.347222  -1.74637 0.0349487 0.986155 0.0526015 -0.153332
1311878249.355251 -0.115718  0.125804  -1.71941 0.032637 0.983297 0.0829873 -0.158669
1311878249.423212 -0.108339  0.184868  -1.72728 0.0265596 0.984431 0.0552028 -0.164752
1311878249.487594 -0.158034  0.156729  -1.68724 0.0308223 0.984434 0.0619969 -0.161541
1311878249.555759 -0.145163  0.224923  -1.68484 0.0301048 0.98512 0.0519064 -0.161055
1311878249.623263 -0.125468  0.292369  -1.68843 0.0268148 0.986098 0.0433361 -0.158155
1311878249.687740 -0.0958934   0.321902    -1.6962 0.0255894 0.986121 0.0431594 -0.158264
1311878249.719747 -0.0329309   0.163426   -1.64452 0.0282807 0.98497 0.0582084 -0.160144
1311878249.787227 -0.0929074   0.215984   -1.61921 0.0284028 0.986953 0.0543375 -0.14888
1311878249.855929 -0.111349  0.237247  -1.59982 0.0288514 0.987965 0.0426674 -0.145853
1311878250.123795 -0.179778  0.218142  -1.57614 0.0197909 0.989497 0.0448398 -0.135992
1311878250.187706  -0.138573 -0.0327474   -1.52505 0.0342471 0.986823 0.0775325 -0.13783
1311878250.255666  -0.149618 -0.0921334   -1.48782 0.0313247 0.986862 0.0803806 -0.136607
1311878250.323302  -0.141768 -0.0971568   -1.49252 0.0288802 0.986771 0.0797628 -0.138158
1311878250.386848   -0.15342 -0.0932622   -1.48796 0.0309723 0.987163 0.0780174 -0.135882
1311878250.454775 -0.152778 -0.105213  -1.49174 0.0272452 0.98735 0.0772829 -0.135738
1311878250.523720 -0.150162 -0.132948  -1.49437 0.0301698 0.986393 0.089079 -0.134848
1311878250.591088 -0.142328 -0.118556  -1.49542 0.0303816 0.986233 0.0862527 -0.137778
1311878250.620206 -0.142485 -0.115865  -1.49771 0.0304745 0.986198 0.0855422 -0.138446
1311878250.652781 -0.139023 -0.119378  -1.49823 0.0300585 0.986232 0.0852051 -0.138503
1311878250.723764 -0.137586 -0.118361  -1.49801 0.0299154 0.986279 0.084909 -0.138384
1311878250.823132 -0.130924 -0.128446  -1.50173 0.0302796 0.986027 0.0864394 -0.139144
1311878250.891191 -0.13106 -0.12866 -1.50143 0.0300712 0.98602 0.0866264 -0.139124
1311878250.923548 -0.129004 -0.126496  -1.50209 0.0301097 0.986017 0.0859306 -0.139569
1311878250.951847 -0.127035 -0.127362  -1.50358 0.0301076 0.985959 0.0860402 -0.139912
1311878250.991922 -0.126803 -0.125946  -1.50355 0.0301271 0.985969 0.0859134 -0.139918
1311878251.055346 -0.123701 -0.127013  -1.50515 0.0300908 0.985879 0.0861815 -0.140395
1311878251.123363 -0.123034 -0.128279  -1.50599 0.0301609 0.985851 0.0863136 -0.140494
1311878251.151991 -0.124241 -0.125899  -1.50461 0.0301193 0.985911 0.0859086 -0.140327
1311878251.223472 -0.123844 -0.125063  -1.50483 0.0300845 0.985906 0.0858854 -0.140382
1311878251.291655  -0.12589 -0.126765  -1.50513 0.0303376 0.985917 0.0861431 -0.140092
1311878251.355159 -0.122964 -0.124449  -1.50398 0.0302947 0.985903 0.0857947 -0.140419
1311878251.423808 -0.116779 -0.126964  -1.50525 0.0303862 0.985766 0.0861379 -0.141145
1311878251.451725 -0.118631 -0.126061  -1.50802 0.0304062 0.98581 0.08602 -0.140906
1311878251.523300 -0.116428 -0.127109  -1.51029 0.0305301 0.985862 0.0861341 -0.140443
1311878251.591232 -0.115078 -0.127273  -1.50964 0.0306657 0.985926 0.0862044 -0.139921
1311878251.655013 -0.107142 -0.128352  -1.51296 0.0308161 0.986 0.0866241 -0.139105
1311878251.791549 -0.110602 -0.133057  -1.51053 0.031687 0.986476 0.0913433 -0.132354
1311878251.822170 -0.110401 -0.137179   -1.5097 0.0320226 0.98736 0.0921374 -0.124922
1311878251.857876 -0.109969  -0.13938  -1.50873 0.0322091 0.987966 0.0899188 -0.121654
1311878251.888274 -0.102187 -0.137663  -1.50922 0.031949 0.988439 0.0881858 -0.119127
1311878251.920126 -0.127469  -0.15813  -1.49668 0.032387 0.989102 0.0908705 -0.111227
1311878251.991023 -0.123743 -0.163898  -1.49855 0.0321891 0.989451 0.0926497 -0.106618
1311878252.058809 -0.134019  -0.14651  -1.47962 0.0317657 0.990959 0.0900231 -0.0942736
1311878252.123702 -0.141519 -0.147858  -1.47058 0.031477 0.992092 0.0905166 -0.0810522
1311878252.156008 -0.160662 -0.158626  -1.45334 0.0311247 0.993162 0.0914693 -0.0655231
1311878252.223696  -0.205355 -0.0857399   -1.44357 0.0306354 0.994808 0.081277 -0.0530407
1311878252.291393   -0.1634 -0.138861  -1.44073 0.0311402 0.994507 0.0898601 -0.0437113
1311878252.359267 -0.210091 -0.156719  -1.42552 0.0301517 0.995099 0.0914078 -0.022665
1311878252.388535 -0.210556 -0.180739  -1.41326 0.0318167 0.995118 0.0930944 -0.00786452
1311878252.459065  -0.23204 -0.256097   -1.4008 0.0275785 0.993981 0.106025 0.000244573
1311878252.523396 -0.241566 -0.253492  -1.39595 0.0273955 0.994127 0.103374 0.0165642
1311878252.591661 -0.242509 -0.328662  -1.38612 0.0255867 0.992842 0.113052 0.0288141
1311878252.658896 -0.248094 -0.333468  -1.36718 0.0276643 0.992611 0.110143 0.0427349
1311878252.723305 -0.250815 -0.348853  -1.35582 0.027359 0.991744 0.111948 0.0562339
1311878252.757192 -0.224892 -0.348757   -1.3401 0.0264038 0.991458 0.109558 0.0656535
1311878252.956789 -0.283731 -0.407513  -1.31342 0.0209117 0.986573 0.121762 0.106816
1311878253.025159 -0.287707  -0.41406  -1.29024 0.0210434 0.985258 0.119334 0.120765
1311878253.090877 -0.297163 -0.407056  -1.27326 0.0222806 0.984026 0.114519 0.13447
1311878253.158363 -0.302556 -0.410243  -1.24389 0.0219047 0.981238 0.114311 0.153708
1311878253.187815 -0.302325 -0.413649  -1.23785 0.0212037 0.980231 0.114988 0.159612
1311878253.256173 -0.305953 -0.410114  -1.23077 0.0216018 0.979148 0.114374 0.166497
1311878253.326586 -0.304846 -0.419879  -1.20814 0.0200237 0.976802 0.116406 0.178623
1311878253.458936 -0.319124 -0.426446  -1.17515 0.0206796 0.971601 0.117364 0.204425
1311878253.527225 -0.329534 -0.431696  -1.15572 0.0205099 0.968844 0.116731 0.217474
1311878253.591104 -0.334216 -0.425698  -1.14356 0.0213164 0.966198 0.114492 0.229996
1311878253.727679 -0.349183 -0.436245  -1.11718 0.0200524 0.959331 0.117156 0.256042
1311878253.788249 -0.366759  -0.44018  -1.09542 0.0206948 0.953751 0.116082 0.276508
1311878253.824691 -0.374928 -0.441594  -1.08515 0.02081 0.952041 0.114764 0.282867
1311878253.890208  -0.37827 -0.443374  -1.07707 0.0205413 0.950401 0.1144 0.288495
1311878253.958916  -0.38751 -0.445341  -1.05067 0.018355 0.945226 0.113099 0.305647
1311878253.988270 -0.391285 -0.445432  -1.04452 0.0176197 0.942928 0.112962 0.312756
1311878254.057367 -0.396597 -0.448476  -1.03752 0.0172425 0.940637 0.11356 0.319389
1311878254.088136  -0.40761 -0.451669  -1.02235 0.017799 0.936279 0.113165 0.332053
1311878254.158401 -0.412428 -0.453369   -1.0144 0.0178183 0.93427 0.111923 0.338075
1311878254.226103 -0.425289 -0.458408 -0.999691 0.0187379 0.930277 0.110828 0.349214
1311878254.294950 -0.429445 -0.457691 -0.988952 0.0191657 0.926055 0.108704 0.360886
1311878254.627127 -0.449317 -0.461328 -0.961487 0.0181363 0.902739 0.105611 0.416628
1311878254.695621 -0.455943 -0.467211 -0.954812 0.0175472 0.897179 0.105825 0.428443
1311878254.793857 -0.464635  -0.47014 -0.945831 0.0180372 0.885515 0.104172 0.452422
1311878254.859310 -0.464386 -0.468558 -0.940388 0.0181468 0.883218 0.102725 0.457213
1311878254.892235 -0.467129 -0.469434 -0.935122 0.0169812 0.877584 0.102017 0.468135
1311878254.924287 -0.470096 -0.471422 -0.931992 0.0167968 0.874551 0.10209 0.473768
1311878254.995655 -0.473931 -0.472301 -0.928631 0.0168857 0.871464 0.101894 0.479462
1311878255.059859  -0.47245  -0.47316 -0.925975 0.0166409 0.865271 0.101349 0.490671
1311878255.093568 -0.474947 -0.472607 -0.922155 0.0165863 0.858527 0.100163 0.502616
1311878255.159063 -0.477747 -0.472747 -0.921697 0.0166436 0.854786 0.100664 0.508853
1311878255.227888 -0.481043 -0.477454  -0.91516 0.0157265 0.847384 0.101691 0.520914
1311878255.256024 -0.485696 -0.480017 -0.908981 0.0158947 0.838567 0.100692 0.535177
1311878255.327886 -0.481915 -0.462647 -0.915629 0.0160517 0.833445 0.0997446 0.543289
1311878255.395703 -0.503356 -0.484013 -0.899808 0.012746 0.824581 0.105102 0.55575
1311878255.423933 -0.516818 -0.482965 -0.892945 0.0135085 0.816765 0.103824 0.567391
1311878255.495145 -0.529814 -0.484386 -0.887962 0.0135681 0.812579 0.103299 0.573463
1311878255.563201 -0.564888  -0.50971 -0.875245 0.0136033 0.805129 0.104783 0.583612
1311878255.627134 -0.571368  -0.49046 -0.873694 0.0199758 0.799375 0.0960285 0.592773
1311878255.659880 -0.590741 -0.491468 -0.864464 0.0179642 0.791196 0.0936329 0.604085
1311878255.795119 -0.620834 -0.491389 -0.852505 0.0173652 0.780254 0.0926908 0.618313
1311878255.824704  -0.64014 -0.493177 -0.845689 0.016011 0.771867 0.0913634 0.628982
1311878255.895758 -0.657575 -0.493236 -0.840634 0.0160627 0.763754 0.0898771 0.639018
1311878255.962903 -0.672763 -0.497797 -0.834959 0.0150972 0.759778 0.0902237 0.643715
1311878255.991872  -0.68873 -0.494261 -0.826763 0.014277 0.751999 0.086636 0.65329
1311878256.024056  -0.69963 -0.494422 -0.824964 0.0148154 0.747747 0.0864054 0.658171
1311878256.063239 -0.712284 -0.492863 -0.821607 0.0148621 0.743812 0.0853356 0.662753
1311878256.091798 -0.721139 -0.497188 -0.819637 0.014791 0.739152 0.08631 0.667822
1311878256.163274 -0.725031 -0.492086 -0.821259 0.0167098 0.73452 0.0838296 0.673182
1311878256.192438 -0.753648 -0.501119 -0.818492 0.0161425 0.72405 0.0860103 0.684174
1311878256.263585 -0.780077 -0.496973  -0.81293 0.0171044 0.715488 0.0827902 0.693491
1311878256.293039 -0.795739  -0.49227 -0.813442 0.0164796 0.7094 0.0834074 0.699659
1311878256.324997 -0.800054 -0.498664 -0.815906 0.0137428 0.704026 0.0838075 0.705078
1311878256.394622 -0.820427 -0.496041 -0.811041 0.0143602 0.697352 0.0821333 0.711862
1311878256.563256 -0.881348 -0.508499 -0.806775 0.00968353 0.678601 0.0817101 0.729884
1311878256.763755 -0.949005 -0.477649  -0.83637 -0.0069947 0.651413 0.096865 0.752482
1311878256.831848 -0.882814 -0.462849 -0.817523 0.0101842 0.65658 0.0747709 0.750472
1311878257.129645 -0.974155 -0.457262 -0.819983 0.00856857 0.657571 0.076214 0.749478
1311878257.194946 -0.983064 -0.458121 -0.826426 0.00970962 0.655952 0.0743461 0.751069
1311878257.263277  -1.00997 -0.454109 -0.825695 0.0115388 0.65646 0.0723782 0.750792
1311878257.331094  -1.04637 -0.460819 -0.828479 0.00568857 0.655852 0.0808413 0.750526
1311878257.462705  -1.06479 -0.454408 -0.833955 0.00492325 0.655091 0.0778012 0.751518
1311878257.595228  -1.09709 -0.454111 -0.845584 0.00827645 0.653507 0.0764205 0.753008
1311878257.731151  -1.14144 -0.449534 -0.851352 0.0124658 0.651765 0.0744392 0.754656
1311878257.863355  -1.17313 -0.449404 -0.853232 0.0103424 0.649293 0.0738287 0.756876
1311878258.063073  -1.25105 -0.445735 -0.862163 0.0129973 0.634296 0.072237 0.769598
1311878258.131407  -1.26344 -0.448839 -0.860892 0.0116911 0.632214 0.0722884 0.771325
1311878258.199271  -1.27939 -0.445951 -0.868937 0.0124749 0.626351 0.0716804 0.776138
1311878258.331528  -1.31842 -0.443515 -0.875705 0.0129655 0.616592 0.0706339 0.784001
1311878258.399281  -1.34736 -0.440836 -0.881318 0.0139666 0.608194 0.0700963 0.790564
1311878258.463594   -1.3607 -0.444729 -0.885991 0.0137266 0.605847 0.0710057 0.792287
1311878258.563529  -1.38867 -0.443219 -0.894177 0.0136143 0.594936 0.0719109 0.800434
1311878258.699713  -1.43142 -0.431649 -0.907274 0.0157375 0.588776 0.0691667 0.805178
1311878258.728192  -1.43619 -0.437183 -0.905835 0.01506 0.587615 0.0691034 0.806044
1311878258.759652  -1.44958 -0.433506 -0.911733 0.0153099 0.585911 0.0684614 0.807333
1311878258.831747  -1.46221 -0.434688  -0.91336 0.0141057 0.584915 0.0691619 0.808018
1311878258.898592  -1.49086 -0.436116 -0.920921 0.0118245 0.581568 0.0696337 0.810426
1311878258.962931  -1.49196 -0.444748 -0.924006 0.0111752 0.581699 0.069427 0.810359
1311878259.099557  -1.54802 -0.474272 -0.932344 0.00632601 0.582246 0.0693504 0.810025
1311878259.131303 -1.55675 -0.45217  -0.9244 0.00886232 0.585165 0.0667196 0.808116
1311878259.167074  -1.56999 -0.473003 -0.931482 -0.00229786 0.583605 0.0731621 0.808732
1311878259.366644  -1.62434 -0.460638 -0.950825 0.00527383 0.584683 0.0672147 0.808455
1311878259.431250  -1.63806 -0.458712 -0.954174 0.00582051 0.585326 0.0660605 0.808082
1311878259.498386  -1.64428 -0.455764 -0.955506 0.00549248 0.585313 0.0642598 0.808238
1311878259.567201  -1.66045 -0.452427 -0.956399 0.00319795 0.585334 0.0640566 0.808252
1311878259.631274  -1.68671 -0.450355 -0.961918 0.00164932 0.585339 0.0673679 0.807983
1311878259.767315  -1.71171 -0.445679 -0.969868 -0.000673597 0.584116 0.0703565 0.808615
1311878259.868122  -1.75286 -0.455538 -0.989214 0.00586486 0.583571 0.0676933 0.809214
1311878259.936407  -1.75739  -0.44706 -0.987002 0.0103194 0.585124 0.0644946 0.808309
1311878259.963627  -1.78759 -0.449431 -0.997031 0.00930857 0.584137 0.0652417 0.808975
1311878259.997133  -1.79075 -0.440732 -0.996528 0.0106224 0.58444 0.0639242 0.808845
1311878260.096065  -1.81933 -0.438897  -1.00731 0.00615792 0.583647 0.0687043 0.809072
1311878260.130931  -1.82767 -0.438981  -1.01094 0.00579374 0.583291 0.0710522 0.809129
1311878260.166318   -1.8312 -0.432484  -1.01088 0.00611861 0.582612 0.072046 0.809528
1311878260.195599   -1.8444 -0.433366  -1.01668 0.00211006 0.581528 0.0773921 0.809834
1311878260.270139  -1.85847 -0.437452  -1.02467 -0.000879566 0.580429 0.080601 0.810311
1311878260.334721  -1.94302 -0.494551  -1.06989 0.00592194 0.579205 0.0859596 0.810615
1311878260.396899  -1.92721 -0.435217  -1.05234 0.015282 0.581128 0.0598824 0.811462
1311878260.467311  -1.93371 -0.434454  -1.04242 0.0156556 0.581803 0.0614351 0.810855
1311878260.564124  -1.98311 -0.440259  -1.08307 0.00909873 0.571271 0.0685186 0.817846
1311878260.634063  -1.98779 -0.457054  -1.08664 0.00983242 0.567362 0.0679898 0.820598
1311878260.698368  -2.01399 -0.428122  -1.08551 0.0164257 0.563549 0.061035 0.823661
1311878260.763668  -2.09777 -0.474344  -1.14937 -0.000914181 0.552497 0.0627762 0.831147
1311878260.833617  -2.08772 -0.441624  -1.12816 0.0100874 0.546792 0.0558511 0.835343
1311878260.897395  -2.12996 -0.449096  -1.14787 0.00857328 0.534909 0.0550197 0.843073
1311878260.995495   -2.1953 -0.438625  -1.16878 0.0105113 0.50654 0.0476036 0.860837
1311878261.131371  -2.25366 -0.430167  -1.19554 0.00914898 0.472524 0.0443791 0.880152
1311878261.197552  -2.26286 -0.431861  -1.20106 0.00737319 0.462549 0.0447917 0.885431
1311878261.296724  -2.32755 -0.434852   -1.2473 0.00283838 0.423602 0.0431043 0.904818
1311878261.333642  -2.33821 -0.433263  -1.25783 0.00334823 0.413753 0.040209 0.909495
1311878261.363513  -2.34688 -0.429748  -1.26661 0.00676405 0.404957 0.038328 0.913507
1311878261.397483 -2.36179 -0.43717 -1.28293 0.00428352 0.396201 0.0390946 0.917321
1311878261.466724  -2.38187 -0.430604  -1.30381 0.00510147 0.376526 0.0367132 0.925664
1311878261.496542  -2.39132 -0.430389  -1.31811 0.0046532 0.365942 0.0356372 0.929943
1311878261.599944  -2.42964 -0.425178  -1.35712 0.00667273 0.337005 0.0318854 0.940939
1311878261.667668  -2.44102 -0.411076  -1.36154 0.0129791 0.328345 0.0291655 0.944018
1311878261.767327  -2.48124 -0.406643  -1.41321 0.012898 0.299271 0.0259484 0.953728
1311878261.965893  -2.52422 -0.386711  -1.47009 0.0142662 0.252948 0.0192812 0.967183
1311878262.101262 -2.57437 -0.38543 -1.51212 0.0101289 0.231124 0.0141522 0.972769
1311878262.200042  -2.59111 -0.380457  -1.54595 0.00835399 0.201253 0.0134468 0.979411
1311878262.232910 -2.59284 -0.37979 -1.55188 0.00828417 0.194362 0.0127524 0.980812
1311878262.364486   -2.6125 -0.373819  -1.59204 0.00824296 0.168604 0.00915353 0.985607
1311878262.401401  -2.62245 -0.378858  -1.60399 0.00605555 0.163315 0.00713407 0.98653
1311878262.535339  -2.63556 -0.371157  -1.64661 0.0118066 0.155633 0.00324751 0.987739
1311878262.665704  -2.64979 -0.365144  -1.68809 0.0128752 0.150554 0.00488945 0.988506
1311878262.832259   -2.6638 -0.353387  -1.73576 0.0122669 0.145923 0.00439825 0.98921
1311878262.902449  -2.66786 -0.353015  -1.74743 0.00934782 0.144816 0.00243237 0.989411
1311878262.933636  -2.67573 -0.352343  -1.76366 0.010096 0.14761 0.000735212 0.988994
1311878263.132148  -2.68606 -0.341542  -1.81599 0.0088514 0.143915 0.00508053 0.989537
1311878263.233682  -2.69298 -0.335566  -1.83631 0.0072577 0.141272 0.00273629 0.98994
1311878263.635007  -2.72282 -0.320734  -1.87884 0.0323812 0.126454 -0.00338991 0.991438
1311878263.703343   -2.7297 -0.314631  -1.89913 0.0332423 0.117223 -0.0036329 0.992542
1311878263.771278  -2.73694 -0.309028   -1.9301 0.0345144 0.094629 -0.00648877 0.994893
1311878263.835720  -2.74249 -0.304896  -1.95203 0.0325751 0.0814961 -0.00697163 0.996117
1311878264.102734  -2.75027 -0.282549        -2 0.0336123 0.0388326 -0.0121882 0.998606
1311878264.270459  -2.75687 -0.280383  -2.09702 0.0294435 0.00604151 -0.0136458 0.999455
1311878264.300078  -2.75783 -0.277883   -2.1044 0.0311199 0.00180585 -0.0141363 0.999414
1311878264.335834  -2.75589 -0.273429  -2.11464 0.031646 -0.00231733 -0.0146293 0.999389
1311878264.403697  -2.75708 -0.270112  -2.13838 0.0318655 -0.00999096 -0.0156069 0.99932
1311878264.435651  -2.75814 -0.268242  -2.14811 0.0321575 -0.0135617 -0.0165488 0.999254
1311878264.470321  -2.75884 -0.264056  -2.15761 0.0326869 -0.0175258 -0.0183103 0.999144
1311878264.538905  -2.76345 -0.252392  -2.16662 0.0316274 -0.0203648 -0.0207582 0.999077
1311878264.671237  -2.76125 -0.248521  -2.21292 0.0361391 -0.0178545 -0.0223808 0.998937
1311878264.738740  -2.76641 -0.248141  -2.24341 0.0355795 -0.0169735 -0.0257929 0.99889
1311878264.902889 -2.76527 -0.23448 -2.29109 0.0358525 -0.0161021 -0.0245856 0.998925
1311878264.935807  -2.76582 -0.230944  -2.30965 0.0365732 -0.0160176 -0.0251184 0.998887
1311878264.967659  -2.76719 -0.231143  -2.31987 0.0354053 -0.0155944 -0.0251672 0.998934
1311878264.999637   -2.7675 -0.227198  -2.32238 0.0363898 -0.0157307 -0.0262156 0.99887
1311878265.138619  -2.77045 -0.215933  -2.34333 0.0374122 -0.0137101 -0.0278518 0.998818
1311878265.470562  -2.76794 -0.202889  -2.45862 0.0347712 -0.0142796 -0.0275179 0.998914
1311878265.538792  -2.76618 -0.198823  -2.46988 0.0354269 -0.0146749 -0.027495 0.998886
1311878265.568829  -2.76873 -0.185585  -2.49221 0.0280736 -0.0141346 -0.026879 0.999144
1311878265.806181  -2.76835 -0.176935  -2.55059 0.0366662 -0.0142648 -0.0293691 0.998794
1311878265.871270  -2.77068 -0.174151   -2.5552 0.0354242 -0.0141568 -0.0299969 0.998822
1311878266.071211  -2.76815 -0.167575  -2.60791 0.035945 -0.014487 -0.028957 0.998829
1311878266.139278 -2.76883 -0.15888 -2.60784 0.0369615 -0.0146468 -0.0302699 0.998751
1311878266.339185  -2.76408 -0.155604  -2.65248 0.0365541 -0.0149394 -0.0282643 0.99882
1311878266.406578 -2.76327 -0.16159 -2.66186 0.035596 -0.0148765 -0.0282385 0.998856
1311878266.437049  -2.76068 -0.151093  -2.65152 0.0386488 -0.0138031 -0.0268018 0.998798
1311878266.574665  -2.75575 -0.150538  -2.65653 0.0345699 -0.00768118 -0.0257102 0.999042
1311878266.604562  -2.75415 -0.152109  -2.66031 0.0347437 -0.00174144 -0.0240133 0.999106
1311878266.938470 -2.74575 -0.14417 -2.68323 0.0325575 0.0419003 -0.0178794 0.998431
1311878266.972348   -2.7484 -0.146791  -2.69156 0.0345351 0.0565934 -0.0177904 0.997641
1311878267.107738  -2.74542 -0.137384   -2.6969 0.0397507 0.0774432 -0.0150706 0.99609
1311878267.175119  -2.73985 -0.129251  -2.69942 0.0400889 0.0903947 -0.0123486 0.995022
1311878267.239857  -2.74259 -0.123736  -2.70346 0.0388799 0.105942 -0.00997025 0.993562
1311878267.375422 -2.76166 -0.12632 -2.75243 0.0285033 0.123153 -0.00814543 0.991945
1311878267.639401  -2.77143 -0.100271  -2.81117 0.0403853 0.151165 -0.00414888 0.987675
1311878267.740664  -2.79671 -0.100361  -2.86166 0.038855 0.156092 -0.00216867 0.986976
1311878267.873139    -2.8062 -0.0886617   -2.89098 0.0411053 0.157343 -0.0025702 0.986685
1311878267.975075   -2.80989 -0.0871515   -2.90106 0.041496 0.156629 -0.00406057 0.986777
1311878268.077623   -2.81441 -0.0902094   -2.91546 0.0403584 0.156598 -0.00322344 0.986832
1311878268.175266   -2.81376 -0.0803017   -2.91203 0.0420541 0.158247 -0.00226395 0.986501
1311878268.242987   -2.79807 -0.0747942   -2.89877 0.0395606 0.154835 -0.00360872 0.987141
1311878268.507488    -2.8178 -0.0764208   -2.95065 0.028746 0.172483 -0.00052752 0.984593
1311878268.575004   -2.81448 -0.0676213   -2.95594 0.0308243 0.179701 0.000149354 0.983238
1311878268.604890   -2.82465 -0.0731689   -2.97973 0.0269565 0.188869 0.00483379 0.98162
1311878268.674571   -2.82574 -0.0749135   -2.99299 0.029088 0.192786 0.00590097 0.980792
1311878268.871819   -2.83464 -0.0559256   -3.03192 0.0277324 0.227633 0.0119216 0.973279
1311878269.008021   -2.84923 -0.0466396   -3.07633 0.0307313 0.255323 0.0176601 0.966206
1311878269.040739   -2.85407 -0.0452924   -3.08569 0.0307671 0.261193 0.018624 0.964616
1311878269.111297   -2.85742 -0.0455944    -3.0933 0.0309953 0.266674 0.0197128 0.963087
1311878269.208283   -2.87457 -0.0376996   -3.12408 0.0299904 0.290827 0.024865 0.955982
1311878269.341979   -2.84835 -0.0103617   -3.11518 0.0404102 0.306507 0.030276 0.950528
1311878269.571723   -2.93361 -0.0523325   -3.22239 0.018856 0.346851 0.0390144 0.936919
1311878269.609622   -2.93993 -0.0508372   -3.22596 0.0260466 0.357165 0.0368989 0.932949
1311878269.675260   -2.93694 -0.0020428   -3.20379 0.0364119 0.365124 0.0361895 0.929542
1311878269.742851  -2.93029 0.0358282  -3.14213 0.0427561 0.37745 0.0316472 0.924501
1311878269.810780  -2.96108 0.0236375  -3.22368 0.0254282 0.384481 0.0458106 0.921645
1311878269.908902  -2.99176 0.0221916  -3.25643 0.0282004 0.396954 0.0461013 0.916246
1311878270.071394  -3.0413 0.035238 -3.27943 0.0353534 0.409536 0.0330597 0.911009
1311878270.110322  -3.06301 0.0196792  -3.28736 0.0303457 0.413153 0.0337618 0.909529
1311878270.207205  -3.08566 0.0449879  -3.30367 0.0419219 0.410752 0.0269373 0.910385
1311878270.242242  -3.09211 0.0347821  -3.31052 0.0387751 0.408807 0.0297697 0.911311
1311878270.275808  -3.10094 0.0335839  -3.32453 0.0385479 0.408795 0.0299155 0.911321
1311878270.476869  -3.13895 0.0477502  -3.36042 0.0397647 0.407117 0.0321977 0.911942
1311878270.542485  -3.15149 0.0507731  -3.36599 0.0400281 0.408286 0.0318857 0.911418
1311878270.776096  -3.21222 0.0654257  -3.41472 0.039885 0.397396 0.0307801 0.916263
1311878270.842437  -3.21837 0.0716578  -3.42307 0.0412094 0.395144 0.030551 0.917186
1311878270.911685 -3.22664  0.07756 -3.42651 0.0415276 0.391797 0.0300828 0.918621
1311878270.978672   -3.2474 0.0735181  -3.45095 0.0386931 0.386421 0.030079 0.92102
1311878271.076363  -3.27646 0.0814452    -3.476 0.0392252 0.378525 0.0272599 0.924358
1311878271.143345  -3.28511 0.0806313  -3.48487 0.0391831 0.376659 0.0275159 0.925114
1311878271.176687  -3.30048 0.0851163  -3.50108 0.0388997 0.371052 0.027188 0.927399
1311878271.242139  -3.30459 0.0895805  -3.50764 0.0401242 0.36762 0.026219 0.92874
1311878271.275388  -3.31906 0.0917891  -3.51913 0.0389728 0.363083 0.0259378 0.93058
1311878271.375754  -3.33889 0.0965306  -3.54213 0.0366884 0.354463 0.0249541 0.934017
1311878271.441840  -3.34495 0.0982674  -3.54636 0.0367648 0.352382 0.0240225 0.934825
1311878271.510819  -3.36673 0.0968931   -3.5721 0.0363348 0.346629 0.0221606 0.937036
1311878271.646089 -3.39208 0.107324 -3.59506 0.0383634 0.336131 0.0200172 0.940821
1311878271.675792 -3.40304 0.115346 -3.60958 0.0378902 0.330387 0.0208959 0.942853
1311878271.707196 -3.41004 0.112235 -3.61896 0.0368033 0.327429 0.0208348 0.943929
1311878271.778153 -3.42152 0.121654 -3.63291 0.0388477 0.322778 0.0196522 0.945473
1311878271.808704 -3.42624 0.124001 -3.63949 0.0385476 0.319786 0.0194148 0.946506
1311878271.908573 -3.44745 0.128968  -3.6633 0.0371471 0.312316 0.0175349 0.94909
1311878272.178691 -3.49002 0.141711 -3.71744 0.0356006 0.291859 0.0155465 0.955672
1311878272.246742 -3.50216 0.143734 -3.73618 0.035309 0.287067 0.0145404 0.957149
1311878272.343739 -3.52619 0.151081 -3.77009 0.0347927 0.275679 0.0126536 0.960537
1311878272.547149 -3.55868 0.161977 -3.81831 0.0345882 0.248589 0.0105028 0.967934
1311878272.610416 -3.56548 0.167548 -3.83468 0.0339495 0.239108 0.00975989 0.97035
1311878272.850796 -3.60865 0.182307 -3.90802 0.031958 0.195075 0.00231598 0.980265
1311878272.888507 -3.61343 0.176785 -3.93797 0.0271106 0.18823 0.00150674 0.981749
1311878272.919011 -3.61604 0.181021 -3.93293 0.0273847 0.181272 0.000914553 0.983051
1311878272.958230 -3.61803 0.180803 -3.93664 0.0278521 0.175626 -0.000167028 0.984063
1311878272.986423 -3.62203 0.181561 -3.95442 0.0284769 0.170197 -0.000236127 0.984998
1311878273.018734 -3.62677 0.183882 -3.96221 0.0292705 0.163686 -0.000890849 0.986078
1311878273.054557 -3.62985 0.185065 -3.97498 0.0294157 0.156695 -0.00189232 0.987207
1311878273.114413 -3.63828 0.186169  -3.9854 0.0295296 0.150896 -0.00349045 0.988102
1311878273.156833 -3.64753 0.189657 -4.00242 0.0299504 0.138728 -0.00612356 0.989859
1311878273.186222 -3.65283 0.191465 -4.01552 0.0299021 0.132964 -0.00729771 0.990643
1311878273.218215  -3.6564 0.193551 -4.02562 0.0299939 0.126776 -0.00835535 0.991443
1311878273.275331 -3.65981 0.193545  -4.0358 0.0294568 0.120794 -0.00945885 0.992195
1311878273.314848 -3.66412 0.193495 -4.05042 0.0292629 0.114749 -0.00996298 0.992913
1311878273.515620 -3.67536 0.207469 -4.09482 0.0295703 0.0839984 -0.0137346 0.995932
1311878273.615205  -3.6848 0.215548 -4.14062 0.0302903 0.0593566 -0.0178081 0.997618
1311878273.778876 -3.69442 0.218343 -4.19839 0.0294228 0.0283956 -0.0232457 0.998893
1311878273.812310 -3.69533 0.219525 -4.20429 0.0297783 0.0221764 -0.0238289 0.999026
1311878273.843966 -3.69442 0.224056 -4.21251 0.0298614 0.015778 -0.0249119 0.999119
1311878274.183331 -3.69204 0.242661 -4.31504 0.0255734 -0.0469153 -0.0337165 0.998002
1311878274.247474 -3.69111 0.243995 -4.33959 0.0237722 -0.0599381 -0.0361982 0.997262
1311878274.279405 -3.68922 0.249783  -4.3518 0.0241358 -0.066302 -0.0372921 0.99681
1311878274.313825 -3.68848 0.247681 -4.36524 0.0225655 -0.0725768 -0.0373746 0.996407
1311878274.515155 -3.67543 0.254071 -4.41599 0.0226041 -0.105779 -0.0390592 0.993365
1311878274.583648 -3.67673 0.259898 -4.44934 0.023907 -0.119587 -0.0426734 0.991618
1311878274.611414  -3.6755 0.260836 -4.46032 0.0236509 -0.12363 -0.0437961 0.991079
1311878274.846523 -3.65758 0.273455 -4.53135 0.0228264 -0.156441 -0.0486311 0.986225
1311878274.914645 -3.65363  0.27431 -4.54298 0.0223702 -0.16048 -0.0495204 0.985542
1311878274.983578 -3.64287 0.279545 -4.57671 0.0215404 -0.168268 -0.0519108 0.984138
1311878275.047344 -3.63415 0.285027 -4.59129 0.020766 -0.171573 -0.0533945 0.983504
1311878275.080128 -3.63449 0.282162 -4.59638 0.0194281 -0.172019 -0.0547753 0.983378
1311878275.151796 -3.62825  0.28707 -4.60179 0.0199642 -0.172743 -0.0547613 0.983241
1311878275.383402 -3.60433 0.298075 -4.67433 0.0173047 -0.157685 -0.0532797 0.985899
1311878275.451000  -3.5988 0.293436 -4.69153 0.0165216 -0.153427 -0.0532904 0.986584
1311878275.515257 -3.58315 0.302442 -4.71387 0.0199569 -0.140219 -0.0504844 0.988631
1311878275.582101 -3.57763 0.305949 -4.73001 0.0205725 -0.127821 -0.0486847 0.990388
1311878275.611372 -3.57189 0.313609 -4.73681 0.0212416 -0.121085 -0.0478106 0.991263
1311878275.711524 -3.56759 0.313383 -4.76945 0.0204792 -0.0995273 -0.0463924 0.993742
1311878275.783458 -3.58534 0.310808 -4.80498 0.0200367 -0.0895703 -0.0455199 0.994738
1311878275.912322 -3.57698 0.323751 -4.81854 0.0219735 -0.0592932 -0.0405547 0.997174
1311878276.055714  -3.5745 0.332776   -4.842 0.0270604 -0.029824 -0.035222 0.998568
1311878276.114908 -3.56667 0.335039 -4.87571 0.01769 -0.0223007 -0.0313346 0.999104
1311878276.157697 -3.56457 0.342016 -4.87241 0.0191171 -0.0189505 -0.0281265 0.999242
1311878276.216546 -3.56304 0.345176 -4.90372 0.0101693 -0.0080041 -0.0200526 0.999715
1311878276.314701 -3.57474 0.303558 -4.92714 0.00572907 0.000439723 -0.0241679 0.999691
1311878276.419124 -3.58355 0.310158 -4.94893 0.0239374 0.00787736 -0.0321356 0.999166
1311878276.682918 -3.60103 0.363244  -5.0054 0.0332202 0.0250369 -0.0230926 0.998868
1311878276.950511 -3.60922 0.373732 -5.09743 0.031099 0.00815658 -0.0240398 0.999194
1311878277.083427 -3.60672 0.389315 -5.12574 0.0254301 -0.0174697 -0.0213485 0.999296
1311878277.150948 -3.60315 0.409095 -5.12664 0.0225816 -0.0342168 -0.0201346 0.998956
1311878277.279397 -3.60899 0.364842 -5.19004 -0.00193709 -0.05729 -0.0189465 0.998176
1311878277.350805 -3.59418 0.352714 -5.21262 -0.0019739 -0.064401 -0.0215528 0.997689
1311878277.582271 -3.60398 0.353973   -5.286 0.00362714 -0.108435 -0.0239401 0.993809
1311878277.686253 -3.60627 0.317835   -5.317 -0.0014605 -0.123449 -0.0272109 0.991977
1311878277.951097 -3.58531 0.333276 -5.40258 0.0160583 -0.174249 -0.0369443 0.983877
1311878278.019085 -3.58254 0.333038 -5.43351 0.015997 -0.198281 -0.0404923 0.979178
1311878278.047881 -3.58206 0.348458 -5.43295 0.0194218 -0.205519 -0.0411148 0.977596
1311878278.215516 -3.56357 0.366059 -5.46885 0.00559547 -0.232259 -0.0506191 0.97132
1311878278.247035 -3.56167 0.366863 -5.47396 0.00223076 -0.233999 -0.054883 0.970684
1311878278.318453  -3.5641 0.377199 -5.47627 -4.34101e-05 -0.236247 -0.0567394 0.970035
1311878278.551483 -3.52117 0.319676 -5.57883 0.00639921 -0.276873 -0.0497616 0.959596
1311878278.618374 -3.56126 0.364248 -5.52985 0.0182684 -0.281875 -0.0447255 0.958234
1311878278.648743  -3.4874 0.303482 -5.60018 0.0083351 -0.296149 -0.0566795 0.953422
1311878278.717172 -3.51633 0.385852 -5.50246 0.0256687 -0.296945 -0.0476202 0.953361
1311878278.756256 -3.42644 0.273877 -5.63837 -0.00677293 -0.306912 -0.0614774 0.949726
1311878279.086793 -3.42586  0.25537 -5.65713 -0.00565106 -0.323488 -0.0681199 0.94376
1311878279.315023 -3.38855 0.286614  -5.6834 -0.0189092 -0.374951 -0.0705113 0.924166
1311878279.418428 -3.35607 0.276123 -5.71227 -0.019085 -0.39106 -0.0764893 0.916983
1311878279.485606 -3.35163 0.276281 -5.72578 -0.0211588 -0.396772 -0.0767394 0.914459
1311878279.553884 -3.33546 0.272081 -5.74114 -0.0229583 -0.408768 -0.0778126 0.909025
1311878279.651551 -3.29995 0.272221  -5.7699 -0.0215939 -0.43311 -0.0791733 0.897597
1311878279.985296 -3.21702  0.27162 -5.83644 -0.0251552 -0.490888 -0.0858551 0.866617
1311878280.051187 -3.18507 0.259402 -5.86178 -0.0264381 -0.502053 -0.087744 0.859968
1311878280.421579 -3.10225 0.277563 -5.90301 -0.0237795 -0.562768 -0.0931853 0.821002
1311878280.519116 -3.06183 0.269584 -5.91719 -0.026244 -0.579277 -0.0939364 0.809275
1311878280.553425 -3.06031 0.271409 -5.91667 -0.0265292 -0.584988 -0.0942331 0.805112
1311878280.784869 -3.00649 0.272162 -5.93523 -0.027255 -0.616059 -0.0974121 0.781179
1311878280.818375 -2.97669 0.261375 -5.94063 -0.0320802 -0.6273 -0.100614 0.771584
1311878280.851350 -2.96404 0.260146 -5.93991 -0.0319922 -0.633034 -0.100706 0.766878
1311878281.084744 -2.91022 0.251655 -5.95523 -0.034966 -0.662056 -0.104888 0.741254
1311878281.284583 -2.83602 0.245994 -5.96349 -0.0386035 -0.696605 -0.10674 0.70842
1311878281.388706 -2.81709 0.246026 -5.97081 -0.0404387 -0.704459 -0.108988 0.70016
1311878281.452015 -2.76708 0.220191 -5.97387 -0.0455192 -0.714227 -0.107886 0.69005
1311878281.552068 -2.75737  0.22195 -5.97787 -0.0454465 -0.726573 -0.105641 0.677397
1311878281.586152 -2.73146 0.216939  -5.9785 -0.0445717 -0.735809 -0.103652 0.667723
1311878281.652942 -2.71278 0.234327 -5.97782 -0.0392313 -0.743326 -0.102249 0.659903
1311878281.720608 -2.69393 0.232574 -5.98089 -0.0392984 -0.751103 -0.107315 0.650218
1311878281.787886 -2.67274 0.231497 -5.97877 -0.0433012 -0.760592 -0.111819 0.63806
1311878281.851260  -2.6489 0.166599 -5.96535 -0.0561205 -0.769199 -0.1134 0.626358
1311878281.918461  -2.6378 0.194712 -5.95159 -0.04761 -0.781895 -0.0996454 0.613551
1311878281.989150 -2.63443 0.250794 -5.94625 -0.0358385 -0.787885 -0.0913352 0.607956
1311878282.050719 -2.56017 0.150932 -6.00196 -0.0499432 -0.786844 -0.125719 0.602143
1311878282.121005 -2.57716 0.187986 -5.99544 -0.0398955 -0.796954 -0.114612 0.591724
1311878282.189140 -2.55905 0.174675 -5.99583 -0.045649 -0.804281 -0.119486 0.58032
1311878282.252802 -2.53978 0.165481 -5.99147 -0.0486834 -0.81147 -0.120246 0.569813
1311878282.321529 -2.52133 0.160512 -5.98985 -0.0511048 -0.817543 -0.122263 0.560414
1311878282.488734 -2.47649 0.155248 -5.97681 -0.049905 -0.83497 -0.122429 0.534178
1311878282.586568 -2.44562 0.139369 -5.96299 -0.0447886 -0.842908 -0.118427 0.522949
1311878282.787543 -2.38713 0.123858 -5.93751 0.0522034 0.865309 0.126638 -0.48216
1311878282.856240 -2.36287 0.126102 -5.93392 0.0459002 0.873169 0.118747 -0.470499
1311878282.921583 -2.36565 0.143541 -5.92647 0.0480711 0.87756 0.121177 -0.461404
1311878283.057576 -2.33394 0.129892 -5.90956 0.047653 0.890534 0.119783 -0.436269
1311878283.156554 -2.29039 0.115975 -5.88608 0.0495934 0.901453 0.121518 -0.412501
1311878283.221396 -2.28959 0.121728 -5.88203 0.0499117 0.904221 0.120012 -0.406806
1311878283.286723 -2.25622 0.106455 -5.86264 0.0509248 0.908875 0.1219 -0.395593
1311878283.356344  -2.2574  0.11272 -5.85426 0.0500892 0.91494 0.117439 -0.382862
1311878283.387486 -2.24185 0.105908 -5.83497 0.0510849 0.920587 0.118512 -0.368599
1311878283.455020 -2.22928 0.106494 -5.82598 0.0518137 0.922513 0.119414 -0.363353
1311878283.486506 -2.22228 0.100349 -5.82292 0.0516086 0.924999 0.120486 -0.356645
1311878283.556657 -2.21038 0.105994 -5.80725 0.0530368 0.929319 0.118542 -0.345688
1311878283.621903  -2.19025 0.0909711  -5.79436 0.0513622 0.933914 0.12364 -0.331481
1311878283.655638  -2.17312 0.0852412  -5.77995 0.053491 0.937241 0.126655 -0.320433
1311878283.757233  -2.15301 0.0699535  -5.76463 0.0523045 0.939218 0.129063 -0.31381
1311878283.825017  -2.15051 0.0960099  -5.76341 0.0506751 0.944833 0.121344 -0.299998
1311878283.889773  -2.13827 0.0909452  -5.75008 0.0524918 0.947668 0.122783 -0.289989
1311878283.957199  -2.12727 0.0915457  -5.73484 0.052432 0.950946 0.121376 -0.279677
1311878283.988004  -2.10798 0.0790937  -5.70626 0.0538643 0.954042 0.125191 -0.266891
1311878284.025560  -2.10607 0.0776646    -5.698 0.0538681 0.95503 0.124823 -0.263506
1311878284.087860  -2.09392 0.0648736  -5.67762 0.0555125 0.955383 0.124929 -0.261828
1311878284.156957  -2.09142 0.0817731  -5.67241 0.0541761 0.957443 0.120851 -0.256441
1311878284.225482  -2.08198 0.0654195  -5.64686 0.0545971 0.959379 0.122785 -0.248061
1311878284.289617  -2.07229 0.0631624   -5.6311 0.0543453 0.961118 0.120756 -0.242316
1311878284.356856  -2.05541 0.0487858   -5.6069 0.0548914 0.962453 0.122265 -0.236055
1311878284.557926  -2.04092 0.0603508  -5.60609 0.0527298 0.964319 0.113564 -0.233264
1311878284.625169  -2.02551 0.0706231  -5.59696 0.0512128 0.965427 0.112023 -0.229735
1311878284.689302  -2.01333 0.0692611  -5.57215 0.0509633 0.967338 0.108679 -0.223268
1311878284.757190  -1.99846 0.0574367  -5.54478 0.0565335 0.968047 0.123829 -0.210605
1311878284.825313    -2.01645 0.000694775    -5.51256 0.0576665 0.969818 0.126347 -0.20041
1311878285.193833 -1.97497 0.011891 -5.47928 0.0565532 0.97241 0.119518 -0.192187
1311878285.257828 -1.95839 0.041019 -5.48311 0.0533384 0.974104 0.108943 -0.190807
1311878285.493505  -1.95493 0.0638542  -5.45775 0.0522032 0.974993 0.111844 -0.184811
1311878285.557843  -1.95511 0.0336309  -5.44444 0.0513122 0.976493 0.102309 -0.18265
1311878285.625327   -2.08307 -0.0069173   -5.32556 0.0650348 0.979785 0.124566 -0.142393
1311878285.692748   -2.09001 0.00806289   -5.34406 0.0525056 0.983605 0.103011 -0.138397
1311878285.756852   -2.17566 -0.0315239   -5.27627 0.0555756 0.985459 0.121239 -0.105278
1311878286.093283   -2.21755 -0.0272181   -5.21033 0.0673418 0.985798 0.128205 -0.0850332
1311878286.460321   -2.22902 -0.0241459   -5.19945 0.075925 0.985652 0.12623 -0.0824079
1311878286.490552   -2.23118 -0.0184103   -5.16254 0.0749239 0.987185 0.114466 -0.0821587
1311878286.825467   -2.22368 -0.0109494    -5.1397 0.0721613 0.988696 0.104963 -0.0790945
1311878286.863756   -2.23373 -0.0294347   -5.10531 0.0748586 0.988295 0.108321 -0.0770491
1311878286.891456   -2.22284 -0.0328057   -5.10071 0.0772454 0.987703 0.11333 -0.0750473
1311878286.925585   -2.24128 -0.0432727   -5.08259 0.079145 0.986956 0.118463 -0.0749669
1311878287.062025   -2.21267 -0.0417576   -5.04122 0.0729169 0.989288 0.0973607 -0.0807038
1311878287.194674   -2.22101 -0.0472747   -4.99324 0.0765706 0.989621 0.0951959 -0.0756691
1311878287.325370   -2.20081 -0.0500733    -4.9593 0.0789213 0.987942 0.10962 -0.0756683
1311878287.394185   -2.18647 -0.0437794   -4.94941 0.0727956 0.989696 0.094853 -0.0787743
1311878287.422752   -2.17318 -0.0472752   -4.93834 0.0684759 0.989675 0.0964924 -0.0808958
1311878287.494184   -2.16745 -0.0572149   -4.91782 0.0532744 0.991122 0.0878085 -0.0844257
1311878287.630426   -2.14869 -0.0793845   -4.87926 0.0525691 0.992573 0.0634368 -0.0895008
1311878287.726602   -2.14935 -0.0744662   -4.84871 0.0455994 0.993372 0.0638154 -0.08403
1311878288.061077   -2.01885 -0.0703094   -4.86395 0.0322434 0.990817 0.0572316 -0.118176
1311878288.129642   -2.02261 -0.0769173   -4.84445 0.031036 0.990414 0.0681078 -0.116098
1311878288.659455   -2.03057 -0.0836623   -4.84464 0.0311839 0.989675 0.0771344 -0.116707
1311878288.730145   -2.00586 -0.0793347   -4.83304 0.0287065 0.989787 0.0728823 -0.1191
1311878288.797511    -2.0117 -0.0778853   -4.84259 0.0277868 0.990041 0.0684646 -0.119832
1311878288.929588    -1.9897 -0.0811146   -4.80668 0.0276065 0.988268 0.0678395 -0.13402
1311878288.997391   -2.02059 -0.0901255   -4.77659 0.030676 0.988425 0.0692745 -0.131435
1311878289.197588   -2.00067 -0.0907637    -4.7169 0.0345648 0.982617 0.0675852 -0.169414
1311878289.227197   -1.99708 -0.0855788   -4.70801 0.0357584 0.981276 0.0695414 -0.176019
1311878289.296528   -1.97989 -0.0803077    -4.7092 0.0334345 0.979415 0.0696394 -0.186493
1311878289.361442    -1.9761 -0.0754966   -4.69153 0.0337534 0.976678 0.070114 -0.200112
1311878289.428138  -1.98608 -0.076347  -4.67752 0.0358053 0.974139 0.0701805 -0.21177
1311878289.494553    -1.9723 -0.0814079   -4.65149 0.036318 0.969144 0.072356 -0.232821
1311878289.561421   -1.96823 -0.0811648   -4.64274 0.0357441 0.968 0.0692963 -0.23853
1311878289.629617   -1.95849 -0.0809295   -4.62959 0.0362228 0.962976 0.0721636 -0.257212
1311878289.696003   -1.95449 -0.0781095   -4.63217 0.0356951 0.961247 0.0705464 -0.26411
1311878289.761657   -1.94414 -0.0919795     -4.589 0.0376068 0.95748 0.074267 -0.276229
1311878289.828600   -1.94313 -0.0859905   -4.59443 0.0361607 0.954005 0.0708792 -0.289037
1311878289.894643   -1.93437 -0.0829303   -4.57213 0.037522 0.94857 0.0680371 -0.306885
1311878289.964930    -1.9305 -0.0835837   -4.57083 0.0389853 0.946014 0.0671401 -0.314689
1311878290.028494   -1.93279 -0.0851497   -4.56096 0.0404924 0.942916 0.067229 -0.323651
1311878290.097607  -1.91522 -0.085569  -4.53669 0.0394937 0.936331 0.0664491 -0.342505
1311878290.127157   -1.90927 -0.0818042   -4.53242 0.0386188 0.934075 0.0647208 -0.349032
1311878290.196585   -1.89922 -0.0782034   -4.52598 0.0378889 0.931485 0.0629906 -0.356276
1311878290.265774   -1.89925 -0.0587356   -4.54052 0.0393691 0.926183 0.0614617 -0.369943
1311878290.329363   -1.87145 -0.0695755   -4.51399 0.0417068 0.920658 0.0659658 -0.382489
1311878290.396668   -1.86888 -0.0604175   -4.48771 0.0413417 0.916619 0.0648121 -0.392301
1311878290.465070    -1.8426 -0.0550864   -4.48429 0.0431817 0.907406 0.0619399 -0.413416
1311878290.529509    -1.8254 -0.0556718   -4.47698 0.0421181 0.903696 0.0608994 -0.421724
1311878290.595937  -1.83729 0.0381817  -4.44765 0.0410652 0.903749 0.037275 -0.424455
1311878290.664387  -1.90892 -0.075412  -4.34298 0.0658446 0.910786 0.0750319 -0.40063
1311878290.827014   -1.91498 -0.0400117   -4.36844 0.0618374 0.89328 0.0642064 -0.440572
1311878290.862781   -1.90247 -0.0402697   -4.35391 0.0630188 0.890402 0.0628553 -0.446387
1311878290.928118   -1.89586 -0.0497665   -4.34937 0.0706401 0.884581 0.0746669 -0.454919
1311878290.997398    -1.8893 -0.0409236   -4.33345 0.0626668 0.882034 0.0580666 -0.463377
1311878291.127700    -1.8736 -0.0498357   -4.31535 0.0714812 0.873344 0.07192 -0.476434
1311878291.165159   -1.86057 -0.0453944   -4.30435 0.0656242 0.867219 0.0627274 -0.489581
1311878291.230846   -1.85204 -0.0416611    -4.2988 -0.0653579 -0.860238 -0.0603361 0.502075
1311878291.330685   -1.83959 -0.0396098   -4.29116 -0.0663751 -0.849972 -0.058952 0.519294
1311878291.396978   -1.84195 -0.0398208   -4.28408 -0.0671833 -0.845947 -0.0591316 0.525702
1311878291.533151   -1.84697 -0.0405524   -4.27988 -0.0704653 -0.837107 -0.0618461 0.538944
1311878291.562659   -1.8476 -0.040325  -4.27745 -0.0704033 -0.830934 -0.0616263 0.548447
1311878291.632926   -1.85091 -0.0401888   -4.27394 -0.0707352 -0.827474 -0.060173 0.553772
1311878291.695498   -1.85423 -0.0412418   -4.27458 -0.0711671 -0.814928 -0.061107 0.571921
1311878291.832686   -1.85954 -0.0392815   -4.27118 -0.0728327 -0.803893 -0.0615004 0.587086
1311878292.033479   -1.86694 -0.0339058    -4.2581 -0.0741401 -0.780497 -0.0600035 0.617841
1311878292.095668    -1.8654 -0.0431198   -4.25845 -0.0772037 -0.771085 -0.0631089 0.628876
1311878292.131768   -1.86918 -0.0343092   -4.26081 -0.0750158 -0.762442 -0.0609951 0.639792
1311878292.197046   -1.87007 -0.0378389    -4.2523 -0.0765181 -0.759169 -0.0602664 0.643565
1311878292.265473   -1.87194 -0.0376989   -4.25106 -0.07725 -0.745952 -0.0606573 0.658717
1311878292.333530   -1.87591 -0.0281347   -4.24777 -0.0768868 -0.74191 -0.0591358 0.663446
1311878292.430339   -1.86782 -0.0371894   -4.23277 -0.0823323 -0.722377 -0.0620392 0.683772
1311878292.563094   -1.85759 -0.0116042    -4.2754 -0.077823 -0.701598 -0.0637677 0.705434
1311878292.630298   -1.81918 -0.0502827   -4.27855 -0.0829177 -0.691494 -0.069337 0.71425
1311878292.662890   -1.80215 -0.0508042   -4.28418 -0.0821397 -0.680517 -0.0686103 0.724874
1311878292.698624  -1.79473 -0.055111   -4.2822 -0.083011 -0.676256 -0.06933 0.728684
1311878292.863096   -1.73904 -0.0575077   -4.28154 -0.0741809 -0.653698 -0.0603045 0.750692
1311878292.932322   -1.72541 -0.0572328   -4.28131 -0.0745385 -0.649187 -0.0604695 0.754548
1311878293.062714   -1.68376 -0.0606855   -4.28265 -0.0750525 -0.629814 -0.0589396 0.770861
1311878293.099810   -1.66696 -0.0640414    -4.2867 -0.075693 -0.619262 -0.0597773 0.779238
1311878293.231964   -1.62993 -0.0603256   -4.29548 -0.0748762 -0.603946 -0.0592834 0.791283
1311878293.398262   -1.58257 -0.0588119   -4.30879 -0.0738118 -0.572689 -0.057499 0.814416
1311878293.463669   -1.56293 -0.0641268   -4.31129 -0.0753494 -0.567617 -0.0574416 0.817823
1311878293.532381   -1.55234 -0.0597469   -4.31582 -0.0753365 -0.556899 -0.0557385 0.825276
1311878293.769289   -1.48752 -0.0576765   -4.34363 -0.0762306 -0.513376 -0.0531323 0.853118
1311878293.833032   -1.44081 -0.0388433   -4.33777 -0.0768071 -0.510417 -0.050064 0.855026
1311878293.900823   -1.43922 -0.0360657   -4.33986 -0.0771531 -0.498876 -0.0497603 0.861797
1311878293.969107   -1.44536 -0.0351553   -4.37183 -0.0824639 -0.484304 -0.0511324 0.869503
1311878294.101424   -1.41181 -0.0339645   -4.39393 -0.0788131 -0.458931 -0.0473667 0.883701
1311878294.201669   -1.37783 -0.0322674   -4.40684 -0.0786032 -0.438541 -0.0433416 0.894217
1311878294.333715   -1.35193 -0.0362784   -4.42059 -0.0791148 -0.420957 -0.0435274 0.902575
1311878294.401796   -1.30884 -0.0447831   -4.43902 -0.0820056 -0.410899 -0.0448219 0.906878
1311878294.469759  -1.29356 -0.052054   -4.4531 -0.0769792 -0.399576 -0.0478623 0.912208
1311878294.601718  -1.23271 -0.021365  -4.44252 -0.0812787 -0.387696 -0.0367469 0.917461
1311878294.698527   -1.24461 -0.0480448   -4.46364 -0.0924432 -0.364364 -0.04584 0.925523
1311878294.769512   -1.21604 -0.0473272   -4.48873 -0.0863951 -0.360499 -0.0423119 0.927785
1311878294.831942   -1.20514 -0.0455181   -4.50399 -0.0825798 -0.346566 -0.0421606 0.933432
1311878294.867991   -1.21055 -0.0455801   -4.49389 -0.090335 -0.33693 -0.040826 0.936296
1311878294.937458   -1.20896 -0.0484108   -4.50498 -0.0892575 -0.334219 -0.0412222 0.937353
1311878295.069632   -1.18064 -0.0546199   -4.55342 -0.0875614 -0.324626 -0.0422637 0.940832
1311878295.137723    -1.1865 -0.0487062    -4.5505 -0.0808891 -0.318875 -0.0410384 0.943447
1311878295.367011   -1.13778 -0.0553856   -4.62275 -0.0880264 -0.329145 -0.0432486 0.939172
1311878295.399523   -1.13175 -0.0573636   -4.63018 -0.0862444 -0.331597 -0.0411544 0.938569
1311878295.469939   -1.12703 -0.0585931   -4.63078 -0.0854045 -0.335734 -0.0426242 0.937108
1311878295.537872   -1.11868 -0.0619982   -4.63744 -0.090184 -0.344742 -0.0421812 0.933402
1311878295.600053   -1.10756 -0.0531376   -4.64181 -0.0865182 -0.354554 -0.0415058 0.930098
1311878295.635910   -1.07662 -0.0722573   -4.66914 -0.0940478 -0.369495 -0.0435628 0.923434
1311878295.667028   -1.06848 -0.0743662   -4.67994 -0.0897136 -0.375341 -0.0429228 0.921536
1311878295.738034   -1.05572 -0.0720949   -4.69644 -0.0868449 -0.38788 -0.0379901 0.916823
1311878295.802139   -1.05682 -0.0726521   -4.69813 -0.0895862 -0.393459 -0.0386031 0.914152
1311878296.001087   -0.99122 -0.0788553   -4.75235 -0.0854339 -0.438094 -0.0374197 0.894077
1311878296.069526  -0.996357 -0.0777334   -4.75449 -0.0862902 -0.444263 -0.0372366 0.890954
1311878296.137006  -0.949061 -0.0809804    -4.7732 -0.0849291 -0.462265 -0.035477 0.881952
1311878296.167238  -0.938666 -0.0800962   -4.78147 -0.0840488 -0.464987 -0.0342515 0.880653
1311878296.237011  -0.943163 -0.0871228    -4.7948 -0.0857138 -0.465079 -0.0369705 0.880334
1311878296.304608  -0.913376 -0.0788115   -4.80366 -0.0834947 -0.473843 -0.0346282 0.875958
1311878296.334547  -0.894173 -0.0829387   -4.81839 -0.0840928 -0.481144 -0.0376325 0.871787
1311878296.504688  -0.846321 -0.0882489   -4.84371 -0.0800714 -0.487282 -0.0338133 0.868908
1311878296.568818  -0.827568 -0.0848303   -4.84854 -0.078802 -0.487581 -0.0316106 0.86894
1311878296.705235 -0.797085 -0.085679  -4.86902 -0.0800009 -0.486187 -0.0346669 0.869494
1311878296.768708  -0.780789 -0.0835857    -4.8772 -0.0816643 -0.487216 -0.0328801 0.868833
1311878296.836683  -0.763397 -0.0851245   -4.88815 -0.0808953 -0.49077 -0.0315816 0.866951
1311878296.934958  -0.725973 -0.0881863     -4.909 -0.080462 -0.497488 -0.0317026 0.863149
1311878297.004725  -0.720936 -0.0896292   -4.91586 -0.0797691 -0.498336 -0.0320407 0.862712
1311878297.104533  -0.695473 -0.0896787   -4.93343 -0.0795883 -0.504251 -0.032657 0.859262
1311878297.205215  -0.665672 -0.0900379   -4.94583 -0.0801496 -0.516134 -0.0323819 0.852134
1311878297.235426  -0.649143 -0.0900751   -4.95075 -0.0822377 -0.526246 -0.0324965 0.845723
1311878297.266707  -0.636444 -0.0869553    -4.9533 -0.0809102 -0.532024 -0.0310118 0.842284
1311878297.336781  -0.625415 -0.0897487   -4.95737 -0.081779 -0.536502 -0.0313187 0.839343
1311878297.404804  -0.605764 -0.0889497   -4.96907 -0.0791955 -0.546814 -0.0305182 0.832941
1311878297.604266 -0.551574 -0.100684  -5.00291 -0.0775081 -0.577977 -0.0321291 0.811728
1311878297.704850 -0.517196 -0.102632  -5.02032 -0.0766194 -0.598616 -0.0340453 0.796636
1311878297.904251 -0.474484 -0.112764  -5.05056 -0.0761173 -0.621684 -0.037945 0.778637
1311878298.077065 -0.416254 -0.113527   -5.0614 -0.0757826 -0.653592 -0.0398944 0.751986
1311878298.102414 -0.405153   -0.1147   -5.0611 -0.0766406 -0.659056 -0.0406659 0.747073
1311878298.236039 -0.373808 -0.117276  -5.06873 -0.0766477 -0.673253 -0.0403467 0.734321
1311878298.304141 -0.346586 -0.125167  -5.08228 -0.0757455 -0.681986 -0.0420528 0.726215
1311878298.372257  -0.33791 -0.110638  -5.07627 -0.0733255 -0.692737 -0.0390813 0.716388
1311878298.508647 -0.285384 -0.126534  -5.08339 -0.0762365 -0.710611 -0.0413262 0.698221
1311878298.640477 -0.242282 -0.132221   -5.0779 -0.0774275 -0.729474 -0.0397768 0.678447
1311878298.904099 -0.152335 -0.139187  -5.06278 -0.0767849 -0.760125 -0.0417587 0.643871
1311878298.972383 -0.140788  -0.13191  -5.05967 -0.0734337 -0.76116 -0.0386022 0.643236
1311878299.104189 -0.0975215  -0.135062    -5.0526 -0.0722649 -0.762462 -0.038561 0.641828
1311878299.240563 -0.0584951  -0.132041   -5.04256 -0.0730783 -0.762733 -0.0368348 0.641514
1311878299.402798 0.00126151  -0.135433   -5.03875 -0.0723845 -0.761753 -0.0399252 0.642572
1311878299.438240 0.0113992 -0.124113   -5.0345 -0.0740003 -0.76142 -0.0388694 0.642847
1311878299.504479  0.030073 -0.138302  -5.03399 -0.0749777 -0.761642 -0.0408613 0.642347
1311878299.604264 0.0538004 -0.140869  -5.03275 -0.0741688 -0.761565 -0.0411624 0.642513
1311878299.672021 0.0687613 -0.141017  -5.02703 -0.0753209 -0.761248 -0.0426965 0.642655
1311878299.740631 0.0898011  -0.15101   -5.0303 -0.0734759 -0.759969 -0.0419701 0.644427
1311878299.872436  0.142583 -0.183881  -5.03029 -0.0898568 -0.754287 -0.0590423 0.647681
1311878299.940522  0.155841 -0.145219  -5.01422 -0.0809224 -0.753115 -0.0439697 0.651411
1311878299.970342 0.175318 -0.14349 -5.00943 -0.0757936 -0.749252 -0.0379639 0.656838
1311878300.040344  0.205505 -0.167338  -5.02594 -0.0787153 -0.741177 -0.0428249 0.665302
1311878300.172676  0.216851 -0.119403  -5.03511 -0.056827 -0.72894 -0.048728 0.680473
1311878300.207376  0.277227 -0.128953  -5.04034 -0.0608686 -0.721119 -0.0534681 0.688058
1311878300.272543  0.290824 -0.125693  -5.04144 -0.0577936 -0.708938 -0.0509959 0.701046
1311878300.305948  0.301818 -0.116203  -5.03863 -0.0540069 -0.705193 -0.0455089 0.705489
1311878300.340933  0.312444 -0.119251  -5.03795 -0.056108 -0.700138 -0.0490504 0.710107
1311878300.439321   0.33842 -0.114659  -5.03381 -0.0565344 -0.685226 -0.0472682 0.724593
1311878300.508173  0.367899 -0.127583  -5.03656 -0.0587037 -0.681855 -0.0445286 0.727767
1311878300.640155  0.407121 -0.129993  -5.03433 -0.0562468 -0.663414 -0.0434472 0.744869
1311878300.671360  0.407946 -0.117872  -5.02464 -0.0528673 -0.653392 -0.037453 0.754242
1311878300.708180  0.417005 -0.118886    -5.028 -0.0562216 -0.64711 -0.0398482 0.759276
1311878300.907967    0.41788 -0.0718968   -5.04092 -0.0461573 -0.623517 -0.0348453 0.779668
1311878301.208136   0.522887 -0.0747152   -5.05482 -0.0570926 -0.600949 -0.0373372 0.796371
1311878301.238186   0.541348 -0.0666486   -5.04951 -0.0459806 -0.602133 -0.0304006 0.796491
1311878301.375948   0.566649 -0.0595976   -5.06173 -0.0512346 -0.600922 -0.0368282 0.796814
1311878301.608447   0.589868 -0.0652282   -5.07235 -0.0408681 -0.607403 -0.0299112 0.792778
1311878301.676265  0.600238 -0.059258  -5.07272 -0.0411174 -0.609739 -0.0314728 0.790909
1311878301.775988   0.628353 -0.0597718   -5.08045 -0.0447823 -0.624713 -0.0316307 0.778928
1311878301.805588   0.650576 -0.0660237   -5.08434 -0.0484225 -0.635825 -0.0331527 0.769599
1311878301.906892  0.678178 -0.066401   -5.0832 -0.0508309 -0.646971 -0.0254915 0.760391
1311878301.976088   0.714894 -0.0285715   -5.06689 -0.0217176 -0.663662 -0.00501131 0.7477
1311878302.040492   0.733863 -0.0526565   -5.06663 -0.0360544 -0.677315 -0.0261638 0.734343
1311878302.237870   0.807056 -0.0521716   -5.07618 -0.0301184 -0.708695 -0.0256083 0.704406
1311878302.308610   0.822977 -0.0520851   -5.07562 -0.0291276 -0.714851 -0.0266002 0.698164
1311878302.376244   0.861483 -0.0627074   -5.09348 -0.0279992 -0.721711 -0.029368 0.691004
1311878302.405962   0.863753 -0.0682548   -5.09869 -0.028455 -0.727827 -0.0324011 0.684403
1311878302.444435    0.87383 -0.0684664   -5.09959 -0.0288858 -0.73205 -0.0337882 0.6798
1311878302.542033   0.903356 -0.0685036   -5.09735 -0.032612 -0.745803 -0.0361678 0.664384
1311878302.573668   0.914045 -0.0674262   -5.09533 -0.0341781 -0.752006 -0.0391867 0.657103
1311878302.715400   0.940025 -0.0700646   -5.09409 -0.0343576 -0.762023 -0.040954 0.64534
1311878302.773854   0.974464 -0.0683893   -5.08899 -0.0322142 -0.772986 -0.0429976 0.632144
1311878302.806397    0.98141 -0.0684586   -5.08994 -0.0329188 -0.779485 -0.0401769 0.624264
1311878302.876064  0.997619 -0.072034  -5.08688 -0.0335349 -0.783578 -0.0404414 0.619069
1311878303.006625    1.04085 -0.0724995    -5.0796 -0.029057 -0.799328 -0.0386768 0.598945
1311878303.144433    1.09083 -0.0728514   -5.06871 -0.0269462 -0.817628 -0.0396294 0.573749
1311878303.208760    1.09938 -0.0720879   -5.06792 -0.0259906 -0.820991 -0.0409583 0.568877
1311878303.241859    1.12158 -0.0723733   -5.06444 -0.0243343 -0.828161 -0.0419165 0.55839
1311878303.273533     1.1333 -0.0718124   -5.06234 -0.0243438 -0.831385 -0.0424548 0.553538
1311878303.544179     1.1946 -0.0700887   -5.03913 -0.0242907 -0.85671 -0.0490914 0.512883
1311878303.674845    1.2354 -0.072273  -5.01406 0.0243102 0.870116 0.0509743 -0.4896
1311878303.747203   1.25751 -0.073576  -5.00532 0.0227988 0.876192 0.0513337 -0.478678
1311878303.875118    1.30279 -0.0805815   -4.97863 0.0219618 0.88907 0.0517055 -0.454312
1311878303.974678    1.32736 -0.0764125   -4.96126 0.0185588 0.900433 0.0460483 -0.432152
1311878304.011734    1.34692 -0.0754829   -4.96051 0.0177846 0.901057 0.0510438 -0.430318
1311878304.041955    1.34544 -0.0698445   -4.96338 0.0150365 0.904646 0.0506915 -0.42287
1311878304.342048    1.42763 -0.0810461   -4.89167 0.0138798 0.929267 0.0533038 -0.36528
1311878304.373946    1.42989 -0.0913872   -4.88846 0.0138647 0.931608 0.0532147 -0.35928
1311878304.410134   1.44107 -0.065143  -4.88113 0.00912562 0.93319 0.0519671 -0.355488
1311878304.476417    1.45384 -0.0870706   -4.86766 0.0107473 0.938316 0.0574478 -0.340803
1311878304.542228    1.46351 -0.0822334   -4.85763 0.00953412 0.942215 0.0552711 -0.330279
1311878304.612512    1.47069 -0.0779108   -4.84668 0.00910029 0.944499 0.0550442 -0.323743
1311878304.745111    1.49211 -0.0767434   -4.81203 0.00869525 0.953205 0.0547024 -0.297207
1311878304.844562    1.51723 -0.0811198   -4.77686 0.0081562 0.96011 0.0577819 -0.273466
1311878304.878173    1.52291 -0.0813265    -4.7667 0.00760477 0.961301 0.0585908 -0.269091
1311878304.910189     1.5301 -0.0844277   -4.75743 0.00733439 0.962403 0.0589946 -0.265039
1311878304.942486    1.53224 -0.0788242    -4.7551 0.00696132 0.963704 0.0575708 -0.260598
1311878305.078543    1.55388 -0.0863021    -4.7186 0.00666913 0.967423 0.0604895 -0.245742
1311878305.145035    1.55736 -0.0770615   -4.70673 0.0063673 0.969618 0.0581476 -0.237526
1311878305.178369    1.56768 -0.0885369   -4.68608 0.00745701 0.970713 0.0605296 -0.232372
1311878305.280737    1.57966 -0.0837949   -4.66822 0.00649589 0.971662 0.0591139 -0.22877
1311878305.813226    1.64271 -0.0616159    -4.5506 0.0081266 0.974235 0.0577671 -0.21786
1311878305.842564    1.64438 -0.0630669   -4.53348 0.0106173 0.974511 0.0693406 -0.21309
1311878306.210716    1.68857 -0.0675727   -4.42971 0.00913586 0.982694 0.0646302 -0.173354
1311878306.281617    1.69143 -0.0725358   -4.42119 0.00849253 0.983324 0.0653662 -0.169496
1311878306.381131   1.71138 -0.071414  -4.38489 0.00656361 0.986162 0.0650824 -0.152337
1311878306.513861    1.72912 -0.0819824   -4.35102 0.00562477 0.988476 0.0666133 -0.135815
1311878306.949708   1.80813 -0.141786  -4.30559 0.00385919 0.996685 0.0596337 -0.0552098
1311878306.978827   1.81404 -0.142085  -4.29363 0.00201066 0.997348 0.0592825 -0.0421772
1311878307.212844   1.82549 -0.133228  -4.23159 -0.00185241 0.998279 0.0585043 0.00358957
1311878307.281990   1.82513 -0.136557  -4.21746 -0.00225042 0.998192 0.0591513 0.01047
1311878307.349300   1.82706 -0.131679  -4.18616 -0.00443066 0.99782 0.0589667 0.0293091
1311878307.417770   1.82762 -0.136413  -4.17024 -0.00568141 0.997225 0.0611675 0.0420463
1311878307.447927   1.83127 -0.138352  -4.15725 -0.00626188 0.996896 0.0622394 0.0478043
1311878307.517148   1.82845 -0.120597  -4.16741 -0.00705376 0.996669 0.059428 0.0553963
1311878307.681165   1.82258 -0.121013  -4.09855 -0.0101173 0.993628 0.0612209 0.0940889
1311878307.715082   1.82362 -0.124675  -4.08098 -0.010796 0.992806 0.06356 0.100897
1311878307.782131   1.82358 -0.131033  -4.07184 -0.0115627 0.992019 0.0640707 0.107982
1311878307.815657   1.81653 -0.128379   -4.0568 -0.00983709 0.990674 0.0642959 0.119723
1311878307.915567   1.81402 -0.137177  -4.01551 -0.0117466 0.988092 0.066143 0.138424
1311878307.947158    1.8084 -0.130266  -4.01401 -0.0119613 0.987167 0.0629263 0.146283
1311878307.978955   1.80564 -0.137217  -3.99408 -0.0123471 0.986234 0.0658566 0.151174
1311878308.016963   1.79852 -0.132488  -3.98427 -0.0123349 0.985165 0.0644777 0.158559
1311878308.081751   1.79177 -0.136238  -3.96285 -0.0125346 0.982641 0.0679934 0.172153
1311878308.149173   1.78696 -0.133641  -3.96169 -0.0115629 0.981288 0.0684552 0.179593
1311878308.378735   1.75654 -0.139247  -3.86833 -0.0146422 0.970668 0.0674398 0.230308
1311878308.418097   1.74932 -0.147635  -3.85455 -0.014881 0.968971 0.0688177 0.236936
1311878308.482275   1.73947 -0.145587  -3.83531 -0.0148222 0.965879 0.0674146 0.249627
1311878308.515553   1.73639 -0.145659  -3.82943 -0.0146417 0.964126 0.066682 0.256514
1311878308.586043   1.72875 -0.148392  -3.81218 -0.0151899 0.960578 0.0671294 0.269355
1311878308.685922   1.71573 -0.143623   -3.7833 -0.015956 0.955365 0.0644875 0.287863
1311878308.750352   1.71084 -0.144021  -3.77322 -0.016753 0.953482 0.0640749 0.294086
1311878308.782965   1.70028 -0.142173  -3.75576 -0.0178872 0.949521 0.0631081 0.30677
1311878308.849946   1.69573 -0.140208  -3.74486 -0.0185068 0.947632 0.0630272 0.312537
1311878308.948493   1.67237 -0.140494  -3.71005 -0.0195343 0.938871 0.0628427 0.33792
1311878309.085797   1.65275 -0.141182  -3.68464 -0.0191831 0.931781 0.0633954 0.356927
1311878309.357856   1.58967 -0.140538  -3.62223 -0.0173687 0.9112 0.0613243 0.407005
1311878309.515776   1.54759 -0.139365  -3.58708 -0.0215089 0.894555 0.0625264 0.442039
1311878309.586191   1.53572 -0.146738  -3.58345 -0.0230025 0.892224 0.0652124 0.446267
1311878309.650007   1.51286 -0.149431  -3.56477 -0.0245238 0.890566 0.0655815 0.449433
1311878309.717636   1.50006 -0.146535   -3.5498 -0.0259934 0.889935 0.0630777 0.450955
1311878309.917637  1.45343 -0.14739 -3.51748 -0.0274748 0.887182 0.0646323 0.456043
1311878309.985722  1.43755 -0.14514 -3.50207 -0.029771 0.888294 0.0639624 0.453825
1311878310.186916   1.39131 -0.152368  -3.45992 -0.0318989 0.891133 0.0619001 0.448366
1311878310.285634   1.37215 -0.140554   -3.4517 -0.0290523 0.892403 0.0588509 0.446441
1311878310.314541   1.35417 -0.142808  -3.43855 -0.0284859 0.893782 0.0611114 0.443405
1311878310.418085    1.3333 -0.147588  -3.42541 -0.0285878 0.894787 0.0632463 0.441066
1311878310.451788   1.32023 -0.138779  -3.41575 -0.0272194 0.896766 0.0611109 0.437418
1311878310.517543   1.30244 -0.146852  -3.39699 -0.0277052 0.897552 0.0623959 0.435591
1311878310.654065   1.27581 -0.137374  -3.38743 -0.0262527 0.900333 0.0639743 0.429672
1311878310.683234   1.25897 -0.138416  -3.37714 -0.0254883 0.901528 0.063636 0.427257
1311878310.717215   1.24988 -0.141421  -3.36879 -0.0254139 0.902308 0.0629266 0.425716
1311878310.750549   1.24024 -0.143124  -3.35772 -0.0259101 0.903397 0.0613855 0.423598
1311878311.121252   1.15603 -0.137733  -3.29783 -0.0132774 0.915626 0.0500912 0.398676
1311878311.186113   1.13928 -0.120022  -3.27562 -0.0165303 0.922416 0.0513354 0.382414
1311878311.285879   1.11579 -0.139753  -3.25487 -0.02741 0.925846 0.0577159 0.372461
1311878311.354010    1.1422 -0.142167  -3.29189 -0.0251777 0.932148 0.0594814 0.356268
1311878312.022537   1.12858 -0.142282  -3.23617 -0.02825 0.944146 0.0649969 0.321817
1311878312.085477   1.10965 -0.133878  -3.23636 -0.0253955 0.947614 0.0630706 0.312097
1311878312.418805   1.05814 -0.142747  -3.14359 -0.0220616 0.954414 0.063621 0.29079
1311878312.450894  1.06289 -0.14065 -3.13261 -0.0219118 0.954771 0.0637502 0.289601
1311878312.590369   1.03911 -0.137077  -3.11202 -0.0197342 0.953371 0.062073 0.29469
1311878312.750475    1.00728 -0.0815997   -3.24242 -0.0210324 0.946194 0.0404918 0.320368
1311878313.154940    1.00236 -0.0970108   -3.21765 -0.0240017 0.94462 0.048946 0.323606
1311878313.420662  0.870924 -0.150741  -3.24342 -0.0361645 0.922256 0.05063 0.381539
1311878313.454415  0.871812 -0.116961  -3.27554 -0.0337056 0.916106 0.0402152 0.397487
1311878313.487578  0.857843 -0.117849  -3.23007 -0.0389504 0.91641 0.0390868 0.39642
1311878313.658578   0.78075 -0.113014  -3.18549 -0.0397077 0.899557 0.0346916 0.433609
1311878313.822191  0.727223 -0.120931  -3.15544 -0.0406984 0.887413 0.035461 0.457805
1311878313.920068   0.740739 -0.0968869   -3.16639 -0.0424102 0.880811 0.0314025 0.470518
1311878314.219336   0.634348 -0.0593428   -3.15581 -0.0452572 0.845311 0.0295302 0.531535
1311878314.556459  0.570576 -0.041299  -3.14291 -0.04741 0.811639 0.027311 0.581591
1311878314.790105   0.484956 -0.0414601   -3.11599 -0.050906 0.776592 0.0270947 0.627359
1311878314.958806   0.455042 -0.0412685   -3.10931 -0.0530816 0.76311 0.0276114 0.643492
1311878315.024904   0.428772 -0.0404138   -3.09836 -0.0542638 0.754716 0.026653 0.65326
1311878315.054554   0.429596 -0.0368739   -3.11133 -0.0544538 0.744872 0.0269581 0.664435
1311878315.126151   0.410673 -0.0371607   -3.10876 -0.0559909 0.735798 0.0274685 0.674324
1311878315.154575   0.402574 -0.0344073    -3.1051 -0.0559739 0.731893 0.0271077 0.678575
1311878315.256275   0.380371 -0.0339274   -3.10405 -0.0559741 0.72216 0.0263883 0.688952
1311878315.325825   0.338171 -0.0351971   -3.09548 -0.0593468 0.705147 0.0270455 0.706055
1311878315.389789   0.313833 -0.0325341   -3.08863 -0.0594484 0.700115 0.0231906 0.711173
1311878315.427207   0.316253 -0.0315434   -3.09726 -0.0599062 0.690987 0.0255007 0.719929
1311878315.554348    0.25247 -0.0325675   -3.08297 -0.0582408 0.678013 0.0243078 0.732336
1311878315.586447   0.247119 -0.0276153   -3.08535 -0.0577819 0.672274 0.0219559 0.737718
1311878315.622430   0.233161 -0.0291558   -3.08462 -0.05828 0.668272 0.0234689 0.741259
1311878315.654823    0.22291 -0.0302162   -3.08581 -0.058598 0.66283 0.0230669 0.746117
1311878315.788834   0.178089 -0.0320606   -3.08662 -0.0601101 0.644553 0.0215648 0.761888
1311878315.857763   0.147811 -0.0328767   -3.07881 -0.0593813 0.642421 0.0218956 0.763734
1311878315.886791   0.155082 -0.0269337   -3.08288 -0.0594105 0.631651 0.0233275 0.772621
1311878316.023450   0.110005 -0.0310079   -3.09327 -0.0627202 0.609558 0.0267821 0.789802
1311878316.154521  0.0748391 -0.0299566   -3.10362 -0.0618525 0.588157 0.0243608 0.80601
1311878316.223374   0.066054 -0.0319652   -3.10766 -0.0629987 0.582653 0.0258187 0.809865
1311878316.291961  0.0236238 -0.0364179   -3.12112 -0.0653013 0.572946 0.0278736 0.816512
1311878316.354772 -0.00950617  -0.0496711    -3.14225 -0.0666918 0.555533 0.0254638 0.828425
1311878316.390699 -0.0127568 -0.0470162   -3.14455 -0.0630683 0.550834 0.0218511 0.831941
1311878316.492412 -0.0354467 -0.0490111    -3.1505 -0.0627436 0.537717 0.0213035 0.840518
1311878316.591041  -0.045658 -0.0494388   -3.15337 -0.0647584 0.521701 0.020382 0.850423
1311878316.757794 -0.0605976 -0.0494006   -3.15888 -0.0697953 0.494825 0.0228175 0.865884
1311878316.792675  -0.065906 -0.0494379   -3.16148 -0.0697099 0.489186 0.0227453 0.869092
1311878316.857596 -0.0700906 -0.0503302   -3.16291 -0.0699922 0.483049 0.0221237 0.872511
1311878316.957532 -0.0810104 -0.0516964   -3.16857 -0.0707383 0.4649 0.021695 0.882266
1311878317.025562 -0.0914299 -0.0537116   -3.17375 -0.0721612 0.446481 0.0218368 0.891611
1311878317.162016  -0.110625 -0.0573858   -3.20234 -0.0724498 0.426031 0.022121 0.901532
1311878317.223586 -0.118921  -0.05734  -3.20987 -0.0723641 0.414 0.0219468 0.907131
1311878317.261264  -0.154593 -0.0656315   -3.21306 -0.078967 0.394995 0.0194862 0.915076
1311878317.362457  -0.100839 -0.0332778   -3.22545 -0.080329 0.384248 0.0184121 0.919544
1311878317.463177   -0.11881 -0.0387359   -3.25223 -0.0785411 0.362783 0.0169317 0.928404
1311878317.559785  -0.134991 -0.0417654   -3.26541 -0.0778963 0.344448 0.0148465 0.93545
1311878317.825325  -0.133339 -0.0448788   -3.26809 -0.0778807 0.293814 0.0136076 0.952587
1311878317.893624  -0.137528 -0.0496376   -3.28024 -0.0785776 0.286551 0.0136238 0.95474
1311878318.061811 -0.0970058 -0.0394038   -3.26715 -0.0851448 0.247476 0.0148973 0.965031
1311878318.224123  -0.115221 -0.0323177   -3.35428 -0.0800326 0.208999 0.0112615 0.97457
1311878318.395236 -0.134512  -0.03683  -3.39519 -0.0886686 0.175825 0.0100546 0.980369
1311878318.461033   -0.14848 -0.0459505   -3.43658 -0.0850483 0.154656 0.0106692 0.984243
1311878318.690302  -0.169911 -0.0219557   -3.44799 -0.0800143 0.118014 0.00834614 0.989748
1311878318.760805  -0.172378 -0.0270817   -3.47772 -0.0805529 0.107013 0.00720207 0.990963
1311878318.828543  -0.180031 -0.0243705    -3.4898 -0.0801727 0.0971908 0.00427966 0.992022
1311878318.891584 -0.177106  -0.01745  -3.52154 -0.0788392 0.0849641 0.00356344 0.993254
1311878318.926482  -0.174464 -0.0154018   -3.53369 -0.0788224 0.0747905 0.00251327 0.994076
1311878319.061905  -0.188389 -0.0230675   -3.60282 -0.0805815 0.0660655 0.00289039 0.994552
1311878319.159327  -0.195716 -0.0222668   -3.59761 -0.0728394 0.0644821 0.00232182 0.995254
1311878319.328407 -0.285398 -0.113273  -3.74692 -0.0865065 0.0801417 0.00170664 0.993021
1311878319.358812 -0.285586  -0.11222  -3.74484 -0.0864434 0.0802829 0.00156081 0.993015
1311878319.529628 -0.270427 -0.107113  -3.76864 -0.0792118 0.0962762 0.00277862 0.992194
1311878319.630935  -0.251442 -0.0799533   -3.73408 -0.0741583 0.101254 0.00399751 0.992085
1311878319.697978 -0.257377 -0.211385   -3.7807 -0.0937337 0.117767 0.00962423 0.988561
1311878319.726966 -0.272089 -0.204736  -3.81139 -0.0880627 0.13319 0.00615457 0.987151
1311878319.798143 -0.274888 -0.207728  -3.82255 -0.0899246 0.141489 0.00762149 0.985818
1311878320.061819  -0.26873 -0.215657  -3.80267 -0.0993868 0.151495 0.00696813 0.983424
1311878320.129637 -0.269654 -0.212108  -3.80197 -0.0869103 0.16443 0.00620073 0.982533
1311878320.261910  -0.27175 -0.204604  -3.81394 -0.0873009 0.189427 0.0142419 0.977902
1311878320.330137 -0.281927 -0.202989  -3.86627 -0.083038 0.205802 0.0154524 0.974942
1311878320.359972 -0.290308 -0.202619  -3.87317 -0.0845247 0.214598 0.0161332 0.972905
1311878320.498119 -0.311089  -0.20387  -3.90895 -0.081621 0.233279 0.0168345 0.968832
1311878320.528154 -0.317966 -0.203188   -3.9237 -0.0823972 0.241201 0.0183453 0.966797
1311878320.595915 -0.331753 -0.204139  -3.94134 -0.0812348 0.24082 0.0184175 0.966989
1311878320.661993  -0.30476 -0.182666  -3.92603 -0.0765518 0.240028 0.0205567 0.967525
1311878320.729951 -0.327991 -0.205219   -3.9806 -0.0810213 0.234797 0.0241292 0.968361
1311878320.866408 -0.338219 -0.203742   -4.0087 -0.0858701 0.232098 0.0248814 0.968575
1311878320.929662 -0.353606 -0.210385  -4.02372 -0.0897198 0.229976 0.0246276 0.968739
1311878320.998378  -0.35846 -0.211221  -4.03656 -0.0883998 0.225099 0.0256246 0.969979
1311878321.097833 -0.377994 -0.212441   -4.0716 -0.0848688 0.21313 0.0269454 0.972958
1311878321.165866 -0.375678 -0.204594   -4.0677 -0.0843207 0.203303 0.0249725 0.975159
1311878321.194588 -0.389756 -0.216492  -4.10086 -0.0857573 0.192127 0.0236166 0.977331
1311878321.265437 -0.396053  -0.21655  -4.10585 -0.0856342 0.188921 0.0236313 0.977966
1311878321.329653 -0.394696 -0.209475  -4.11353 -0.083166 0.176858 0.0232096 0.980442
1311878321.397127 -0.400204  -0.20946  -4.12459 -0.0839605 0.164327 0.0236472 0.982542
1311878321.427090 -0.402402 -0.202772  -4.17716 -0.0805541 0.157443 0.0272091 0.983861
1311878321.497514 -0.403486 -0.204478  -4.18373 -0.0827449 0.144777 0.0295997 0.985554
1311878321.566275 -0.406941 -0.211678  -4.20417 -0.083544 0.128546 0.0287987 0.987759
1311878321.630395 -0.419555 -0.193739   -4.2279 -0.0838662 0.125838 0.0256581 0.988166
1311878321.697699 -0.432475 -0.232081  -4.27463 -0.0911793 0.120167 0.0247227 0.988248
1311878321.766125 -0.430872 -0.230022  -4.27446 -0.0840508 0.117368 0.0231365 0.989255
1311878321.829478 -0.439702 -0.211181   -4.2643 -0.079821 0.117211 0.019039 0.989711
1311878321.898046 -0.446136 -0.211214  -4.29954 -0.0798843 0.113447 0.0175016 0.990173
1311878321.966159 -0.445734 -0.203908  -4.31305 -0.0800243 0.113342 0.0178445 0.990167
1311878322.030546 -0.450272 -0.195197  -4.31024 -0.0804535 0.112953 0.018231 0.99017
1311878322.098577 -0.459206 -0.216519  -4.35339 -0.0856405 0.111672 0.0199888 0.989846
1311878322.166323 -0.467131 -0.215671  -4.38083 -0.0855215 0.112555 0.0189141 0.989778
1311878322.233919 -0.469847 -0.217907  -4.40145 -0.0885922 0.111971 0.0187079 0.989578
1311878322.297883 -0.473528 -0.218879  -4.40956 -0.0886155 0.112627 0.0194028 0.989488
1311878322.330546  -0.48018 -0.215926  -4.42488 -0.0846879 0.113091 0.018118 0.989803
1311878322.397874 -0.501666 -0.220439   -4.4677 -0.0902381 0.114741 0.0158805 0.989161
1311878322.465573 -0.501574 -0.220579  -4.47227 -0.0874644 0.114652 0.0152562 0.98943
1311878322.530203 -0.508077  -0.21756  -4.47702 -0.085312 0.114848 0.0149173 0.989601
1311878322.563981 -0.517547 -0.220616  -4.51211 -0.0846157 0.116002 0.0147522 0.989528
1311878322.634188 -0.520008 -0.222824   -4.5292 -0.0854912 0.114787 0.0150575 0.98959
1311878322.697679 -0.524851 -0.222941  -4.54923 -0.0916009 0.114306 0.0139048 0.989116
1311878322.730924 -0.518797   -0.2401  -4.56603 -0.0960435 0.111406 0.0160174 0.988993
1311878322.764123 -0.517444 -0.246692  -4.55796 -0.0943698 0.112872 0.0169416 0.988973
1311878322.794248  -0.52496 -0.248825  -4.57081 -0.0932997 0.114204 0.0153527 0.988947
1311878322.833370 -0.528522 -0.248539  -4.58428 -0.0884193 0.114025 0.0154397 0.989415
1311878322.933235 -0.550893 -0.252443  -4.61491 -0.112603 0.115189 0.0181347 0.986774
1311878322.964609 -0.547791 -0.243571  -4.63099 -0.0925181 0.112824 0.00488072 0.989286
1311878322.994386 -0.590298  -0.24324  -4.66352 -0.0957781 0.121549 0.00105164 0.987953
1311878323.034325 -0.587587 -0.242932  -4.66954 -0.103829 0.113999 0.00353415 0.988034
1311878323.064101 -0.578035 -0.254967  -4.66417 -0.103031 0.11594 0.00118565 0.987897
1311878323.133962 -0.592718 -0.241524  -4.68048 -0.0927011 0.117488 -0.00208855 0.988736
1311878323.163439  -0.59509 -0.257477  -4.71447 -0.0957406 0.116234 -0.000148218 0.988597
1311878323.234236 -0.604563 -0.256246  -4.74092 -0.0980358 0.116622 0.000456572 0.988326
1311878323.297927 -0.609913 -0.257801    -4.762 -0.0968388 0.117419 -0.000172429 0.98835
1311878323.366151 -0.613536 -0.260748  -4.76726 -0.0977525 0.11705 -0.000153352 0.988303
1311878323.502223 -0.626551 -0.264776  -4.80316 -0.0989717 0.118674 -0.000700218 0.987988
1311878323.532052 -0.628118 -0.264109  -4.82325 -0.0982446 0.118544 -0.00121783 0.988076
1311878323.601604  -0.62835 -0.272651  -4.83723 -0.0998503 0.119102 -0.000588592 0.987848
1311878323.666404 -0.630853 -0.242401  -4.82099 -0.094697 0.123256 -0.000368927 0.987846
1311878323.733853 -0.637551 -0.267794  -4.87028 -0.0971517 0.127236 -0.000404447 0.987103
1311878323.801928 -0.658303 -0.283171  -4.92249 -0.103642 0.134468 -0.00448358 0.985473
1311878323.830422 -0.646913 -0.267596   -4.9017 -0.0979294 0.141616 -0.00457408 0.985055
1311878323.968035 -0.660494 -0.277971  -4.94138 -0.10044 0.154553 -0.00158887 0.982865
1311878323.998108 -0.664197 -0.265758  -4.95407 -0.0991943 0.162772 -0.00276821 0.981661
1311878324.032014 -0.665116 -0.269633  -4.94802 -0.100426 0.166542 -0.00260184 0.980903
1311878324.103130 -0.663815 -0.264988  -4.96753 -0.0980149 0.169922 -0.00331215 0.980566
1311878324.166076 -0.682582 -0.269077  -4.98605 -0.101923 0.175605 -0.00395251 0.979162
1311878324.198434 -0.684861 -0.279998  -4.99332 -0.100746 0.173933 -0.00442159 0.979581
1311878324.401458  -0.70361 -0.282953  -5.05137 -0.0985805 0.168553 -0.00221786 0.980748
1311878324.534203 -0.719001  -0.29197  -5.09419 -0.0995491 0.168903 -0.00612381 0.980573
1311878324.598432 -0.726869 -0.284324  -5.09589 -0.095069 0.170243 -0.00711045 0.98078
1311878324.669512 -0.737978 -0.300486   -5.1468 -0.0943285 0.166525 -0.00575914 0.981498
1311878324.770145 -0.807399 -0.241992  -5.06945 -0.0842487 0.174725 -0.0089962 0.980965
1311878324.834191 -0.803397 -0.290916  -5.13457 -0.0936367 0.169397 -0.00584144 0.981072
1311878324.901804 -0.822695 -0.296513  -5.17414 -0.0916944 0.173435 -0.00697838 0.980543
1311878324.971242 -0.821004 -0.272767  -5.19279 -0.0873162 0.17201 -0.0089974 0.981177
1311878324.999309 -0.816765 -0.293335  -5.18655 -0.0951483 0.168034 -0.00803363 0.981146
1311878325.070410 -0.834221 -0.282362  -5.20625 -0.0888316 0.173989 -0.00995877 0.980682
1311878325.134025 -0.842989 -0.294856  -5.23196 -0.0902499 0.171632 -0.00873256 0.98098
1311878325.201799 -0.844661 -0.272599  -5.22502 -0.0875497 0.174587 -0.00687231 0.980718
1311878325.269944 -0.845262 -0.272164  -5.23568 -0.0900537 0.173204 -0.00583341 0.980743
1311878325.333594 -0.864022 -0.288057  -5.27104 -0.0972405 0.172503 -0.00601245 0.980179
1311878325.402088 -0.868937 -0.292507  -5.29135 -0.0979003 0.178332 -0.0081797 0.979054
1311878325.471472 -0.870064 -0.280334  -5.31332 -0.097802 0.18016 -0.00934929 0.978718
1311878325.601620 -0.878974 -0.288327  -5.34632 -0.094932 0.189672 -0.00810806 0.977214
1311878325.670154 -0.879973 -0.280107  -5.36026 -0.0932747 0.195867 -0.00829559 0.976149
1311878325.700290 -0.890135 -0.283101  -5.39049 -0.0937255 0.204538 -0.00825146 0.974326
1311878325.837790 -0.905752 -0.292772  -5.42135 -0.0940731 0.216432 -0.00898592 0.971713
1311878325.901960 -0.912969 -0.293971  -5.44016 -0.0927611 0.224508 -0.00870136 0.970008
1311878325.934139 -0.919306 -0.292237  -5.44599 -0.093487 0.232234 -0.00774808 0.968126
1311878326.070819  -0.93559 -0.287982  -5.48398 -0.0875498 0.242513 -0.00852357 0.966152
1311878326.098769 -0.946142 -0.283788  -5.50057 -0.0894375 0.250675 -0.00814818 0.963897
1311878326.238442  -0.95966 -0.285526  -5.52594 -0.0894876 0.262102 -0.0077051 0.960851
1311878326.302487 -0.975007 -0.289018  -5.55492 -0.091109 0.271251 -0.00643894 0.958165
1311878326.369982 -0.979024 -0.282073   -5.5666 -0.0857488 0.279934 -0.00710652 0.956156
1311878326.438506 -0.986376 -0.284576  -5.57327 -0.086311 0.285248 -0.00734232 0.954531
1311878326.466796 -0.995933 -0.285288  -5.58433 -0.0869117 0.291847 -0.00733658 0.95248
1311878326.538162  -1.00487 -0.285854  -5.60323 -0.0881777 0.297229 -0.00624488 0.950705
1311878326.698353  -1.03125 -0.286889  -5.64872 -0.0923123 0.314224 -0.00226485 0.944847
1311878326.769514 -1.02098 -0.28198  -5.6517 -0.0879935 0.320416 -0.00108502 0.943181
1311878326.798361  -1.04428 -0.282131   -5.6783 -0.0863074 0.32802 -0.000605971 0.94072
1311878327.034623   -1.0876 -0.290264  -5.72613 -0.0871995 0.355987 0.000344421 0.930413
1311878327.438082  -1.17254 -0.290984  -5.82497 -0.0837847 0.398524 -0.000457736 0.913323
1311878327.605712  -1.20339 -0.277841  -5.85751 -0.0776225 0.426506 -0.00124388 0.901147
1311878327.634831 -1.20891 -0.27563 -5.87212 -0.074727 0.435079 -0.00150233 0.897285
1311878327.666736  -1.22009 -0.280708  -5.87347 -0.0799776 0.443861 0.000697898 0.892519
1311878327.704080  -1.23159 -0.279625  -5.87982 -0.0798564 0.447597 0.00117333 0.890662
1311878327.734438  -1.23426 -0.276698   -5.8896 -0.0772608 0.452097 -0.000988869 0.888616
1311878327.807190 -1.26641 -0.29266 -5.90132 -0.0798105 0.460565 0.000343664 0.884031
1311878327.937506  -1.27604 -0.273628  -5.92243 -0.0673776 0.482042 -0.00031498 0.873553
1311878328.069441  -1.31461 -0.292272  -5.94521 -0.0778713 0.503419 0.00542738 0.860509
1311878328.206134  -1.34687 -0.288502  -5.96784 -0.0757972 0.526145 0.00597605 0.846989
1311878328.272686  -1.37139 -0.290209  -5.98269 -0.0702952 0.539751 0.00442366 0.838873
1311878328.337835  -1.36551 -0.268703  -5.99732 -0.06384 0.548369 0.000502585 0.833796
1311878328.406114  -1.38021 -0.255176  -6.00606 -0.0621332 0.558921 -0.000934653 0.826889
1311878328.473262  -1.40846 -0.280607  -6.01515 -0.0648617 0.569249 0.00438649 0.819591
1311878328.538434  -1.44265 -0.281758  -6.02485 -0.0712401 0.582133 0.0107718 0.809895
1311878328.673213  -1.44944 -0.256671  -6.04287 -0.0578935 0.603478 0.00353885 0.795267
1311878328.737553  -1.47649 -0.263463  -6.04868 -0.0596483 0.61423 0.00549008 0.786851
1311878328.935179 -1.54289  -0.2527 -6.06138 -0.0548329 0.650608 0.00434895 0.757419
1311878329.006000  -1.55393 -0.254601  -6.06098 -0.0549341 0.655696 0.00424916 0.753012
1311878329.034646  -1.57398 -0.254967  -6.06597 -0.0574061 0.664957 0.007645 0.744633
1311878329.110565 -1.59347 -0.24876 -6.06965 -0.0535693 0.675552 0.00590162 0.73534
1311878329.172349 -1.61102 -0.25182 -6.06978 -0.0520395 0.680139 0.00589809 0.73121
1311878329.208342  -1.62016 -0.244783  -6.07474 -0.0492033 0.689356 0.00508155 0.722732
1311878329.373044  -1.66855 -0.239355   -6.0759 -0.0488232 0.712434 0.00713078 0.700002
1311878329.437862  -1.63458 -0.209056  -6.10733 -0.041339 0.713154 0.00404489 0.699776
1311878329.504380   -1.6822 -0.224319  -6.09726 -0.0428351 0.721674 0.0157816 0.690727
1311878329.539667  -1.71414 -0.227157  -6.09992 -0.0401125 0.728978 0.0207816 0.683045
1311878329.605304  -1.70346 -0.194354  -6.12788 -0.036831 0.731042 0.0226837 0.68096
1311878329.638395  -1.73679 -0.234665  -6.12277 -0.0442405 0.738263 0.0367329 0.672057
1311878329.670795   -1.7449 -0.233224   -6.1227 -0.0425801 0.743341 0.0355269 0.66661
1311878329.807034  -1.77486 -0.232487  -6.11958 -0.0356803 0.758623 0.0277287 0.649961
1311878329.873714  -1.80115 -0.223477  -6.11092 -0.0374832 0.77308 0.0336042 0.632308
1311878330.004277  -1.89229 -0.301882  -6.06085 -0.0517091 0.787262 0.0382478 0.613254
1311878330.139811  -1.89481 -0.254114  -6.06885 -0.0549652 0.804201 0.0120199 0.591689
1311878330.273778  -1.92905 -0.269115  -6.06192 -0.0439213 0.816991 0.0155906 0.574764
1311878330.341491  -1.96006 -0.254102  -6.06343 -0.0394534 0.820652 0.0178897 0.569784
1311878330.472402  -1.98616 -0.257398  -6.04382 -0.0372642 0.836503 0.00991319 0.546604
1311878330.541724  -2.01207 -0.262783  -6.03585 -0.036413 0.844416 0.0089637 0.534374
1311878330.702761 -2.07778 -0.24543 -6.00503 -0.028882 0.86599 0.00406143 0.49921
1311878330.738926  -2.07262 -0.255555  -6.00146 -0.0315952 0.869449 0.00487481 0.492987
1311878330.808426  -2.06294 -0.229899  -5.94368 -0.0562543 0.876901 -0.000736562 0.477367
1311878330.871729 -2.10625 -0.33495 -5.92865 -0.0699082 0.879886 0.0217452 0.469511
1311878330.941093  -2.08382 -0.337382  -5.93305 -0.05603 0.887264 0.00411497 0.457828
1311878330.973526  -2.18232 -0.404712  -5.92954 -0.0663257 0.887454 0.0310592 0.455041
1311878331.539308 -2.19949  -0.4027 -5.91723 -0.0647277 0.893821 0.0305025 0.442679
1311878331.571102  -2.20751 -0.404901  -5.91092 -0.0636135 0.896859 0.0299747 0.436692
1311878331.606597  -2.21535 -0.404724  -5.90629 -0.0632281 0.899844 0.0303896 0.430534
1311878331.638576  -2.22273 -0.403237   -5.8995 -0.0620742 0.90264 0.0292637 0.424891
1311878331.708917  -2.22188 -0.403656  -5.89921 -0.0621222 0.905503 0.0295657 0.418726
1311878331.773061  -2.22783 -0.400315  -5.89036 -0.0620656 0.910621 0.0293599 0.407498
1311878331.908221  -2.26175 -0.399445  -5.85962 -0.0601766 0.921908 0.0303401 0.381502
1311878332.139413 -2.30872 -0.40037 -5.80718 -0.0542291 0.94028 0.0264309 0.335014
1311878332.209175  -2.31616 -0.399781  -5.79722 -0.0542332 0.942677 0.0258313 0.328255
1311878332.409788  -2.35182 -0.396299  -5.74738 -0.0503502 0.956586 0.0237893 0.286081
1311878332.476498  -2.34452 -0.378855  -5.75418 -0.0478751 0.9584 0.0220236 0.280521
1311878332.939683  -2.41998 -0.377492   -5.6067 -0.0414344 0.98066 0.0164098 0.190576
1311878333.006161 -2.42642 -0.37443 -5.58385 -0.0413592 0.983315 0.0157962 0.176438
1311878333.077254 -2.43737  -0.3724 -5.56449 -0.0389033 0.985659 0.014894 0.163528
1311878333.106735  -2.43915 -0.369724  -5.55086 -0.0380309 0.987933 0.0145981 0.149427
1311878333.138022   -2.4404 -0.370231  -5.53925 -0.0381639 0.988959 0.0149802 0.142405
1311878333.174037   -2.4419 -0.369159  -5.53074 -0.0374955 0.989912 0.0145847 0.135854
1311878333.206094  -2.44482 -0.369459  -5.52177 -0.0367101 0.99078 0.0148111 0.12957
1311878333.276757  -2.44626 -0.365122  -5.51063 -0.0368221 0.991604 0.013655 0.123203
1311878333.444348   -2.4638 -0.356546  -5.45755 -0.0304929 0.995772 0.0137323 0.085555
1311878333.575628  -2.47118 -0.354414  -5.42667 -0.0285518 0.99731 0.0131759 0.0662093
1311878333.605867  -2.46952 -0.351528  -5.40657 -0.0273932 0.998159 0.0112852 0.0529188
1311878333.676556  -2.46942 -0.348897  -5.39555 -0.0263868 0.998374 0.011079 0.0493073
1311878333.706239  -2.46861 -0.351751  -5.37591 -0.026445 0.998557 0.0132312 0.0448383
1311878333.807371  -2.47403 -0.342764  -5.34717 -0.0236003 0.998838 0.0109853 0.0405654
1311878333.844240 -2.47553 -0.34481 -5.33762 -0.0228733 0.998907 0.0121908 0.0388875
1311878333.874719  -2.47665 -0.343025  -5.32934 -0.0224337 0.998987 0.0118549 0.0371556
1311878333.907560  -2.47457 -0.341928  -5.31962 -0.0219853 0.999053 0.0119001 0.0356231
1311878333.941792  -2.47443 -0.342983  -5.30959 -0.0234227 0.998994 0.0128163 0.0360263
1311878334.009088  -2.47632 -0.337644  -5.28982 -0.0242325 0.998982 0.0112042 0.0363552
1311878334.076504  -2.47468 -0.332944  -5.29296 -0.0242093 0.999002 0.0116351 0.0356775
1311878334.144909  -2.47679 -0.338339  -5.26336 -0.0230644 0.998945 0.0147092 0.036883
1311878334.208287  -2.47945 -0.334429  -5.24127 -0.0224743 0.998878 0.0157766 0.0385741
1311878334.245199 -2.48017 -0.33283  -5.2272 -0.022983 0.998829 0.0159257 0.0394834
1311878334.308819   -2.4821 -0.333734  -5.21553 -0.0231716 0.99878 0.0159083 0.0405897
1311878334.341771  -2.48175 -0.329495  -5.19362 -0.0237367 0.998757 0.0148872 0.0412242
1311878334.476378  -2.48676 -0.327466   -5.1645 -0.0226077 0.998679 0.0147999 0.043703
1311878334.545029   -2.4878 -0.323012  -5.14415 -0.022273 0.998645 0.0144557 0.0447498
1311878334.776096  -2.49488 -0.319562  -5.06936 -0.0226322 0.998434 0.013727 0.0492757
1311878334.810186  -2.49541 -0.317003  -5.05026 -0.0236242 0.998322 0.0137442 0.0510549
1311878334.944484  -2.49705 -0.315189  -5.02331 -0.0234252 0.99815 0.01422 0.0542746
1311878334.974844  -2.49859 -0.312432  -5.00766 -0.0232813 0.997966 0.0138367 0.0577156
1311878335.044541  -2.49999 -0.312939  -4.98875 -0.0247186 0.997846 0.0151461 0.0588408
1311878335.177032 -2.50181 -0.30756 -4.95241 -0.0265847 0.997374 0.0136293 0.0659671
1311878335.209908  -2.50293 -0.306919  -4.93568 -0.0269816 0.996943 0.0140552 0.0719594
1311878335.311345  -2.49829 -0.298228  -4.91832 -0.026243 0.995964 0.0135542 0.0847485
1311878335.377625  -2.49858 -0.298483  -4.90858 -0.0264424 0.995544 0.0139948 0.0894284
1311878335.474624 -2.50579 -0.28988 -4.86943 -0.0285942 0.993626 0.0141924 0.108114
1311878335.577021 -2.50921  -0.2915 -4.84752 -0.030861 0.992463 0.0160107 0.117512
1311878335.641885  -2.51148 -0.291723  -4.83032 -0.0320313 0.991444 0.0163677 0.125478
1311878335.711817  -2.51386 -0.293069  -4.81082 -0.0334664 0.990218 0.0185256 0.134184
1311878335.742551  -2.51925 -0.284268  -4.79286 -0.033689 0.989036 0.0180024 0.142646
1311878335.813144  -2.52412 -0.285003  -4.77563 -0.0355788 0.987795 0.0189552 0.15045
1311878335.880359  -2.52147 -0.283135  -4.76974 -0.0374956 0.987157 0.0181189 0.154232
1311878335.945298  -2.52023 -0.284722  -4.75355 -0.0399775 0.985941 0.0196255 0.161051
1311878335.978674  -2.49292 -0.312603  -4.73522 -0.0421111 0.985009 0.0213404 0.165917
1311878336.045401  -2.49143 -0.313696  -4.72558 -0.0428958 0.984482 0.025077 0.168305
1311878336.182239  -2.51241 -0.315499  -4.67479 -0.0417683 0.984835 0.0221188 0.166931
1311878336.313793  -2.59142 -0.217146  -4.67687 -0.0398928 0.984107 0.0123396 0.172596
1311878336.642454  -2.60202 -0.175432  -4.60928 -0.0376336 0.984171 0.0110037 0.172828
1311878336.712216  -2.60106 -0.172838  -4.60768 -0.0374285 0.984195 0.0111175 0.172733
1311878336.742361  -2.56955 -0.155669  -4.58881 -0.0368682 0.984865 0.00923265 0.169102
1311878336.778184  -2.56478 -0.152889  -4.58503 -0.0370172 0.984943 0.00892332 0.168637
1311878337.078151 -2.57048 -0.13205 -4.48988 -0.0363374 0.987582 0.00657121 0.152706
1311878337.109927 -2.58715 -0.12592 -4.49678 -0.0362508 0.987613 0.00502293 0.152579
1311878337.181674  -2.59987 -0.119288  -4.48701 -0.0351353 0.987742 0.00506541 0.152006
1311878337.248182   -2.58505 -0.0971424   -4.47325 -0.0337005 0.988548 0.00321454 0.147063
1311878337.345814  -2.61836 -0.121639  -4.45232 -0.0341578 0.98898 0.0077601 0.143847
1311878337.413506  -2.62746 -0.125379  -4.45108 -0.0343026 0.989113 0.00903635 0.142815
1311878337.480764  -2.65148 -0.109448  -4.44224 -0.0341981 0.989625 0.00726178 0.139358
1311878337.509962  -2.66758 -0.114655  -4.44766 -0.0336182 0.989667 0.00619936 0.139251
1311878337.549367 -2.66294 -0.10875 -4.43882 -0.0332121 0.990032 0.00586491 0.136743
1311878337.612882  -2.66971 -0.110102   -4.4401 -0.0328359 0.990087 0.00579728 0.13644
1311878337.878553  -2.69527 -0.105245  -4.35633 -0.031364 0.992286 0.00486211 0.119842
1311878338.011885  -2.68382 -0.108134  -4.30295 -0.0292088 0.993263 0.00665201 0.111945
1311878338.078662   -2.68004 -0.0956996   -4.30097 -0.0270995 0.993737 0.0048458 0.108303
1311878338.282305  -2.6877 -0.08763 -4.23686 -0.0259272 0.995276 0.00296913 0.0935089
1311878338.314443   -2.64357 -0.0534376    -4.2265 -0.0232607 0.996221 -0.000248903 0.0836778
1311878338.349277   -2.64668 -0.0500663   -4.22272 -0.0221651 0.996435 -6.03497e-05 0.0814019
1311878338.378539   -2.65303 -0.0504895   -4.22175 -0.0217684 0.996601 7.77691e-05 0.0794492
1311878338.450122   -2.62995 -0.0460386   -4.20595 -0.0203829 0.997015 -6.95793e-06 0.0744726
1311878338.582611   -2.59688 -0.0293856   -4.16428 -0.018866 0.998301 -0.00155007 0.0551135
1311878338.646406   -2.60007 -0.0314727   -4.13916 -0.0184729 0.998767 -0.000211856 0.0460803
1311878338.678544   -2.59074 -0.0073494   -4.13258 -0.0175212 0.999169 -0.00421901 0.0365487
1311878338.714149     -2.594 -0.0118089   -4.12495 -0.01693 0.999307 -0.00226621 0.033084
1311878338.949670   -2.5852 0.0578116  -4.06788 -0.0143875 0.999745 -0.0138208 -0.0105952
1311878339.081057  -2.53031 0.0900818  -4.05266 -0.0119514 0.999124 -0.0194711 -0.0350518
1311878339.149167 -2.49114 0.150702 -4.03443 -0.0106515 0.997969 -0.0247582 -0.0577205
1311878339.349123 -2.41665  0.21248 -4.01337 0.000887404 0.995193 -0.0239641 -0.0949494
1311878339.485873 -2.38175 0.315119 -4.02413 0.000348248 0.991007 -0.0414926 -0.127213
1311878339.616630 -2.36646 0.320584  -3.9717 0.000807497 0.988022 -0.0244102 -0.152367
1311878339.682783 -2.35956 0.322123   -3.953 0.0061376 0.98537 -0.027105 -0.16815
1311878339.748252 -2.35559  0.32213 -3.93272 0.0093816 0.98316 -0.0313044 -0.179802
1311878339.783980 -2.34511 0.332345  -3.9147 0.00835763 0.980387 -0.0378169 -0.193238
1311878339.848796 -2.34022 0.333698 -3.90845 0.0104171 0.979207 -0.039656 -0.198676
1311878340.084090 -2.31068 0.117148 -3.78699 0.0271374 0.980516 -0.0160073 -0.193894
1311878340.348348 -2.28678  0.13466  -3.7455 0.0314425 0.979938 -0.0198011 -0.195806
1311878340.585365 -2.27133 0.140017 -3.69804 0.0316837 0.977359 -0.020973 -0.20815
1311878340.615950 -2.26102 0.143547 -3.67503 0.0336531 0.976719 -0.0202238 -0.210897
1311878340.751085 -2.24922 0.155099 -3.65045 0.0354841 0.975426 -0.0207803 -0.216458
1311878340.781496 -2.25718 0.123584 -3.62462 0.0388247 0.97551 -0.0167504 -0.215855
1311878340.852005 -2.24598 0.132781 -3.61428 0.0371391 0.975048 -0.0183083 -0.2181
1311878340.882262 -2.23575 0.137422 -3.60097 0.0366956 0.974132 -0.0193715 -0.222138
1311878341.084024 -2.22409  0.15711 -3.56611 0.0366926 0.970581 -0.02036 -0.237088
1311878341.216076 -2.19831 0.165615 -3.54217 0.0370652 0.964817 -0.01886 -0.259611
1311878341.284573 -2.19221 0.169186 -3.53314 0.0383284 0.961184 -0.018331 -0.272616
1311878341.414857 -2.12984 0.169696 -3.48814 0.0411716 0.952984 -0.015097 -0.299829
1311878341.481508 -2.12174 0.168793 -3.47686 0.0433567 0.948759 -0.0153104 -0.312637
1311878341.615453 -2.09866 0.176317 -3.44683 0.045795 0.940048 -0.0152903 -0.337606
1311878341.683829 -2.07626 0.181585 -3.43191 0.0461811 0.935138 -0.0157035 -0.350909
1311878341.752315 -2.06482 0.186074 -3.42087 0.0467 0.93056 -0.0167158 -0.362764
1311878341.816517 -2.07889 0.249775 -3.41649 0.0409619 0.9261 -0.0200795 -0.37451
1311878341.920624 -2.04505 0.252027 -3.38833 0.0436635 0.919133 -0.0202379 -0.390997
1311878341.987546 -2.03925 0.257446 -3.38242 0.0440964 0.917561 -0.0219738 -0.394531
1311878342.017500 -2.02139 0.256613 -3.36743 0.0459817 0.914873 -0.0211735 -0.400556
1311878342.084032 -2.01053  0.25666 -3.35203 0.0465879 0.913755 -0.0209064 -0.403043
1311878342.352156 -1.94664 0.264235  -3.3026 0.0507622 0.906584 -0.0140959 -0.418724
1311878342.654101 -1.90146 0.288578 -3.24018 0.0486618 0.910098 -0.0276462 -0.410595
1311878342.719534 -1.88262 0.293613 -3.23179 0.0484686 0.910482 -0.0249128 -0.409942
1311878342.789951 -1.88214 0.288092 -3.21449 0.0505027 0.911792 -0.0243579 -0.406806
1311878342.884820 -1.86696 0.293921 -3.19729 0.0513194 0.913348 -0.0264106 -0.403069
1311878342.918620 -1.86875 0.297871 -3.19483 0.0517561 0.913637 -0.02656 -0.402347
1311878342.949418 -1.85968 0.297452 -3.18645 0.053248 0.91416 -0.0261499 -0.400988
1311878342.982671 -1.85479 0.297339 -3.17992 0.0523023 0.914926 -0.0260445 -0.39937
1311878343.052149 -1.86794 0.310449 -3.15763 0.052185 0.915414 -0.0280185 -0.398132
1311878343.081770 -1.85627 0.313535 -3.15105 0.0520642 0.915189 -0.0279428 -0.39867
1311878343.118618 -1.85233 0.310018 -3.14653 0.0520979 0.915187 -0.0277279 -0.398684
1311878343.149352 -1.84168 0.317963 -3.13585 0.0510582 0.915459 -0.0293685 -0.398077
1311878343.287903 -1.82167 0.322082 -3.11087 0.0463222 0.915491 -0.0343243 -0.398186
1311878343.352358 -1.85984 0.326376 -3.08183 0.0427383 0.917066 -0.0314614 -0.395189
1311878343.420020 -1.80917  0.28148 -3.06636 0.0589321 0.916575 -0.0186391 -0.395056
1311878343.517434 -1.84936 0.186038  -2.9768 0.0621925 0.913909 -0.0166668 -0.400781
1311878343.552241 -1.85714 0.146524 -2.93425 0.0709849 0.914182 -0.00835152 -0.398951
1311878343.586131 -1.84654 0.147049 -2.91985 0.0675872 0.913256 -0.00896643 -0.401641
1311878343.688152 -1.83311  0.15759 -2.89503 0.0661573 0.905969 -0.0150405 -0.417873
1311878343.752064 -1.80304  0.15384 -2.90289 0.0685462 0.898903 -0.0139109 -0.432529
1311878343.820388 -1.78511 0.147686 -2.89465 0.0711201 0.895938 -0.0115936 -0.438295
1311878343.918570 -1.76951 0.152004 -2.88139 0.0706067 0.88346 -0.0122098 -0.462996
1311878343.949091 -1.75395 0.151972 -2.88388 0.0719957 0.879035 -0.0121097 -0.471135
1311878343.987759  -1.7398 0.152806 -2.86653 0.0744426 0.876769 -0.0117266 -0.47497
1311878344.319251 -1.66892 0.157159 -2.82602 -0.0819816 -0.846602 0.00725019 0.525824
1311878344.555414 -1.61924 0.173593 -2.79469 -0.0853282 -0.821614 0.00967502 0.563538
1311878344.655047 -1.60117 0.165839 -2.77196 -0.0872751 -0.811353 0.00900988 0.577934
1311878344.754977 -1.56946 0.157249 -2.75842 -0.0927943 -0.799785 0.00573691 0.593043
1311878344.952981 -1.51758 0.172884 -2.72936 -0.0975036 -0.773012 0.00797904 0.626802
1311878344.984869 -1.52903 0.172226 -2.72043 -0.101058 -0.769874 0.00855271 0.630085
1311878345.016926 -1.51132 0.164072 -2.70582 -0.104544 -0.76595 0.00856989 0.634285
1311878345.086829 -1.49814 0.168327 -2.70627 -0.105261 -0.761493 0.00828602 0.639515
1311878345.152756 -1.46725 0.167231 -2.69797 -0.107416 -0.74915 0.00752957 0.65359
1311878345.222460   -1.449 0.169677 -2.69508 -0.107235 -0.740082 0.00865417 0.663856
1311878345.286666 -1.43747 0.175315 -2.69012 -0.108851 -0.731318 0.0106891 0.67321
1311878345.354724  -1.4003  0.16704 -2.68463 -0.108878 -0.725261 0.00819416 0.679761
1311878345.418796 -1.40009 0.171183 -2.68069 -0.110349 -0.717975 0.0111058 0.687177
1311878345.486704 -1.37625  0.17162 -2.65146 -0.110881 -0.712656 0.0112713 0.692603
1311878345.517209 -1.36233  0.17547 -2.65153 -0.110349 -0.703505 0.0120803 0.701967
1311878345.586884 -1.35014 0.176723 -2.64753 -0.111718 -0.699212 0.0113836 0.70604
1311878345.655709 -1.33163  0.17365 -2.64649 -0.11445 -0.689762 0.0107848 0.714852
1311878345.685548 -1.31018 0.176894 -2.64419 -0.116319 -0.68078 0.0123627 0.723087
1311878345.753440 -1.29919 0.178698 -2.64477 -0.116222 -0.67609 0.0127267 0.727483
1311878345.785296 -1.27533 0.172492  -2.6477 -0.115742 -0.666603 0.0112536 0.736286
1311878345.822795 -1.27522 0.185282 -2.65193 -0.11526 -0.661736 0.0141332 0.74069
1311878345.855031 -1.26064 0.168488 -2.65091 -0.11679 -0.656476 0.00909345 0.745196
1311878346.055690  -1.2295 0.185582 -2.65331 -0.119615 -0.63256 0.0111399 0.765138
1311878346.123541 -1.20794 0.177953 -2.65492 -0.12071 -0.623591 0.00950284 0.772316
1311878346.354765 -1.14693 0.185426 -2.66922 -0.12351 -0.586604 0.0113483 0.80032
1311878346.453456 -1.11043 0.193517 -2.67773 -0.127292 -0.567025 0.0108955 0.813733
1311878346.655591 -1.05883 0.178986 -2.69347 -0.127711 -0.538813 0.0070177 0.832659
1311878346.685493 -1.04073  0.15452 -2.70115 -0.134747 -0.526477 0.00271249 0.839439
1311878346.855995 -1.00032 0.172394 -2.72381 -0.137163 -0.499803 0.000807414 0.855209
1311878346.923327 -0.966216  0.177648  -2.72955 -0.137833 -0.497286 0.0032379 0.856562
1311878347.155208 -0.920108  0.180997  -2.75805 -0.131414 -0.458389 0.00849469 0.878941
1311878347.292864 -0.866254  0.169101  -2.79161 -0.136568 -0.432521 0.00727187 0.891191
1311878347.322574 -0.856712  0.174834  -2.79176 -0.13476 -0.429749 0.00740619 0.892805
1311878347.491901 -0.829455  0.165776  -2.81834 -0.137485 -0.412689 0.00480251 0.900423
1311878347.592363 -0.799519  0.156392  -2.84884 -0.139241 -0.405703 0.0050101 0.903322
1311878347.654982 -0.790523  0.161149  -2.85573 -0.137439 -0.405439 0.00652996 0.903707
1311878347.756439 -0.768835  0.153901   -2.8853 -0.138853 -0.405206 0.00541303 0.903603
1311878347.791970 -0.764493  0.149576  -2.89148 -0.140077 -0.405481 0.00474114 0.903295
1311878347.856986 -0.758367  0.143381  -2.90269 -0.14186 -0.406034 0.00451788 0.902769
1311878347.924808 -0.749298   0.14695  -2.90956 -0.140974 -0.411202 0.00543865 0.900561
1311878347.991304 -0.732474  0.140042  -2.92317 -0.142521 -0.418308 0.00502256 0.89704
1311878348.061144 -0.720063  0.142407  -2.94334 -0.140099 -0.425022 0.00680691 0.894249
1311878348.224972 -0.682567  0.132821  -2.97186 -0.140144 -0.453679 0.00707121 0.880048
1311878348.257453 -0.664994  0.136593  -2.98254 -0.138952 -0.466094 0.00987487 0.8737
1311878348.658642 -0.574974  0.117262   -3.0471 -0.134297 -0.514105 0.00995051 0.84709
1311878348.789267 -0.544551  0.109816   -3.0673 -0.133006 -0.512592 0.00726509 0.848237
1311878348.859304 -0.543378  0.111975  -3.06744 -0.132399 -0.512324 0.00755137 0.848491
1311878348.889943 -0.540215   0.10274  -3.07489 -0.133172 -0.510576 0.00528205 0.849441
1311878348.924339 -0.543893  0.122882  -3.05701 -0.129549 -0.511894 0.00996724 0.849166
1311878348.957383 -0.543826  0.121701  -3.05906 -0.132422 -0.512803 0.00958492 0.848178
1311878348.989862 -0.544163  0.114023  -3.06422 -0.135709 -0.512684 0.00665525 0.847758
1311878349.022403 -0.544388  0.110059  -3.06633 -0.137174 -0.512385 0.0053581 0.847712
1311878349.058167 -0.544307  0.107671  -3.06684 -0.137439 -0.512308 0.00483794 0.847719
1311878349.091840 -0.54603 0.110059 -3.06489 -0.136578 -0.512184 0.00499593 0.847932
1311878349.122333 -0.545179  0.111537   -3.0604 -0.136667 -0.512987 0.00515363 0.847431
1311878349.157612 -0.54739 0.106107 -3.06325 -0.137773 -0.511592 0.00375569 0.848102
1311878349.224465 -0.545597  0.112205  -3.06122 -0.135824 -0.512213 0.00490473 0.848036
1311878349.327086 -0.547957  0.113178  -3.06163 -0.135785 -0.511838 0.00548752 0.848266
